year,timestep,availability-wind,availability-solar,demand-demand,market_price
2030,1,0.735609,0.0,0.633142247,0.01
2030,2,0.776975,0.0,0.625239406,0.0
2030,3,0.787539,0.0,0.621110133,-0.01
2030,4,0.794758,0.0,0.619755039,-0.03
2030,5,0.782789,0.0,0.620001247,-0.02
2030,6,0.762861,0.0,0.627267696,-0.05
2030,7,0.718602,0.0,0.667477819,-0.02
2030,8,0.653032,0.0,0.696503136,0.0
2030,9,0.583706,0.0006277777777777777,0.71140067,0.04
2030,10,0.534889,0.015415555555555556,0.729660867,0.06
2030,11,0.501982,0.07399777777777776,0.736750915,0.54
2030,12,0.506043,0.16275444444444448,0.739042669,2.24
2030,13,0.532992,0.22994777777777778,0.741454763,1.97
2030,14,0.577054,0.24253777777777777,0.74258038,1.13
2030,15,0.641336,0.14406888888888889,0.752972447,3.19
2030,16,0.686543,0.009148888888888889,0.782099278,40.0
2030,17,0.683911,0.0,0.833902381,84.46
2030,18,0.662713,0.0,0.828120142,61.74
2030,19,0.639641,0.0,0.818257538,61.27
2030,20,0.636955,0.0,0.800526204,59.97
2030,21,0.648818,0.0,0.77298242,54.92
2030,22,0.660316,0.0,0.738981045,47.65
2030,23,0.661547,0.0,0.70905928,35.55
2030,24,0.647303,0.0,0.684379851,29.39
2030,25,0.632669,0.0,0.749919482,19.6
2030,26,0.617358,0.0,0.738849943,27.33
2030,27,0.60382,0.0,0.736714872,16.2
2030,28,0.581987,0.0,0.743376662,9.5
2030,29,0.563595,0.0,0.761402295,11.2
2030,30,0.565849,0.0,0.7523518,44.43
2030,31,0.565908,0.0,0.806920915,56.56
2030,32,0.55723,0.0,0.847383241,64.28
2030,33,0.533796,0.03038333333333333,0.867306839,66.12
2030,34,0.514162,0.08594222222222223,0.883778851,70.6
2030,35,0.511455,0.12544555555555556,0.886255817,78.8
2030,36,0.5230589999999999,0.15016555555555555,0.889334499,99.9
2030,37,0.53254,0.13716777777777775,0.904635102,102.5
2030,38,0.535796,0.10595444444444443,0.905407802,110.6
2030,39,0.549992,0.07030444444444443,0.903669765,105.7
2030,40,0.566225,0.0036144444444444444,0.936551557,100.7
2030,41,0.568792,0.0,0.976540663,118.93
2030,42,0.586964,0.0,0.950561724,81.3
2030,43,0.587284,0.0,0.925800565,70.1
2030,44,0.563593,0.0,0.88995798,66.7
2030,45,0.52763,0.0,0.848613981,54.9
2030,46,0.481837,0.0,0.804850056,53.18
2030,47,0.425959,0.0,0.758247668,54.9
2030,48,0.366656,0.0,0.730770138,-0.39
2030,49,0.317447,0.0,0.753784201,-1.61
2030,50,0.270502,0.0,0.739102973,-1.39
2030,51,0.2319,0.0,0.732690529,-1.31
2030,52,0.209931,0.0,0.73587,-1.39
2030,53,0.190603,0.0,0.751912534,-1.95
2030,54,0.171545,0.0,0.742694112,1.05
2030,55,0.151941,0.0,0.796501565,40.63
2030,56,0.137718,0.0,0.842496168,68.3
2030,57,0.129452,0.02753444444444444,0.864840158,75.9
2030,58,0.124083,0.08896222222222222,0.891171216,73.2
2030,59,0.117538,0.15837222222222222,0.90478724,69.2
2030,60,0.117821,0.17777666666666667,0.910778747,60.0
2030,61,0.12818,0.16102555555555553,0.92919017,58.86
2030,62,0.148472,0.10533777777777778,0.932406226,60.86
2030,63,0.164013,0.041645555555555554,0.928433157,76.0
2030,64,0.173313,0.00082,0.955230423,79.0
2030,65,0.178709,0.0,0.975688102,101.0
2030,66,0.178704,0.0,0.941068834,114.6
2030,67,0.174974,0.0,0.911640365,100.0
2030,68,0.172222,0.0,0.871831828,73.23
2030,69,0.172547,0.0,0.830329716,67.41
2030,70,0.188025,0.0,0.785443943,65.0
2030,71,0.225327,0.0,0.740545431,58.12
2030,72,0.29093,0.0,0.709942017,57.3
2030,73,0.388505,0.0,0.717647566,50.46
2030,74,0.502444,0.0,0.703094145,40.0
2030,75,0.607623,0.0,0.696555244,25.48
2030,76,0.689153,0.0,0.699594425,35.0
2030,77,0.744592,0.0,0.718023962,57.73
2030,78,0.780884,0.0,0.711562801,72.65
2030,79,0.802192,0.0,0.765803107,85.02
2030,80,0.825626,0.0,0.810718487,91.47
2030,81,0.845981,0.04672777777777778,0.828670256,94.2
2030,82,0.855851,0.1711777777777778,0.84515429,91.61
2030,83,0.865056,0.2848688888888889,0.849164172,90.03
2030,84,0.877228,0.33124333333333333,0.847807763,86.28
2030,85,0.88843,0.26852,0.871018478,85.96
2030,86,0.89352,0.16132777777777776,0.878092968,92.11
2030,87,0.89171,0.06276555555555555,0.880090663,98.62
2030,88,0.887039,0.0035744444444444443,0.909981083,104.45
2030,89,0.883745,0.0,0.927604577,130.21
2030,90,0.884985,0.0,0.898487612,140.67
2030,91,0.884943,0.0,0.870993046,123.1
2030,92,0.886472,0.0,0.831454459,101.65
2030,93,0.889799,0.0,0.785791736,96.77
2030,94,0.893357,0.0,0.739993801,93.04
2030,95,0.894336,0.0,0.692824641,88.61
2030,96,0.890976,0.0,0.6613894,86.08
2030,97,0.891636,0.0,0.662971777,80.51
2030,98,0.890867,0.0,0.646324666,77.01
2030,99,0.888686,0.0,0.639853974,72.88
2030,100,0.888699,0.0,0.643264645,72.12
2030,101,0.893336,0.0,0.661362049,74.52
2030,102,0.907894,0.0,0.652519818,80.11
2030,103,0.923834,0.0,0.706135869,87.17
2030,104,0.920971,0.0,0.752776148,89.78
2030,105,0.915752,0.03554222222222222,0.773072632,95.0
2030,106,0.903827,0.12334333333333333,0.793164835,96.29
2030,107,0.883776,0.2519,0.800423669,98.22
2030,108,0.871286,0.3841188888888889,0.798613771,92.29
2030,109,0.859906,0.4632288888888889,0.814697809,91.65
2030,110,0.847865,0.4268888888888889,0.818869759,96.5
2030,111,0.852753,0.2823122222222222,0.817343161,100.13
2030,112,0.884972,0.026392222222222223,0.840125665,103.03
2030,113,0.905455,0.0,0.872781044,107.43
2030,114,0.924313,0.0,0.846315124,108.47
2030,115,0.939684,0.0,0.816974821,104.0
2030,116,0.940805,0.0,0.778267644,100.13
2030,117,0.933098,0.0,0.738646274,94.21
2030,118,0.925548,0.0,0.703190645,94.92
2030,119,0.928721,0.0,0.665465542,86.8
2030,120,0.920242,0.0,0.638986432,82.25
2030,121,0.900767,0.0,0.627045872,80.2
2030,122,0.84953,0.0,0.611772348,76.13
2030,123,0.781887,0.0,0.604437862,73.01
2030,124,0.723476,0.0,0.60098729,73.01
2030,125,0.643221,0.0,0.600411516,74.59
2030,126,0.588424,0.0,0.607376391,75.1
2030,127,0.524516,0.0,0.649037407,81.39
2030,128,0.477521,0.0,0.692860391,88.4
2030,129,0.429088,0.014751111111111112,0.716417046,92.23
2030,130,0.34783,0.04270444444444444,0.718143017,97.3
2030,131,0.222532,0.04624888888888889,0.70337348,100.43
2030,132,0.137669,0.03759888888888888,0.69612658,99.16
2030,133,0.069727,0.01826222222222222,0.691229852,94.52
2030,134,0.02959,0.007676666666666666,0.694312884,92.45
2030,135,0.035257,0.00113,0.705029523,94.18
2030,136,0.04337,0.0,0.73164989,99.22
2030,137,0.039171,0.0,0.791896486,104.69
2030,138,0.078736,0.0,0.793996769,103.63
2030,139,0.225035,0.0,0.781065022,99.0
2030,140,0.269762,0.0,0.757674235,92.14
2030,141,0.266529,0.0,0.728185362,88.0
2030,142,0.310344,0.0,0.695517551,86.57
2030,143,0.332745,0.0,0.666250602,79.87
2030,144,0.310342,0.0,0.638516236,84.08
2030,145,0.233354,0.0,0.598428639,79.82
2030,146,0.120781,0.0,0.581747678,76.76
2030,147,0.035981,0.0,0.570534223,73.46
2030,148,0.011686,0.0,0.562574578,71.86
2030,149,0.046827,0.0,0.553462484,72.08
2030,150,0.155164,0.0,0.546736234,74.9
2030,151,0.330256,0.0,0.574560324,77.69
2030,152,0.506378,0.0,0.607309222,81.79
2030,153,0.607887,0.0005622222222222221,0.627941991,84.86
2030,154,0.651675,0.008262222222222223,0.636468366,87.14
2030,155,0.66393,0.01760888888888889,0.636054686,89.13
2030,156,0.65128,0.03391555555555555,0.640745303,88.66
2030,157,0.613362,0.04318888888888888,0.648768247,84.81
2030,158,0.616997,0.017743333333333333,0.648399505,84.34
2030,159,0.665566,0.003716666666666667,0.661909134,88.01
2030,160,0.760677,0.0,0.687271749,93.42
2030,161,0.81657,0.0,0.748925675,101.77
2030,162,0.836325,0.0,0.752212734,104.85
2030,163,0.82924,0.0,0.741958182,103.55
2030,164,0.828204,0.0,0.721597042,100.5
2030,165,0.857219,0.0,0.692491776,93.31
2030,166,0.858356,0.0,0.658115578,91.17
2030,167,0.865201,0.0,0.625926423,83.86
2030,168,0.840844,0.0,0.601965521,87.02
2030,169,0.800584,0.0,0.650087189,84.35
2030,170,0.827117,0.0,0.642385393,81.71
2030,171,0.848258,0.0,0.642754503,79.0
2030,172,0.85217,0.0,0.651565821,78.47
2030,173,0.884978,0.0,0.675310254,82.1
2030,174,0.925744,0.0,0.677924475,94.3
2030,175,0.957073,0.0,0.747797932,111.09
2030,176,0.986191,0.0,0.792773263,121.11
2030,177,0.988738,0.012229999999999998,0.805670556,117.83
2030,178,0.953928,0.04276666666666666,0.817852282,110.58
2030,179,0.946875,0.02971888888888889,0.820637642,103.0
2030,180,0.911658,0.05717555555555555,0.822019611,84.9
2030,181,0.966769,0.06300333333333334,0.839384699,89.56
2030,182,0.987516,0.05880333333333333,0.841391157,100.0
2030,183,0.987738,0.014486666666666667,0.840308841,107.98
2030,184,0.967898,0.0,0.869680707,116.39
2030,185,0.913895,0.0,0.891906394,129.15
2030,186,0.835268,0.0,0.864860021,125.08
2030,187,0.743814,0.0,0.840047601,111.9
2030,188,0.651125,0.0,0.802195656,100.1
2030,189,0.580503,0.0,0.758678321,91.0
2030,190,0.563726,0.0,0.713575992,92.0
2030,191,0.597043,0.0,0.670091595,91.49
2030,192,0.626856,0.0,0.643716699,80.95
2030,193,0.662685,0.0,0.669060552,79.98
2030,194,0.72648,0.0,0.655112749,85.0
2030,195,0.790684,0.0,0.649084047,83.42
2030,196,0.827734,0.0,0.652216774,80.57
2030,197,0.865989,0.0,0.67352954,85.8
2030,198,0.901243,0.0,0.675578087,83.9
2030,199,0.917047,0.0,0.744907902,91.12
2030,200,0.901491,0.0,0.789294993,125.7
2030,201,0.877671,0.1480122222222222,0.802869927,119.96
2030,202,0.847889,0.3217255555555556,0.822812659,98.0
2030,203,0.827481,0.5475577777777778,0.829652327,90.0
2030,204,0.820417,0.6093455555555555,0.834160275,78.8
2030,205,0.807328,0.5878599999999998,0.843229611,77.78
2030,206,0.782686,0.5153233333333332,0.836964241,85.0
2030,207,0.77308,0.3460877777777777,0.833837195,99.9
2030,208,0.790057,0.06434666666666666,0.862207303,112.67
2030,209,0.807313,0.0,0.896783907,135.69
2030,210,0.817463,0.0,0.875100593,129.25
2030,211,0.806528,0.0,0.851338594,126.3
2030,212,0.769064,0.0,0.813907662,108.82
2030,213,0.701621,0.0,0.768686724,93.66
2030,214,0.614697,0.0,0.72090487,84.9
2030,215,0.527632,0.0,0.673066615,88.0
2030,216,0.450334,0.0,0.643933679,75.54
2030,217,0.375133,0.0,0.665764247,86.76
2030,218,0.311871,0.0,0.652883456,86.73
2030,219,0.280275,0.0,0.648926846,81.22
2030,220,0.300224,0.0,0.653846437,80.48
2030,221,0.368274,0.0,0.676076254,77.9
2030,222,0.450342,0.0,0.678993395,79.3
2030,223,0.5144930000000001,0.0,0.74916934,96.0
2030,224,0.560959,0.0,0.795074044,132.52
2030,225,0.610848,0.027371111111111113,0.809289174,130.39
2030,226,0.665733,0.11307666666666667,0.819321919,111.21
2030,227,0.71986,0.3154522222222222,0.820486567,109.13
2030,228,0.765725,0.39352,0.822679641,89.1
2030,229,0.771405,0.3455733333333333,0.831974739,87.45
2030,230,0.769101,0.22430333333333333,0.830520586,84.9
2030,231,0.809604,0.09790444444444445,0.828337404,106.34
2030,232,0.838805,0.01492,0.856243168,127.94
2030,233,0.849588,0.0,0.878668009,143.79
2030,234,0.876033,0.0,0.847711964,140.0
2030,235,0.891572,0.0,0.818919567,132.15
2030,236,0.877614,0.0,0.78076392,120.0
2030,237,0.888726,0.0,0.736751661,97.3
2030,238,0.907026,0.0,0.691865895,91.3
2030,239,0.920228,0.0,0.646627643,82.31
2030,240,0.934863,0.0,0.617657957,91.75
2030,241,0.950052,0.0,0.634296905,88.59
2030,242,0.958095,0.0,0.62153144,87.25
2030,243,0.961425,0.0,0.61720638,82.38
2030,244,0.963279,0.0,0.622222069,81.2
2030,245,0.964214,0.0,0.645067648,79.6
2030,246,0.963086,0.0,0.64771051,90.0
2030,247,0.95787,0.0,0.716294512,116.87
2030,248,0.945143,0.0,0.759659471,141.0
2030,249,0.920128,0.0,0.772118277,129.16
2030,250,0.88205,0.008171111111111112,0.796662488,113.65
2030,251,0.815037,0.008334444444444445,0.807557399,106.48
2030,252,0.689181,0.01586777777777778,0.803078013,99.38
2030,253,0.550666,0.01616555555555555,0.810982669,99.0
2030,254,0.598648,0.01151,0.811407386,105.98
2030,255,0.719738,0.004756666666666666,0.807611248,117.31
2030,256,0.847507,0.0,0.830813064,132.62
2030,257,0.917212,0.0,0.858295479,147.06
2030,258,0.925444,0.0,0.834180479,136.7
2030,259,0.910769,0.0,0.810227595,132.31
2030,260,0.914609,0.0,0.772372855,117.88
2030,261,0.915028,0.0,0.726324519,107.19
2030,262,0.904014,0.0,0.682030411,100.0
2030,263,0.849504,0.0,0.638165722,81.0
2030,264,0.742512,0.0,0.61143043,82.12
2030,265,0.585154,0.0,0.661407025,80.63
2030,266,0.411294,0.0,0.649847944,83.13
2030,267,0.419217,0.0,0.647343615,77.29
2030,268,0.45524,0.0,0.652862743,78.0
2030,269,0.477526,0.0,0.676449431,79.18
2030,270,0.518907,0.0,0.679342484,81.32
2030,271,0.667287,0.0,0.74981947,118.2
2030,272,0.770944,0.0,0.795575831,140.74
2030,273,0.806343,0.0017766666666666664,0.810599333,134.96
2030,274,0.856938,0.011875555555555554,0.833241454,122.01
2030,275,0.897813,0.019724444444444444,0.844922074,114.73
2030,276,0.905455,0.012904444444444446,0.840480427,106.98
2030,277,0.859352,0.00558888888888889,0.848021274,103.08
2030,278,0.780658,0.005154444444444444,0.841053014,104.54
2030,279,0.824225,0.0019122222222222223,0.835048237,110.0
2030,280,0.855538,0.0,0.859103176,120.0
2030,281,0.861152,0.0,0.896735784,127.5
2030,282,0.816571,0.0,0.876489895,126.0
2030,283,0.752706,0.0,0.84703862,119.47
2030,284,0.727181,0.0,0.806129457,107.13
2030,285,0.663977,0.0,0.761305015,91.7
2030,286,0.608784,0.0,0.72124784,85.02
2030,287,0.596117,0.0,0.681558243,82.49
2030,288,0.640086,0.0,0.653339051,90.0
2030,289,0.671689,0.0,0.622078437,85.43
2030,290,0.656487,0.0,0.607185483,82.0
2030,291,0.635737,0.0,0.599258095,78.47
2030,292,0.678506,0.0,0.595410479,75.0
2030,293,0.738239,0.0,0.594885563,74.94
2030,294,0.806507,0.0,0.599645306,78.16
2030,295,0.857156,0.0,0.639308325,77.9
2030,296,0.839265,0.0,0.679058986,74.92
2030,297,0.869106,0.001791111111111111,0.701398156,85.4
2030,298,0.894364,0.009625555555555554,0.7133171,88.4
2030,299,0.94574,0.019356666666666664,0.711435236,86.1
2030,300,0.972571,0.05364888888888888,0.695265146,79.7
2030,301,0.975377,0.09263333333333335,0.686383349,80.82
2030,302,0.970381,0.08863222222222222,0.679461122,81.5
2030,303,0.964559,0.05542777777777778,0.683753896,87.0
2030,304,0.953275,0.004646666666666667,0.705335007,97.3
2030,305,0.923911,0.0,0.765934307,114.6
2030,306,0.891987,0.0,0.771472819,102.8
2030,307,0.869335,0.0,0.757166603,84.6
2030,308,0.859459,0.0,0.735773025,75.47
2030,309,0.85671,0.0,0.708675604,81.0
2030,310,0.815168,0.0,0.680807456,85.0
2030,311,0.799349,0.0,0.65509984,80.0
2030,312,0.831755,0.0,0.632549954,74.9
2030,313,0.881211,0.0,0.607191712,74.01
2030,314,0.923003,0.0,0.593707589,69.9
2030,315,0.939971,0.0,0.585990247,68.24
2030,316,0.948132,0.0,0.579742315,71.92
2030,317,0.963006,0.0,0.572203112,80.0
2030,318,0.965618,0.0,0.565778495,71.03
2030,319,0.982445,0.0,0.59391471,75.92
2030,320,0.984524,0.0,0.624194773,79.27
2030,321,0.983239,0.005822222222222222,0.635324431,93.0
2030,322,0.983408,0.02384333333333333,0.648341552,97.11
2030,323,0.964323,0.03274333333333333,0.648484225,87.2
2030,324,0.942709,0.03210333333333333,0.641234848,80.39
2030,325,0.932435,0.026727777777777777,0.636199523,77.04
2030,326,0.94691,0.021584444444444444,0.636680739,79.15
2030,327,0.942474,0.011353333333333333,0.648446056,82.32
2030,328,0.940812,0.0,0.676792199,86.62
2030,329,0.941251,0.0,0.740657212,91.86
2030,330,0.941438,0.0,0.744766331,94.9
2030,331,0.944043,0.0,0.73411809,85.0
2030,332,0.936932,0.0,0.713784812,79.06
2030,333,0.918323,0.0,0.685135704,78.6
2030,334,0.922145,0.0,0.651678724,75.39
2030,335,0.935499,0.0,0.620874137,67.19
2030,336,0.936817,0.0,0.597770104,67.9
2030,337,0.923446,0.0,0.628078914,65.0
2030,338,0.867813,0.0,0.618682676,63.94
2030,339,0.806316,0.0,0.616292521,62.04
2030,340,0.773568,0.0,0.621680262,62.04
2030,341,0.740971,0.0,0.644358142,69.25
2030,342,0.767199,0.0,0.64555409,80.18
2030,343,0.852204,0.0,0.714950159,84.4
2030,344,0.92504,0.0,0.757596745,99.34
2030,345,0.946928,0.007222222222222223,0.771902001,100.3
2030,346,0.961097,0.046504444444444445,0.789149428,94.89
2030,347,0.980952,0.09301444444444443,0.806341496,90.2
2030,348,0.988275,0.11641777777777776,0.822958147,81.18
2030,349,0.989113,0.07630666666666668,0.847405269,82.2
2030,350,0.988416,0.047032222222222225,0.850285191,84.6
2030,351,0.987536,0.019272222222222225,0.84405767,89.57
2030,352,0.988624,0.00034777777777777774,0.866286456,97.62
2030,353,0.988895,0.0,0.873486636,106.51
2030,354,0.989105,0.0,0.839851206,112.81
2030,355,0.989113,0.0,0.813472949,105.13
2030,356,0.989088,0.0,0.774585369,94.4
2030,357,0.988957,0.0,0.732630638,79.04
2030,358,0.98883,0.0,0.688843418,77.76
2030,359,0.988116,0.0,0.643282818,78.5
2030,360,0.986821,0.0,0.614409138,68.0
2030,361,0.983993,0.0,0.645075982,76.51
2030,362,0.979625,0.0,0.632653966,77.43
2030,363,0.979822,0.0,0.629869263,76.82
2030,364,0.978551,0.0,0.636881116,73.05
2030,365,0.977906,0.0,0.661239097,72.61
2030,366,0.976392,0.0,0.664470489,92.4
2030,367,0.964531,0.0,0.735108965,115.8
2030,368,0.972551,0.0,0.778321958,144.11
2030,369,0.977636,0.07706777777777778,0.794355487,138.6
2030,370,0.985258,0.15244888888888886,0.801780386,122.0
2030,371,0.98622,0.2374277777777778,0.799311612,110.0
2030,372,0.984651,0.412431111111111,0.799701986,88.0
2030,373,0.982885,0.5027111111111111,0.817756915,88.1
2030,374,0.981725,0.47508111111111107,0.823075201,84.0
2030,375,0.976705,0.3225433333333333,0.82489442,110.29
2030,376,0.977194,0.0796488888888889,0.850087224,111.69
2030,377,0.965648,0.0,0.877435789,128.3
2030,378,0.958999,0.0,0.860152375,122.1
2030,379,0.958234,0.0,0.837656599,102.0
2030,380,0.951272,0.0,0.801289583,89.97
2030,381,0.937236,0.0,0.758106271,84.0
2030,382,0.936947,0.0,0.715980376,82.21
2030,383,0.916051,0.0,0.67433038,75.2
2030,384,0.88921,0.0,0.648320132,71.8
2030,385,0.893867,0.0,0.684697809,71.65
2030,386,0.86861,0.0,0.677107949,70.73
2030,387,0.827183,0.0,0.674595377,69.79
2030,388,0.750099,0.0,0.680058744,69.54
2030,389,0.63257,0.0,0.701030494,71.31
2030,390,0.527899,0.0,0.700695027,75.57
2030,391,0.409806,0.0,0.769633515,84.94
2030,392,0.344429,0.0,0.810037003,96.74
2030,393,0.363371,0.00030333333333333335,0.822674777,106.18
2030,394,0.431521,0.005008888888888889,0.83185288,110.33
2030,395,0.543322,0.009565555555555555,0.833729482,111.1
2030,396,0.655587,0.012483333333333332,0.836117731,113.74
2030,397,0.704661,0.023288888888888887,0.856487727,116.73
2030,398,0.699321,0.031146666666666663,0.860237649,118.0
2030,399,0.695043,0.010156666666666666,0.853023077,122.62
2030,400,0.767607,0.0,0.877739035,126.55
2030,401,0.786674,0.0,0.894918683,136.91
2030,402,0.665546,0.0,0.866008838,122.51
2030,403,0.509075,0.0,0.836649457,113.1
2030,404,0.410915,0.0,0.795238762,99.16
2030,405,0.365009,0.0,0.749137042,93.73
2030,406,0.281333,0.0,0.70240711,89.1
2030,407,0.19333,0.0,0.658764192,83.21
2030,408,0.137196,0.0,0.632365858,80.3
2030,409,0.095535,0.0,0.644953596,76.99
2030,410,0.070863,0.0,0.632545937,74.67
2030,411,0.05992,0.0,0.626935196,74.18
2030,412,0.055683,0.0,0.630951148,76.09
2030,413,0.068714,0.0,0.653010876,77.6
2030,414,0.079321,0.0,0.654998815,89.09
2030,415,0.070765,0.0,0.724617049,109.23
2030,416,0.050119,0.0,0.767742245,121.98
2030,417,0.038411,0.0017755555555555558,0.783321198,118.26
2030,418,0.054971,0.011649999999999999,0.794192799,110.4
2030,419,0.106216,0.033424444444444444,0.800011218,80.0
2030,420,0.202386,0.08670333333333333,0.802382668,83.95
2030,421,0.336216,0.13716888888888887,0.821450803,70.64
2030,422,0.45405,0.11386,0.83076299,86.61
2030,423,0.530843,0.053718888888888885,0.835990436,85.8
2030,424,0.571024,0.005708888888888889,0.861201624,98.68
2030,425,0.578003,0.0,0.873482568,103.75
2030,426,0.56705,0.0,0.841343748,103.35
2030,427,0.579713,0.0,0.812847174,87.85
2030,428,0.58863,0.0,0.770806891,81.0
2030,429,0.594375,0.0,0.723239142,83.14
2030,430,0.618164,0.0,0.678423136,76.63
2030,431,0.630127,0.0,0.633603493,73.61
2030,432,0.619327,0.0,0.605411963,69.14
2030,433,0.589673,0.0,0.62219293,66.26
2030,434,0.5564,0.0,0.608965623,63.0
2030,435,0.545427,0.0,0.604451567,62.76
2030,436,0.5203819999999999,0.0,0.608916316,63.32
2030,437,0.47997,0.0,0.630410339,66.9
2030,438,0.453451,0.0,0.630842372,76.49
2030,439,0.45758,0.0,0.700980749,86.0
2030,440,0.479305,0.0006833333333333333,0.747485526,104.27
2030,441,0.503897,0.12181333333333333,0.76569694,99.91
2030,442,0.493846,0.13811111111111113,0.791746853,87.53
2030,443,0.488989,0.10947999999999998,0.80396112,84.0
2030,444,0.49314,0.09835333333333333,0.807959728,72.21
2030,445,0.5031,0.07267666666666667,0.822869575,73.36
2030,446,0.530319,0.04325111111111112,0.819174921,75.22
2030,447,0.590582,0.016134444444444444,0.808329974,73.04
2030,448,0.665067,0.00014888888888888891,0.831545693,84.9
2030,449,0.713076,0.0,0.843515416,93.75
2030,450,0.726042,0.0,0.815412665,87.9
2030,451,0.714409,0.0,0.787234221,74.9
2030,452,0.689166,0.0,0.747151107,72.95
2030,453,0.672769,0.0,0.703676513,71.12
2030,454,0.675814,0.0,0.664607536,68.64
2030,455,0.676645,0.0,0.624171857,64.75
2030,456,0.67978,0.0,0.595134939,66.0
2030,457,0.703309,0.0,0.558115011,67.51
2030,458,0.725901,0.0,0.542628921,63.54
2030,459,0.721775,0.0,0.533997228,61.82
2030,460,0.708969,0.0,0.52961521,61.85
2030,461,0.731133,0.0,0.529560171,61.75
2030,462,0.734606,0.0,0.536860156,62.59
2030,463,0.729595,0.0,0.578385519,66.9
2030,464,0.706809,0.011508888888888888,0.620059869,74.82
2030,465,0.668276,0.39655444444444443,0.646517964,77.9
2030,466,0.622402,0.5950377777777778,0.663013419,71.8
2030,467,0.627643,0.65735,0.665310574,69.6
2030,468,0.593551,0.6614422222222222,0.661126292,64.89
2030,469,0.57622,0.6397166666666667,0.658990087,66.9
2030,470,0.577964,0.57953,0.660050995,73.37
2030,471,0.578013,0.4266877777777778,0.664955237,79.14
2030,472,0.598673,0.1355555555555555,0.681931601,87.86
2030,473,0.600538,0.0,0.717401231,94.98
2030,474,0.561348,0.0,0.713940749,99.89
2030,475,0.502184,0.0,0.697337048,91.57
2030,476,0.438126,0.0,0.673694817,80.0
2030,477,0.376625,0.0,0.644380625,75.72
2030,478,0.325492,0.0,0.614540119,70.42
2030,479,0.283043,0.0,0.586814244,69.13
2030,480,0.236232,0.0,0.562647047,62.5
2030,481,0.185799,0.0,0.550576454,57.0
2030,482,0.147937,0.0,0.537147897,55.15
2030,483,0.120778,0.0,0.530049221,50.89
2030,484,0.10701,0.0,0.525433815,48.31
2030,485,0.105131,0.0,0.520140324,46.94
2030,486,0.115678,0.0,0.516848517,45.0
2030,487,0.111626,0.0,0.547974993,42.17
2030,488,0.113541,0.0003388888888888889,0.579755715,51.0
2030,489,0.122971,0.0699411111111111,0.604304051,60.0
2030,490,0.144839,0.16180111111111115,0.625452925,59.09
2030,491,0.150878,0.2572433333333333,0.632750121,56.24
2030,492,0.161806,0.3074377777777778,0.63477056,59.9
2030,493,0.178699,0.26258,0.636275569,52.74
2030,494,0.199987,0.16650777777777775,0.63525407,55.84
2030,495,0.246048,0.07620555555555555,0.64465292,57.21
2030,496,0.312839,0.011788888888888889,0.671028145,55.53
2030,497,0.399164,0.0,0.722963238,68.79
2030,498,0.467455,0.0,0.725684384,82.0
2030,499,0.501984,0.0,0.713280189,64.0
2030,500,0.539699,0.0,0.690210666,60.2
2030,501,0.553454,0.0,0.659735053,57.0
2030,502,0.567133,0.0,0.625023163,54.26
2030,503,0.586824,0.0,0.594182046,53.27
2030,504,0.594811,0.0,0.572853556,44.08
2030,505,0.636668,0.0,0.644115649,49.99
2030,506,0.689158,0.0,0.642694075,45.0
2030,507,0.727071,0.0,0.64972811,27.92
2030,508,0.735959,0.0,0.661425704,18.0
2030,509,0.749243,0.0,0.686729898,20.5
2030,510,0.760221,0.0,0.690862697,42.27
2030,511,0.755459,0.0,0.763297944,68.5
2030,512,0.747173,0.0,0.80805203,130.0
2030,513,0.749205,0.01773777777777778,0.823626885,89.6
2030,514,0.74288,0.08499555555555556,0.819624529,74.34
2030,515,0.705899,0.17504999999999998,0.812830319,60.6
2030,516,0.632669,0.23154111111111111,0.808048785,57.01
2030,517,0.576085,0.27890333333333334,0.827578504,56.52
2030,518,0.563594,0.20973555555555556,0.828543287,58.55
2030,519,0.55037,0.1066411111111111,0.827875686,60.47
2030,520,0.560961,0.010437777777777778,0.853406211,67.0
2030,521,0.623108,0.0,0.891660973,88.77
2030,522,0.686169,0.0,0.887245204,110.3
2030,523,0.676442,0.0,0.868004917,98.1
2030,524,0.636252,0.0,0.83379876,67.43
2030,525,0.598665,0.0,0.791385266,64.41
2030,526,0.601239,0.0,0.7472782,56.22
2030,527,0.595634,0.0,0.701617123,50.35
2030,528,0.598628,0.0,0.673199801,16.84
2030,529,0.56277,0.0,0.692386151,10.99
2030,530,0.555392,0.0,0.678484656,10.0
2030,531,0.593549,0.0,0.672207078,5.0
2030,532,0.648737,0.0,0.674120728,10.84
2030,533,0.680558,0.0,0.693145933,39.51
2030,534,0.70948,0.0,0.692791407,61.51
2030,535,0.724267,0.0,0.763154907,88.25
2030,536,0.704677,0.0,0.805247126,115.8
2030,537,0.686915,0.012436666666666665,0.821200482,96.68
2030,538,0.714418,0.03416222222222222,0.842438881,80.9
2030,539,0.735185,0.06894888888888889,0.853288142,65.0
2030,540,0.748234,0.10711,0.857024817,64.13
2030,541,0.796991,0.10317333333333331,0.869703031,63.36
2030,542,0.812441,0.06296888888888888,0.864591999,70.02
2030,543,0.849527,0.03156777777777778,0.849161522,74.3
2030,544,0.85567,0.0033666666666666662,0.864655322,77.19
2030,545,0.87841,0.0,0.879122063,81.81
2030,546,0.87322,0.0,0.854976613,84.89
2030,547,0.852224,0.0,0.826888085,75.35
2030,548,0.829866,0.0,0.787509557,65.0
2030,549,0.798191,0.0,0.74173565,63.2
2030,550,0.782491,0.0,0.694960029,53.4
2030,551,0.767245,0.0,0.649156924,35.0
2030,552,0.766385,0.0,0.621694382,4.85
2030,553,0.77282,0.0,0.640108567,2.12
2030,554,0.756496,0.0,0.627753268,0.0
2030,555,0.782505,0.0,0.623718276,-3.89
2030,556,0.794727,0.0,0.628451731,-5.0
2030,557,0.78065,0.0,0.649837262,0.0
2030,558,0.775627,0.0,0.65217681,16.65
2030,559,0.751899,0.0,0.72354338,67.5
2030,560,0.735183,0.0,0.767582744,95.0
2030,561,0.697017,0.018419999999999995,0.784602822,93.33
2030,562,0.650038,0.06257333333333334,0.802260924,68.0
2030,563,0.603123,0.12294555555555556,0.815354064,52.21
2030,564,0.601229,0.21194888888888883,0.821417678,39.32
2030,565,0.595038,0.2514377777777778,0.840080864,38.3
2030,566,0.598668,0.2087611111111111,0.843494274,46.5
2030,567,0.593555,0.09445222222222224,0.839257759,68.43
2030,568,0.59867,0.015772222222222222,0.863535846,80.0
2030,569,0.578807,0.0,0.874744161,98.0
2030,570,0.572787,0.0,0.852881488,92.72
2030,571,0.575399,0.0,0.82967948,100.1
2030,572,0.601237,0.0,0.793809464,84.0
2030,573,0.659038,0.0,0.75237079,81.99
2030,574,0.700132,0.0,0.708622036,71.8
2030,575,0.767379,0.0,0.666835449,81.8
2030,576,0.803709,0.0,0.641748276,64.9
2030,577,0.842368,0.0,0.681299348,56.1
2030,578,0.874958,0.0,0.672004087,67.2
2030,579,0.89528,0.0,0.66739931,75.0
2030,580,0.907541,0.0,0.673602888,75.31
2030,581,0.897989,0.0,0.693948384,75.9
2030,582,0.892122,0.0,0.696075609,78.58
2030,583,0.887843,0.0,0.766097021,92.1
2030,584,0.890201,0.0,0.809687733,103.02
2030,585,0.864781,0.019328888888888892,0.823659459,94.0
2030,586,0.822165,0.07539888888888888,0.819275285,83.96
2030,587,0.770932,0.17510999999999996,0.813018696,78.66
2030,588,0.738817,0.2471177777777778,0.808939551,74.95
2030,589,0.697175,0.24334666666666666,0.823507146,76.55
2030,590,0.619484,0.1632722222222222,0.82514241,84.22
2030,591,0.538704,0.0995788888888889,0.822787863,88.61
2030,592,0.494193,0.016195555555555553,0.844548088,96.98
2030,593,0.450354,0.0,0.871309586,116.0
2030,594,0.401753,0.0,0.861589907,112.4
2030,595,0.323972,0.0,0.836300364,98.53
2030,596,0.21508,0.0,0.796076001,79.91
2030,597,0.134248,0.0,0.749176081,84.28
2030,598,0.085489,0.0,0.703745159,79.4
2030,599,0.060923,0.0,0.660754079,74.17
2030,600,0.042878,0.0,0.633752739,62.8
2030,601,0.037901,0.0,0.652541911,62.0
2030,602,0.031363,0.0,0.641131194,58.49
2030,603,0.032904,0.0,0.637787526,54.79
2030,604,0.023089,0.0,0.642774511,47.4
2030,605,0.013481,0.0,0.663826372,50.87
2030,606,0.015589,0.0,0.664469269,58.15
2030,607,0.031294,0.0,0.736223678,71.98
2030,608,0.053751,0.0,0.781830779,77.45
2030,609,0.08282,0.020394444444444444,0.799351454,80.1
2030,610,0.117435,0.08525555555555557,0.8004748,71.34
2030,611,0.155241,0.1387877777777778,0.791098322,58.94
2030,612,0.213646,0.27514666666666665,0.784279482,52.08
2030,613,0.339096,0.3031177777777777,0.800649816,46.3
2030,614,0.503392,0.2875877777777777,0.803063313,50.0
2030,615,0.632756,0.1658277777777778,0.799344757,51.17
2030,616,0.706858,0.039322222222222224,0.824101617,75.0
2030,617,0.742064,0.0,0.853503846,95.0
2030,618,0.738216,0.0,0.83938562,135.57
2030,619,0.70901,0.0,0.810605083,111.12
2030,620,0.680009,0.0,0.769516876,95.8
2030,621,0.655582,0.0,0.725033041,82.0
2030,622,0.632714,0.0,0.684963484,84.2
2030,623,0.605042,0.0,0.644707983,79.36
2030,624,0.579114,0.0,0.617238273,74.5
2030,625,0.580304,0.0,0.582649405,68.9
2030,626,0.59355,0.0,0.568660738,65.9
2030,627,0.605041,0.0,0.562203666,59.0
2030,628,0.612396,0.0,0.558879924,56.49
2030,629,0.622103,0.0,0.559264994,58.58
2030,630,0.647103,0.0,0.566629561,59.98
2030,631,0.673689,0.0,0.60939307,66.9
2030,632,0.696256,0.015694444444444445,0.651209738,86.76
2030,633,0.705986,0.1855688888888889,0.67719115,86.2
2030,634,0.710799,0.38658555555555557,0.675846673,80.17
2030,635,0.706873,0.6109666666666668,0.665951057,60.33
2030,636,0.670757,0.6344111111111111,0.650122729,55.84
2030,637,0.630121,0.6217455555555556,0.645616448,53.88
2030,638,0.602688,0.6161666666666666,0.649298534,59.73
2030,639,0.607764,0.49969111111111103,0.659626458,78.2
2030,640,0.655215,0.2028988888888889,0.67725998,82.4
2030,641,0.705983,0.0,0.726587929,91.22
2030,642,0.721767,0.0,0.739297259,95.97
2030,643,0.720566,0.0,0.723117132,92.62
2030,644,0.714412,0.0,0.69926212,84.43
2030,645,0.701509,0.0,0.669790721,75.96
2030,646,0.689182,0.0,0.639585632,75.97
2030,647,0.678976,0.0,0.612832285,72.7
2030,648,0.672351,0.0,0.588777414,66.77
2030,649,0.666794,0.0,0.570494582,60.7
2030,650,0.647238,0.0,0.558132476,59.1
2030,651,0.632769,0.0,0.552004526,58.89
2030,652,0.625167,0.0,0.547096556,59.97
2030,653,0.627635,0.0,0.540569845,62.41
2030,654,0.637259,0.0,0.536433224,59.32
2030,655,0.645976,0.0,0.56835407,58.98
2030,656,0.6547,0.08947,0.599984548,59.2
2030,657,0.649076,0.6087233333333334,0.625622019,55.22
2030,658,0.638304,0.7246677777777779,0.635312775,51.35
2030,659,0.62931,0.7538611111111112,0.640920203,45.51
2030,660,0.602693,0.7414688888888888,0.634622632,41.24
2030,661,0.586544,0.7136566666666667,0.633812192,40.25
2030,662,0.589982,0.6601955555555555,0.63062964,49.71
2030,663,0.601229,0.5264722222222221,0.645815913,54.9
2030,664,0.636266,0.20634111111111111,0.672410975,66.29
2030,665,0.681692,0.0,0.724455484,76.42
2030,666,0.704697,0.0,0.735543678,74.7
2030,667,0.699257,0.0,0.725342516,70.16
2030,668,0.671375,0.0,0.705365529,68.61
2030,669,0.619786,0.0,0.677009807,57.57
2030,670,0.549071,0.0,0.642313079,59.66
2030,671,0.456797,0.0,0.611124326,56.0
2030,672,0.351618,0.0,0.589349008,49.97
2030,673,0.26406,0.0,0.642058299,47.26
2030,674,0.205652,0.0,0.634449307,48.12
2030,675,0.172183,0.0,0.633718146,47.97
2030,676,0.169824,0.0,0.6406994,51.58
2030,677,0.196919,0.0,0.66349966,60.06
2030,678,0.247264,0.0,0.667110971,80.15
2030,679,0.301852,0.0,0.740802173,92.69
2030,680,0.344225,0.036561111111111114,0.784827116,99.2
2030,681,0.350759,0.31235222222222225,0.803637771,88.39
2030,682,0.328229,0.5476722222222222,0.817478844,78.9
2030,683,0.289286,0.6638611111111111,0.822787896,71.27
2030,684,0.269772,0.6999377777777777,0.827994484,70.24
2030,685,0.310493,0.6854588888888888,0.844544328,74.87
2030,686,0.416534,0.6302222222222222,0.846602347,81.99
2030,687,0.524406,0.4904555555555556,0.843928865,95.67
2030,688,0.589493,0.1842666666666667,0.864505792,104.79
2030,689,0.630097,0.0,0.884304993,120.2
2030,690,0.655846,0.0,0.864834929,115.92
2030,691,0.689197,0.0,0.838795405,107.52
2030,692,0.714405,0.0,0.800353507,90.95
2030,693,0.704651,0.0,0.756053495,85.66
2030,694,0.681909,0.0,0.710390793,83.25
2030,695,0.636273,0.0,0.667921114,80.29
2030,696,0.585457,0.0,0.64185794,71.94
2030,697,0.533839,0.0,0.67891493,68.76
2030,698,0.48886,0.0,0.668149164,69.37
2030,699,0.462462,0.0,0.665132337,67.09
2030,700,0.474802,0.0,0.670856727,66.63
2030,701,0.484334,0.0,0.693271285,69.37
2030,702,0.474819,0.0,0.695909458,78.61
2030,703,0.459865,0.0,0.767377467,90.77
2030,704,0.416177,0.04173666666666667,0.811083117,95.94
2030,705,0.344177,0.30463444444444443,0.831441459,84.93
2030,706,0.288534,0.42901888888888895,0.851827537,77.15
2030,707,0.256729,0.4641622222222222,0.857291286,70.1
2030,708,0.2253,0.5163377777777778,0.858846372,68.1
2030,709,0.210372,0.5930233333333332,0.866681428,68.23
2030,710,0.211679,0.5717744444444444,0.860351552,71.93
2030,711,0.226323,0.42924444444444443,0.851252683,78.6
2030,712,0.252864,0.1547611111111111,0.867246876,81.97
2030,713,0.26175400000000004,0.0,0.889843173,88.36
2030,714,0.246124,0.0,0.888816692,99.38
2030,715,0.209926,0.0,0.866687533,110.41
2030,716,0.162806,0.0,0.832115253,89.9
2030,717,0.117296,0.0,0.789445749,80.12
2030,718,0.085043,0.0,0.74480577,82.45
2030,719,0.067044,0.0,0.701253254,77.3
2030,720,0.053197,0.0,0.67507842,78.9
2030,721,0.042586,0.0,0.704142585,74.03
2030,722,0.038155,0.0,0.692431911,70.89
2030,723,0.043749,0.0,0.689935476,69.82
2030,724,0.063133,0.0,0.694407632,69.17
2030,725,0.079457,0.0,0.715652823,73.86
2030,726,0.073915,0.0,0.718178599,84.77
2030,727,0.055646,0.0,0.789370885,105.17
2030,728,0.040667,0.03198222222222222,0.833349344,120.0
2030,729,0.025497,0.22298222222222222,0.847069295,93.53
2030,730,0.012336,0.35425888888888896,0.852701833,82.98
2030,731,0.007224,0.4260455555555555,0.852869663,77.09
2030,732,0.005718,0.46265555555555554,0.86475614,74.91
2030,733,0.004189,0.49036,0.889183806,67.5
2030,734,0.002699,0.4951288888888889,0.890868186,66.8
2030,735,0.002866,0.38410888888888883,0.875335352,73.94
2030,736,0.005925,0.14109555555555556,0.891272696,78.55
2030,737,0.011551,0.0,0.905853374,85.65
2030,738,0.030093,0.0,0.881860319,85.5
2030,739,0.066208,0.0,0.854104704,69.2
2030,740,0.109972,0.0,0.813775879,62.78
2030,741,0.162059,0.0,0.768163736,58.18
2030,742,0.211809,0.0,0.721958,54.0
2030,743,0.254279,0.0,0.677383841,40.57
2030,744,0.288539,0.0,0.649084455,48.0
2030,745,0.313295,0.0,0.671713862,42.37
2030,746,0.341885,0.0,0.659565915,43.04
2030,747,0.398206,0.0,0.655510414,43.94
2030,748,0.475226,0.0,0.659653237,47.63
2030,749,0.553027,0.0,0.680119071,56.06
2030,750,0.617286,0.0,0.68248973,69.2
2030,751,0.662682,0.0,0.749669582,86.37
2030,752,0.69168,0.005667777777777777,0.788083395,99.76
2030,753,0.709893,0.04792333333333333,0.813822308,92.77
2030,754,0.714497,0.08922555555555556,0.816005591,83.71
2030,755,0.70951,0.12221555555555555,0.815175404,75.5
2030,756,0.720127,0.13847333333333334,0.814824663,67.6
2030,757,0.728079,0.10206222222222222,0.834007261,57.26
2030,758,0.73951,0.04081111111111111,0.839108632,71.2
2030,759,0.738265,0.008453333333333334,0.83471756,87.5
2030,760,0.742836,0.0,0.854847944,84.0
2030,761,0.721995,0.0,0.875339983,112.62
2030,762,0.616719,0.0,0.881975099,113.0
2030,763,0.5182100000000001,0.0,0.858944397,98.03
2030,764,0.486173,0.0,0.819634554,90.81
2030,765,0.479046,0.0,0.774724646,83.34
2030,766,0.482482,0.0,0.731847093,81.91
2030,767,0.480259,0.0,0.69000615,73.42
2030,768,0.473346,0.0,0.66433674,64.32
2030,769,0.447835,0.0,0.708183848,59.95
2030,770,0.425991,0.0,0.697624872,58.0
2030,771,0.468499,0.0,0.693454481,54.69
2030,772,0.533285,0.0,0.696429977,53.14
2030,773,0.592126,0.0,0.71589557,55.13
2030,774,0.670929,0.0,0.718290803,66.49
2030,775,0.731762,0.0,0.788351613,77.91
2030,776,0.765847,0.0,0.827677844,89.61
2030,777,0.798319,0.007424444444444445,0.854699868,86.21
2030,778,0.818788,0.019505555555555557,0.859666487,80.8
2030,779,0.834207,0.04262444444444445,0.855604392,75.17
2030,780,0.858192,0.06109,0.851024405,64.89
2030,781,0.886046,0.05179222222222222,0.859645839,62.56
2030,782,0.910286,0.036493333333333336,0.859723989,63.7
2030,783,0.931231,0.018372222222222224,0.850981276,67.7
2030,784,0.95143,0.0022088888888888887,0.872582245,80.0
2030,785,0.962899,0.0,0.893057751,88.47
2030,786,0.96827,0.0,0.901030758,99.97
2030,787,0.971374,0.0,0.87313048,82.0
2030,788,0.969789,0.0,0.831943566,73.3
2030,789,0.971371,0.0,0.786145041,70.0
2030,790,0.974578,0.0,0.746008463,63.15
2030,791,0.977897,0.0,0.703643673,54.84
2030,792,0.972811,0.0,0.675138055,49.68
2030,793,0.966377,0.0,0.64055009,43.08
2030,794,0.944525,0.0,0.627920121,34.9
2030,795,0.922799,0.0,0.622331093,14.0
2030,796,0.88811,0.0,0.620487704,10.98
2030,797,0.827992,0.0,0.621130722,11.4
2030,798,0.752283,0.0,0.630741682,16.48
2030,799,0.6869,0.0,0.673395903,36.43
2030,800,0.636855,0.002591111111111111,0.709799439,46.91
2030,801,0.621216,0.027215555555555555,0.741864257,67.48
2030,802,0.625629,0.06456555555555556,0.735458537,66.0
2030,803,0.667796,0.11860777777777776,0.723088357,58.02
2030,804,0.697548,0.19112,0.710817061,51.0
2030,805,0.693465,0.15984,0.704011308,47.9
2030,806,0.676617,0.24032444444444445,0.702415533,42.53
2030,807,0.680767,0.29662555555555564,0.708027846,44.71
2030,808,0.74318,0.11075888888888889,0.725640658,50.58
2030,809,0.813685,0.0,0.767690723,67.4
2030,810,0.852911,0.0,0.797052479,106.0
2030,811,0.89187,0.0,0.781271288,96.0
2030,812,0.928565,0.0,0.757403219,72.45
2030,813,0.960054,0.0,0.725837668,63.1
2030,814,0.981806,0.0,0.694638634,51.41
2030,815,0.989087,0.0,0.665073398,40.0
2030,816,0.985866,0.0,0.63869876,42.5
2030,817,0.96307,0.0,0.599826039,32.22
2030,818,0.943591,0.0,0.585279438,6.9
2030,819,0.948506,0.0,0.576112968,0.72
2030,820,0.938491,0.0,0.56876568,0.0
2030,821,0.95969,0.0,0.560449689,0.0
2030,822,0.967379,0.0,0.557022959,0.0
2030,823,0.971506,0.0,0.584289803,4.4
2030,824,0.975326,0.0,0.607849469,11.88
2030,825,0.984839,0.0076255555555555556,0.641319677,27.5
2030,826,0.985629,0.026178888888888887,0.659035219,40.0
2030,827,0.981161,0.06015555555555555,0.664376451,26.67
2030,828,0.972305,0.059436666666666665,0.663273972,19.79
2030,829,0.965746,0.0680211111111111,0.657721507,5.07
2030,830,0.930252,0.02359333333333333,0.648804036,14.0
2030,831,0.899858,0.019598888888888888,0.655213445,31.68
2030,832,0.888499,0.003927777777777778,0.678082946,41.2
2030,833,0.883235,0.0,0.728045176,63.5
2030,834,0.893124,0.0,0.763247786,85.81
2030,835,0.893549,0.0,0.755774897,70.9
2030,836,0.890666,0.0,0.736917801,53.6
2030,837,0.895053,0.0,0.707843735,54.89
2030,838,0.896334,0.0,0.673174733,49.74
2030,839,0.891236,0.0,0.639879623,34.98
2030,840,0.886536,0.0,0.616015364,1.63
2030,841,0.894299,0.0,0.652997949,0.1
2030,842,0.898812,0.0,0.644683388,0.1
2030,843,0.894309,0.0,0.643002526,0.22
2030,844,0.893992,0.0,0.648400669,0.08
2030,845,0.896395,0.0,0.668409303,1.65
2030,846,0.899618,0.0,0.670028207,41.23
2030,847,0.899601,0.0,0.739724694,85.0
2030,848,0.904025,0.0004755555555555555,0.77890933,106.6
2030,849,0.913632,0.025231111111111107,0.80786434,78.7
2030,850,0.926087,0.05554888888888889,0.828177414,55.2
2030,851,0.938694,0.057962222222222214,0.834497998,44.89
2030,852,0.945437,0.06508777777777777,0.833388834,34.8
2030,853,0.952326,0.08157444444444444,0.837860966,45.5
2030,854,0.956568,0.09906555555555557,0.832235218,54.0
2030,855,0.955695,0.058215555555555555,0.817257431,55.79
2030,856,0.955846,0.017463333333333334,0.831223223,65.0
2030,857,0.960364,0.0,0.844465896,86.21
2030,858,0.966028,0.0,0.839505954,97.55
2030,859,0.966407,0.0,0.811227131,80.1
2030,860,0.968777,0.0,0.77184181,69.96
2030,861,0.965759,0.0,0.725966654,59.91
2030,862,0.970417,0.0,0.679742521,56.04
2030,863,0.971456,0.0,0.636324201,47.41
2030,864,0.968444,0.0,0.610211293,35.46
2030,865,0.959574,0.0,0.638732029,28.2
2030,866,0.961541,0.0,0.628602596,10.0
2030,867,0.967323,0.0,0.626435899,4.98
2030,868,0.968264,0.0,0.631504815,3.11
2030,869,0.973701,0.0,0.653406963,20.09
2030,870,0.981375,0.0,0.65741408,50.0
2030,871,0.987419,0.0,0.72497635,69.22
2030,872,0.989044,0.00025666666666666665,0.761978034,88.2
2030,873,0.98909,0.018855555555555556,0.79032654,87.3
2030,874,0.988697,0.06128111111111111,0.804843252,87.1
2030,875,0.988859,0.09887666666666667,0.799450945,76.5
2030,876,0.9885,0.15510111111111113,0.806412203,64.9
2030,877,0.987217,0.20721222222222224,0.816392314,59.94
2030,878,0.986141,0.17426444444444442,0.81540288,63.86
2030,879,0.985665,0.12645555555555554,0.815037421,63.9
2030,880,0.985968,0.040891111111111114,0.8338928,64.7
2030,881,0.985072,0.0,0.850105361,80.0
2030,882,0.984779,0.0,0.856773591,99.26
2030,883,0.985489,0.0,0.837796533,94.89
2030,884,0.987118,0.0,0.803616418,71.0
2030,885,0.988481,0.0,0.761677574,62.62
2030,886,0.988665,0.0,0.72039625,57.11
2030,887,0.984874,0.0,0.67784218,53.3
2030,888,0.974801,0.0,0.65108999,41.17
2030,889,0.963638,0.0,0.695809381,44.8
2030,890,0.948372,0.0,0.687389662,49.9
2030,891,0.926199,0.0,0.685104709,60.98
2030,892,0.931837,0.0,0.693174639,61.0
2030,893,0.942069,0.0,0.713477042,65.6
2030,894,0.946304,0.0,0.714136466,75.9
2030,895,0.951461,0.0,0.781841985,88.6
2030,896,0.961533,0.003575555555555555,0.818326206,94.9
2030,897,0.975936,0.026453333333333332,0.834726996,96.9
2030,898,0.982352,0.07997222222222222,0.827034687,81.88
2030,899,0.987035,0.23129999999999998,0.820872911,78.66
2030,900,0.989107,0.42221999999999993,0.814659817,75.0
2030,901,0.987361,0.4232366666666667,0.829048275,73.8
2030,902,0.983912,0.3288400000000001,0.832026018,75.38
2030,903,0.979467,0.13792111111111113,0.825432401,85.3
2030,904,0.970081,0.02019333333333333,0.850195621,93.03
2030,905,0.96712,0.0,0.86196791,119.64
2030,906,0.984033,0.0,0.863985708,135.8
2030,907,0.988196,0.0,0.842485533,110.32
2030,908,0.966767,0.0,0.805671053,98.0
2030,909,0.917661,0.0,0.762248704,83.56
2030,910,0.859862,0.0,0.717577436,79.01
2030,911,0.835135,0.0,0.674773475,79.21
2030,912,0.832508,0.0,0.648299697,73.7
2030,913,0.828552,0.0,0.672508065,73.2
2030,914,0.809339,0.0,0.663423902,72.15
2030,915,0.780876,0.0,0.66240068,68.63
2030,916,0.723368,0.0,0.669430105,66.69
2030,917,0.662688,0.0,0.691855911,71.71
2030,918,0.605046,0.0,0.694918609,82.06
2030,919,0.510373,0.0,0.764922342,104.49
2030,920,0.401019,0.310428888888889,0.802317604,131.91
2030,921,0.321435,0.6454722222222221,0.820098737,112.37
2030,922,0.275885,0.7519411111111111,0.814923236,98.02
2030,923,0.253923,0.7764322222222222,0.801808172,89.55
2030,924,0.210555,0.7635077777777779,0.788770832,84.01
2030,925,0.162939,0.7428188888888888,0.795983566,85.52
2030,926,0.117587,0.70475,0.791226813,83.32
2030,927,0.071915,0.6040288888888888,0.786658088,84.0
2030,928,0.037901,0.3595277777777777,0.812589979,76.81
2030,929,0.019306,0.01526,0.830447276,77.2
2030,930,0.012531,0.0,0.85531094,84.0
2030,931,0.0143,0.0,0.840621146,81.5
2030,932,0.024558,0.0,0.805383691,77.57
2030,933,0.045795,0.0,0.759328211,75.0
2030,934,0.078825,0.0,0.714031243,70.82
2030,935,0.127533,0.0,0.671273986,61.64
2030,936,0.192056,0.0,0.646408489,60.36
2030,937,0.264736,0.0,0.681059633,52.16
2030,938,0.326379,0.0,0.67212454,47.15
2030,939,0.35848,0.0,0.671745607,42.1
2030,940,0.368444,0.0,0.678174514,41.3
2030,941,0.379505,0.0,0.69898454,44.88
2030,942,0.412512,0.0,0.701504812,52.88
2030,943,0.453056,0.0,0.772213845,63.7
2030,944,0.484328,0.15893777777777782,0.811239557,67.89
2030,945,0.465318,0.4173444444444444,0.821682983,67.83
2030,946,0.426979,0.5374422222222222,0.808573545,68.82
2030,947,0.402563,0.5359944444444443,0.794821565,67.61
2030,948,0.44355,0.5344477777777777,0.781479253,64.55
2030,949,0.477542,0.5051922222222222,0.786845177,63.7
2030,950,0.499113,0.3354844444444444,0.781554884,68.68
2030,951,0.488275,0.14874111111111113,0.775258136,75.46
2030,952,0.518227,0.0873688888888889,0.800937942,82.38
2030,953,0.583883,0.006133333333333333,0.818604443,92.49
2030,954,0.659134,0.0,0.842514151,94.29
2030,955,0.726218,0.0,0.827424483,87.1
2030,956,0.763238,0.0,0.794120322,80.54
2030,957,0.772805,0.0,0.753294897,75.22
2030,958,0.766398,0.0,0.718154345,74.91
2030,959,0.757512,0.0,0.678245858,70.94
2030,960,0.742844,0.0,0.651790312,63.1
2030,961,0.725899,0.0,0.622359155,64.08
2030,962,0.701034,0.0,0.61197679,64.4
2030,963,0.692278,0.0,0.60661989,64.39
2030,964,0.69141,0.0,0.602801775,64.41
2030,965,0.696881,0.0,0.601326014,65.82
2030,966,0.703618,0.0,0.608915798,70.91
2030,967,0.710746,0.0,0.652243334,74.86
2030,968,0.733171,0.005518888888888889,0.688245604,77.7
2030,969,0.766143,0.028466666666666668,0.708598265,80.38
2030,970,0.7964,0.053811111111111115,0.686121893,75.4
2030,971,0.79558,0.0897388888888889,0.662976609,70.42
2030,972,0.778831,0.13134444444444443,0.644240134,68.5
2030,973,0.749667,0.09717,0.632992714,66.72
2030,974,0.694209,0.055067777777777785,0.627593805,69.53
2030,975,0.637153,0.022115555555555555,0.63588235,77.17
2030,976,0.610304,0.0015433333333333332,0.659248428,85.05
2030,977,0.567745,0.0,0.699678586,89.9
2030,978,0.529983,0.0,0.747548748,113.6
2030,979,0.452958,0.0,0.745916681,89.0
2030,980,0.428652,0.0,0.730242931,74.4
2030,981,0.437077,0.0,0.705055831,70.0
2030,982,0.399846,0.0,0.678616567,77.21
2030,983,0.311148,0.0,0.653668049,64.32
2030,984,0.189345,0.0,0.631100589,68.8
2030,985,0.106955,0.0,0.614897851,59.3
2030,986,0.071106,0.0,0.604732143,52.6
2030,987,0.080198,0.0,0.59989449,46.83
2030,988,0.097901,0.0,0.596072271,46.51
2030,989,0.095992,0.0,0.588230894,46.25
2030,990,0.084929,0.0,0.584428313,56.4
2030,991,0.083094,0.0,0.612584022,63.03
2030,992,0.083807,0.008494444444444443,0.638049092,71.0
2030,993,0.074245,0.04877111111111111,0.653158828,66.1
2030,994,0.059452,0.09386,0.632817142,68.4
2030,995,0.073483,0.11234222222222222,0.616621732,65.46
2030,996,0.111358,0.0947611111111111,0.604510725,64.34
2030,997,0.126735,0.07760777777777776,0.596134919,63.38
2030,998,0.1189,0.06682777777777778,0.59353446,64.06
2030,999,0.106234,0.03723666666666666,0.603786504,68.22
2030,1000,0.073619,0.008235555555555555,0.633401284,72.24
2030,1001,0.034004,0.0,0.683246779,79.72
2030,1002,0.040007,0.0,0.735577128,112.0
2030,1003,0.092264,0.0,0.740331773,96.8
2030,1004,0.189185,0.0,0.725351934,77.03
2030,1005,0.34419,0.0,0.699413089,70.72
2030,1006,0.500263,0.0,0.668972791,68.39
2030,1007,0.648442,0.0,0.641005175,64.01
2030,1008,0.770997,0.0,0.622714254,64.35
2030,1009,0.847566,0.0,0.681587379,61.65
2030,1010,0.868457,0.0,0.67856972,60.73
2030,1011,0.877073,0.0,0.681870113,59.47
2030,1012,0.876214,0.0,0.691033484,59.21
2030,1013,0.874949,0.0,0.714749986,65.0
2030,1014,0.86061,0.0,0.721061822,76.0
2030,1015,0.829419,0.0,0.793469748,85.41
2030,1016,0.779113,0.004056666666666667,0.830915042,104.0
2030,1017,0.697924,0.03597333333333333,0.834154019,96.5
2030,1018,0.63256,0.09084111111111112,0.81495657,85.47
2030,1019,0.60504,0.11482999999999999,0.794509206,79.09
2030,1020,0.58936,0.10111444444444444,0.782093712,67.42
2030,1021,0.521894,0.05898777777777778,0.790342368,63.86
2030,1022,0.458146,0.037808888888888885,0.786704118,64.13
2030,1023,0.482259,0.025232222222222222,0.784262396,66.65
2030,1024,0.62763,0.00872222222222222,0.812698793,77.1
2030,1025,0.709001,0.0,0.832557397,90.69
2030,1026,0.718721,0.0,0.861305411,96.0
2030,1027,0.704674,0.0,0.851125841,89.08
2030,1028,0.657957,0.0,0.81981467,79.15
2030,1029,0.57571,0.0,0.782777982,71.54
2030,1030,0.482201,0.0,0.741226452,65.87
2030,1031,0.409843,0.0,0.698584281,61.9
2030,1032,0.412532,0.0,0.676063727,68.59
2030,1033,0.44954,0.0,0.722626791,65.37
2030,1034,0.472086,0.0,0.713613264,63.41
2030,1035,0.495013,0.0,0.711402183,60.49
2030,1036,0.450442,0.0,0.716728404,60.06
2030,1037,0.415441,0.0,0.739128739,63.59
2030,1038,0.435234,0.0,0.742597073,70.7
2030,1039,0.496547,0.0,0.812754194,82.32
2030,1040,0.567114,0.00961,0.849503494,89.1
2030,1041,0.643319,0.06413888888888888,0.866524529,75.12
2030,1042,0.691404,0.14230111111111113,0.869816544,69.21
2030,1043,0.724953,0.19809333333333332,0.869029784,63.87
2030,1044,0.75115,0.34104666666666666,0.865816038,60.53
2030,1045,0.768192,0.3106933333333333,0.881166703,60.26
2030,1046,0.763155,0.17795999999999998,0.878314194,63.1
2030,1047,0.743652,0.08266222222222222,0.871284899,70.7
2030,1048,0.750074,0.022914444444444446,0.890660549,77.92
2030,1049,0.774643,0.0,0.900676182,91.79
2030,1050,0.787064,0.0,0.908325917,99.2
2030,1051,0.79262,0.0,0.890741729,91.13
2030,1052,0.79642,0.0,0.854295941,78.2
2030,1053,0.800597,0.0,0.812040166,72.18
2030,1054,0.797772,0.0,0.768181331,68.53
2030,1055,0.795014,0.0,0.721711765,64.78
2030,1056,0.787123,0.0,0.694928948,60.63
2030,1057,0.780861,0.0,0.720716386,59.34
2030,1058,0.772752,0.0,0.710687812,55.76
2030,1059,0.759662,0.0,0.709036809,54.79
2030,1060,0.761009,0.0,0.713762045,55.06
2030,1061,0.735122,0.0,0.734740753,58.5
2030,1062,0.709261,0.0,0.737196861,63.52
2030,1063,0.664149,0.0,0.805791343,72.98
2030,1064,0.630115,0.0026100000000000003,0.842172185,79.89
2030,1065,0.557139,0.02974888888888889,0.866950475,69.65
2030,1066,0.482345,0.08711444444444444,0.879387741,63.86
2030,1067,0.423885,0.12978666666666666,0.880004101,63.29
2030,1068,0.379876,0.1788922222222222,0.878981638,62.16
2030,1069,0.319002,0.18381666666666666,0.889927429,61.91
2030,1070,0.251607,0.11939777777777777,0.88505382,67.29
2030,1071,0.190053,0.05842888888888888,0.878316583,70.69
2030,1072,0.161278,0.018903333333333334,0.896293916,75.99
2030,1073,0.165053,0.0,0.904133253,81.65
2030,1074,0.173078,0.0,0.899062356,87.67
2030,1075,0.198863,0.0,0.87533532,84.58
2030,1076,0.236193,0.0,0.837687941,76.6
2030,1077,0.300553,0.0,0.793397433,69.71
2030,1078,0.349445,0.0,0.746875534,68.2
2030,1079,0.374009,0.0,0.7018608,63.8
2030,1080,0.385633,0.0,0.673531642,61.67
2030,1081,0.407153,0.0,0.706826791,60.55
2030,1082,0.432533,0.0,0.697885087,59.41
2030,1083,0.451949,0.0,0.69652495,58.33
2030,1084,0.482733,0.0,0.704183354,59.63
2030,1085,0.514158,0.0,0.728071233,63.43
2030,1086,0.553186,0.0,0.733357893,70.14
2030,1087,0.596117,0.0,0.80520517,79.8
2030,1088,0.627632,0.024995555555555556,0.845683049,82.06
2030,1089,0.649639,0.06364444444444445,0.862021741,77.84
2030,1090,0.615212,0.0918511111111111,0.860838201,73.51
2030,1091,0.566252,0.1214611111111111,0.853380074,68.51
2030,1092,0.568624,0.18601666666666666,0.84766218,64.8
2030,1093,0.583497,0.1952922222222222,0.856378007,63.85
2030,1094,0.604549,0.1272822222222222,0.853047813,66.84
2030,1095,0.598674,0.05307222222222222,0.849142796,71.27
2030,1096,0.636271,0.014635555555555554,0.874994242,74.11
2030,1097,0.700765,0.0,0.89095269,82.44
2030,1098,0.741539,0.0,0.912905087,84.54
2030,1099,0.748512,0.0,0.906394532,75.13
2030,1100,0.750218,0.0,0.873564636,69.56
2030,1101,0.764277,0.0,0.832517641,62.68
2030,1102,0.762642,0.0,0.789744074,62.66
2030,1103,0.735237,0.0,0.748571866,58.64
2030,1104,0.697619,0.0,0.723198625,51.76
2030,1105,0.666906,0.0,0.774103211,51.08
2030,1106,0.677482,0.0,0.766484993,49.92
2030,1107,0.670034,0.0,0.766325705,48.81
2030,1108,0.667781,0.0,0.774701194,51.38
2030,1109,0.676675,0.0,0.798095419,52.2
2030,1110,0.676078,0.0,0.801003024,57.5
2030,1111,0.658436,0.0,0.871022757,68.88
2030,1112,0.598097,0.00479,0.910789349,70.5
2030,1113,0.527633,0.022376666666666663,0.907893025,68.0
2030,1114,0.425345,0.046808888888888886,0.899611899,61.2
2030,1115,0.355774,0.09387555555555555,0.888377151,68.8
2030,1116,0.310365,0.19516888888888884,0.879026839,65.0
2030,1117,0.266305,0.26413222222222216,0.886101065,61.2
2030,1118,0.228856,0.3920822222222223,0.879891675,63.04
2030,1119,0.198889,0.43119777777777774,0.87037311,64.96
2030,1120,0.171936,0.2836166666666667,0.894354541,70.0
2030,1121,0.160213,0.03962888888888889,0.909396784,72.06
2030,1122,0.183856,0.0,0.932341206,79.73
2030,1123,0.25948200000000005,0.0,0.925332379,80.75
2030,1124,0.35057,0.0,0.891752041,74.53
2030,1125,0.409287,0.0,0.850543769,70.0
2030,1126,0.396061,0.0,0.811965314,70.0
2030,1127,0.333341,0.0,0.772749354,65.7
2030,1128,0.265291,0.0,0.747846822,68.5
2030,1129,0.227645,0.0,0.710029502,62.64
2030,1130,0.231553,0.0,0.700947331,68.0
2030,1131,0.271345,0.0,0.697260766,64.9
2030,1132,0.314635,0.0,0.696314877,64.89
2030,1133,0.362854,0.0,0.697556796,73.28
2030,1134,0.401772,0.0,0.70669753,60.6
2030,1135,0.413206,0.0,0.749406909,68.7
2030,1136,0.387481,0.04023111111111111,0.785509612,75.3
2030,1137,0.350612,0.1059788888888889,0.778696587,84.52
2030,1138,0.319796,0.3397766666666666,0.757313856,67.0
2030,1139,0.269804,0.5824655555555556,0.73162918,60.83
2030,1140,0.242913,0.6459355555555555,0.708980283,58.24
2030,1141,0.243825,0.6564588888888888,0.693153361,55.25
2030,1142,0.267016,0.6308911111111112,0.684363375,59.1
2030,1143,0.30791,0.553738888888889,0.688606468,67.07
2030,1144,0.380685,0.35434444444444446,0.710743938,70.8
2030,1145,0.520232,0.0677611111111111,0.754656128,85.01
2030,1146,0.639074,0.0,0.80503644,105.68
2030,1147,0.715385,0.0,0.815207018,89.51
2030,1148,0.735317,0.0,0.797434293,80.15
2030,1149,0.734372,0.0,0.771603072,74.16
2030,1150,0.70939,0.0,0.745389367,72.06
2030,1151,0.654498,0.0,0.720305359,69.11
2030,1152,0.589511,0.0,0.70139685,62.13
2030,1153,0.545559,0.0,0.677345997,54.81
2030,1154,0.504024,0.0,0.666629867,51.4
2030,1155,0.468103,0.0,0.660655772,50.22
2030,1156,0.450345,0.0,0.656399753,50.0
2030,1157,0.443543,0.0,0.648031476,48.47
2030,1158,0.429348,0.0,0.643053376,46.02
2030,1159,0.425956,0.0,0.673064234,48.97
2030,1160,0.425968,0.16969444444444445,0.697229459,47.28
2030,1161,0.425959,0.3894711111111111,0.70835719,43.03
2030,1162,0.416459,0.5677366666666667,0.694356427,40.45
2030,1163,0.373985,0.5722855555555555,0.682634668,41.0
2030,1164,0.317061,0.6120233333333333,0.672138846,50.0
2030,1165,0.254924,0.5432044444444445,0.663009269,50.17
2030,1166,0.204091,0.4474155555555555,0.659267746,64.6
2030,1167,0.18543,0.3679944444444444,0.666368329,66.93
2030,1168,0.199601,0.16958888888888887,0.694421612,62.87
2030,1169,0.246081,0.02222333333333333,0.739169245,72.0
2030,1170,0.301792,0.0,0.790054257,84.1
2030,1171,0.355981,0.0,0.802532239,70.59
2030,1172,0.420054,0.0,0.789612158,64.71
2030,1173,0.481929,0.0,0.765776245,59.83
2030,1174,0.527631,0.0,0.731596459,57.33
2030,1175,0.566599,0.0,0.701203748,53.94
2030,1176,0.599375,0.0,0.677320822,44.0
2030,1177,0.601104,0.0,0.718943384,48.32
2030,1178,0.56096,0.0,0.710985261,46.46
2030,1179,0.507818,0.0,0.709143222,43.91
2030,1180,0.496548,0.0,0.715294893,44.92
2030,1181,0.535438,0.0,0.734956937,51.57
2030,1182,0.610039,0.0,0.73553527,68.63
2030,1183,0.703084,0.0,0.802290342,79.12
2030,1184,0.754518,0.021004444444444444,0.840087487,83.87
2030,1185,0.728366,0.03173444444444444,0.856892966,75.06
2030,1186,0.676656,0.05633888888888889,0.867052482,70.88
2030,1187,0.663566,0.07947555555555556,0.871400091,69.22
2030,1188,0.67898,0.11085666666666667,0.87073692,62.47
2030,1189,0.701851,0.12494333333333332,0.881900004,59.97
2030,1190,0.742564,0.12711666666666666,0.88001815,64.18
2030,1191,0.787426,0.12434555555555556,0.868523162,66.8
2030,1192,0.81777,0.07415333333333335,0.886296325,69.86
2030,1193,0.843474,0.006202222222222222,0.891216035,76.15
2030,1194,0.859878,0.0,0.906046281,99.89
2030,1195,0.851576,0.0,0.901297043,80.02
2030,1196,0.832319,0.0,0.867090385,71.92
2030,1197,0.816611,0.0,0.824877346,67.49
2030,1198,0.806628,0.0,0.778951467,66.27
2030,1199,0.78091,0.0,0.735993055,59.07
2030,1200,0.757835,0.0,0.712919808,58.06
2030,1201,0.742828,0.0,0.737436464,54.32
2030,1202,0.732762,0.0,0.726308661,53.96
2030,1203,0.73326,0.0,0.718857545,56.0
2030,1204,0.749177,0.0,0.722820089,53.0
2030,1205,0.762181,0.0,0.744370341,54.81
2030,1206,0.756972,0.0,0.747804046,71.05
2030,1207,0.752702,0.0,0.81641901,86.07
2030,1208,0.750762,0.08666666666666667,0.853262748,89.63
2030,1209,0.746612,0.25887888888888894,0.861437327,78.77
2030,1210,0.724184,0.3987866666666667,0.859156691,69.85
2030,1211,0.693685,0.4758022222222222,0.843263434,60.92
2030,1212,0.660342,0.49673,0.831433678,53.52
2030,1213,0.608611,0.44493111111111106,0.841023007,51.51
2030,1214,0.562837,0.36279111111111106,0.837881984,51.86
2030,1215,0.549935,0.21820888888888887,0.833660137,55.89
2030,1216,0.585835,0.09728,0.859835616,62.28
2030,1217,0.661555,0.015782222222222222,0.871652757,68.98
2030,1218,0.74421,0.0,0.890057418,70.86
2030,1219,0.797337,0.0,0.886100464,70.76
2030,1220,0.820658,0.0,0.857781351,67.76
2030,1221,0.815012,0.0,0.818879805,57.0
2030,1222,0.785246,0.0,0.772463926,48.44
2030,1223,0.74175,0.0,0.717593599,49.61
2030,1224,0.692113,0.0,0.689034969,48.58
2030,1225,0.651551,0.0,0.68657985,46.91
2030,1226,0.619214,0.0,0.672214116,46.86
2030,1227,0.607783,0.0,0.66497955,44.8
2030,1228,0.626637,0.0,0.66785512,45.43
2030,1229,0.655585,0.0,0.687606245,50.06
2030,1230,0.670351,0.0,0.690714268,65.01
2030,1231,0.670062,0.007111111111111111,0.757409256,79.7
2030,1232,0.657961,0.45029444444444444,0.794069948,84.05
2030,1233,0.633486,0.6998133333333333,0.803205107,69.65
2030,1234,0.608392,0.8074855555555555,0.805633574,64.1
2030,1235,0.601222,0.8299122222222222,0.80206145,60.39
2030,1236,0.581342,0.8135677777777778,0.797176281,53.01
2030,1237,0.550557,0.7601866666666667,0.818288925,51.21
2030,1238,0.540443,0.6337533333333334,0.821718023,53.76
2030,1239,0.551024,0.49114555555555556,0.819880691,64.71
2030,1240,0.577951,0.293751111111111,0.843971395,67.1
2030,1241,0.662701,0.06850777777777778,0.84740682,68.31
2030,1242,0.75553,0.0,0.836785139,68.38
2030,1243,0.79794,0.0,0.816182987,61.6
2030,1244,0.803621,0.0,0.779584105,52.52
2030,1245,0.775275,0.0,0.735268911,46.31
2030,1246,0.716511,0.0,0.689516088,42.04
2030,1247,0.627365,0.0,0.643568072,35.57
2030,1248,0.539198,0.0,0.615852704,30.87
2030,1249,0.484701,0.0,0.630167375,27.42
2030,1250,0.453047,0.0,0.619264432,27.5
2030,1251,0.39942,0.0,0.61556091,29.44
2030,1252,0.350638,0.0,0.621216256,35.51
2030,1253,0.33267,0.0,0.64414223,46.72
2030,1254,0.337766,0.0,0.648252563,64.26
2030,1255,0.344305,0.0014111111111111112,0.713005552,75.0
2030,1256,0.353088,0.10301777777777776,0.749343355,81.91
2030,1257,0.369649,0.2705588888888889,0.770405164,74.0
2030,1258,0.353192,0.5750444444444445,0.784309258,69.44
2030,1259,0.283067,0.5343455555555555,0.78833339,67.46
2030,1260,0.218747,0.3987211111111111,0.790957425,66.9
2030,1261,0.215052,0.3607722222222222,0.801735987,66.69
2030,1262,0.248773,0.41772777777777775,0.805154563,63.49
2030,1263,0.253124,0.4715077777777778,0.800352465,63.1
2030,1264,0.249835,0.32505222222222224,0.816176992,60.93
2030,1265,0.259502,0.08029888888888889,0.821458092,61.76
2030,1266,0.288564,0.0,0.816964417,59.95
2030,1267,0.353479,0.0,0.79815097,60.4
2030,1268,0.424047,0.0,0.760000907,47.92
2030,1269,0.440569,0.0,0.71326493,43.81
2030,1270,0.444937,0.0,0.667782181,34.9
2030,1271,0.459839,0.0,0.623775583,20.1
2030,1272,0.472087,0.0,0.597900665,9.28
2030,1273,0.45569,0.0,0.634973607,1.5
2030,1274,0.47481,0.0,0.627363205,1.19
2030,1275,0.487339,0.0,0.627509757,0.1
2030,1276,0.491113,0.0,0.636776411,0.4
2030,1277,0.506041,0.0,0.662151005,1.13
2030,1278,0.539066,0.0,0.66711212,39.96
2030,1279,0.594753,0.0,0.736125371,57.96
2030,1280,0.637733,0.022601111111111113,0.775641688,60.8
2030,1281,0.678966,0.06647777777777779,0.77459791,53.54
2030,1282,0.725727,0.10959555555555556,0.774190691,47.1
2030,1283,0.764969,0.15400888888888886,0.766650454,42.04
2030,1284,0.797606,0.18357555555555555,0.763126667,37.27
2030,1285,0.820399,0.15498333333333333,0.780212589,32.9
2030,1286,0.828682,0.10283777777777778,0.783233401,38.0
2030,1287,0.835611,0.06890222222222223,0.777682514,49.64
2030,1288,0.84621,0.03349333333333333,0.794804479,63.21
2030,1289,0.865867,0.00215,0.803224147,73.7
2030,1290,0.892122,0.0,0.808527926,86.44
2030,1291,0.909189,0.0,0.789884512,84.01
2030,1292,0.910908,0.0,0.750696551,72.97
2030,1293,0.89972,0.0,0.70647525,69.26
2030,1294,0.880731,0.0,0.666812139,67.98
2030,1295,0.821917,0.0,0.626649551,65.1
2030,1296,0.709016,0.0,0.600665824,66.47
2030,1297,0.576813,0.0,0.565058931,63.9
2030,1298,0.443557,0.0,0.553686969,59.5
2030,1299,0.323129,0.0,0.547513472,55.2
2030,1300,0.26099599999999995,0.0,0.54517175,55.39
2030,1301,0.218124,0.0,0.546257202,57.1
2030,1302,0.190208,0.0,0.555278652,61.67
2030,1303,0.166966,0.0,0.593874066,66.11
2030,1304,0.166712,0.0030588888888888883,0.628075986,64.4
2030,1305,0.183816,0.01246,0.648943766,57.6
2030,1306,0.196937,0.025625555555555558,0.648288381,49.19
2030,1307,0.176494,0.06211777777777778,0.630342681,45.81
2030,1308,0.12293,0.13257111111111108,0.617968184,40.32
2030,1309,0.08696,0.16328222222222222,0.607466781,32.22
2030,1310,0.073953,0.13215666666666664,0.60105475,37.6
2030,1311,0.070684,0.07547555555555555,0.60634983,45.0
2030,1312,0.069648,0.029369999999999997,0.626700673,55.96
2030,1313,0.068036,0.0016066666666666666,0.661774855,72.96
2030,1314,0.084438,0.0,0.694205245,81.95
2030,1315,0.121934,0.0,0.700427626,74.13
2030,1316,0.172841,0.0,0.678988548,65.17
2030,1317,0.230617,0.0,0.648897517,59.94
2030,1318,0.274426,0.0,0.617130293,64.02
2030,1319,0.307867,0.0,0.589834565,63.51
2030,1320,0.323993,0.0,0.565712412,56.57
2030,1321,0.321483,0.0,0.557669969,55.44
2030,1322,0.314969,0.0,0.54961657,55.44
2030,1323,0.332699,0.0,0.54881586,54.95
2030,1324,0.341679,0.0,0.550529985,55.25
2030,1325,0.347871,0.0,0.549150045,55.07
2030,1326,0.362254,0.0,0.549763509,58.6
2030,1327,0.385694,0.0,0.578484462,59.92
2030,1328,0.409812,0.006801111111111111,0.603942651,75.0
2030,1329,0.430552,0.025491111111111107,0.604872418,71.5
2030,1330,0.455564,0.04848888888888889,0.600429931,56.68
2030,1331,0.50983,0.0692488888888889,0.592834555,54.64
2030,1332,0.576242,0.08920888888888888,0.587779554,50.0
2030,1333,0.625154,0.06880888888888889,0.581763151,46.03
2030,1334,0.64689,0.04256777777777778,0.579797124,49.84
2030,1335,0.680434,0.04549444444444445,0.590578812,55.0
2030,1336,0.701651,0.027467777777777775,0.620892203,68.9
2030,1337,0.709033,0.00293,0.666473981,85.69
2030,1338,0.721436,0.0,0.706809912,93.88
2030,1339,0.73824,0.0,0.71615623,79.0
2030,1340,0.748791,0.0,0.696542303,69.96
2030,1341,0.758485,0.0,0.665236171,65.82
2030,1342,0.763472,0.0,0.627201685,65.23
2030,1343,0.769638,0.0,0.593727621,58.38
2030,1344,0.770998,0.0,0.570574195,57.83
2030,1345,0.759758,0.0,0.600543364,56.82
2030,1346,0.767152,0.0,0.591748144,55.67
2030,1347,0.785276,0.0,0.588720732,51.8
2030,1348,0.798348,0.0,0.59505506,53.24
2030,1349,0.837918,0.0,0.618909326,57.92
2030,1350,0.892423,0.0,0.623848081,68.44
2030,1351,0.920038,0.0,0.689017365,79.54
2030,1352,0.92472,0.015147777777777776,0.72808916,81.6
2030,1353,0.912647,0.03646222222222222,0.756810121,73.83
2030,1354,0.914875,0.05789,0.781942335,66.65
2030,1355,0.918473,0.07062444444444443,0.791921412,65.03
2030,1356,0.854788,0.07375888888888887,0.795504348,58.42
2030,1357,0.73137,0.03361222222222222,0.807292462,58.19
2030,1358,0.697511,0.022721111111111112,0.797031994,61.29
2030,1359,0.768933,0.04320333333333334,0.774062422,64.95
2030,1360,0.82973,0.03461555555555555,0.783915956,69.92
2030,1361,0.830794,0.006315555555555555,0.78692368,77.0
2030,1362,0.815761,0.0,0.793812436,85.32
2030,1363,0.830173,0.0,0.790040946,81.0
2030,1364,0.841469,0.0,0.754586821,72.21
2030,1365,0.843606,0.0,0.711756374,65.69
2030,1366,0.837343,0.0,0.666201239,65.21
2030,1367,0.861418,0.0,0.624446482,60.76
2030,1368,0.898295,0.0,0.599677838,57.62
2030,1369,0.913533,0.0,0.645762321,57.55
2030,1370,0.930457,0.0,0.637434482,57.35
2030,1371,0.943857,0.0,0.636619424,56.87
2030,1372,0.955101,0.0,0.644331664,57.35
2030,1373,0.961095,0.0,0.66861505,62.75
2030,1374,0.974146,0.0,0.673406123,73.32
2030,1375,0.978616,0.0,0.738310969,92.87
2030,1376,0.976912,0.013455555555555554,0.772846853,95.22
2030,1377,0.974281,0.039723333333333326,0.768108462,80.81
2030,1378,0.967358,0.0825911111111111,0.772366575,68.71
2030,1379,0.960535,0.14104555555555556,0.765000579,61.0
2030,1380,0.953999,0.1991133333333333,0.769573813,55.49
2030,1381,0.9436,0.19381,0.781786715,55.58
2030,1382,0.926484,0.14683555555555552,0.780735927,56.0
2030,1383,0.906409,0.09240555555555556,0.778823156,59.9
2030,1384,0.894342,0.03810555555555555,0.805194047,66.5
2030,1385,0.894358,0.004229999999999999,0.812253511,93.95
2030,1386,0.877504,0.0,0.820502016,110.18
2030,1387,0.872393,0.0,0.826128146,105.17
2030,1388,0.849578,0.0,0.795668868,84.36
2030,1389,0.80991,0.0,0.754629977,72.5
2030,1390,0.750828,0.0,0.710235436,70.3
2030,1391,0.708999,0.0,0.66620467,64.97
2030,1392,0.700839,0.0,0.639797627,60.36
2030,1393,0.711524,0.0,0.671575323,59.4
2030,1394,0.731104,0.0,0.662685754,61.34
2030,1395,0.755923,0.0,0.659301593,63.46
2030,1396,0.767351,0.0,0.665960896,63.74
2030,1397,0.759754,0.0,0.688653404,67.46
2030,1398,0.744075,0.0,0.693497352,74.08
2030,1399,0.72538,0.0,0.759203048,97.07
2030,1400,0.68811,0.02970666666666667,0.792792312,104.49
2030,1401,0.633778,0.08649333333333332,0.797654068,85.46
2030,1402,0.573225,0.13222,0.797316733,73.99
2030,1403,0.520621,0.20145333333333332,0.787931938,67.55
2030,1404,0.47755,0.24125666666666665,0.782429301,63.1
2030,1405,0.457501,0.23406555555555553,0.796032151,57.9
2030,1406,0.454075,0.18606888888888887,0.794468671,58.5
2030,1407,0.465116,0.13696222222222224,0.790130596,60.0
2030,1408,0.472098,0.07617666666666666,0.810783278,72.46
2030,1409,0.468346,0.013087777777777778,0.820513344,70.0
2030,1410,0.46708,0.0,0.8263286,89.8
2030,1411,0.450358,0.0,0.817666309,78.18
2030,1412,0.414469,0.0,0.783692954,65.55
2030,1413,0.368428,0.0,0.741797706,62.69
2030,1414,0.332746,0.0,0.697374246,64.08
2030,1415,0.305811,0.0,0.65394678,55.2
2030,1416,0.289353,0.0,0.628425271,54.82
2030,1417,0.28538,0.0,0.623713151,53.02
2030,1418,0.301807,0.0,0.612816531,49.71
2030,1419,0.33308,0.0,0.6104952,46.62
2030,1420,0.374007,0.0,0.619363609,43.75
2030,1421,0.41253,0.0,0.64597481,48.0
2030,1422,0.442481,0.0,0.64566188,61.37
2030,1423,0.455399,0.0035344444444444447,0.703465229,73.35
2030,1424,0.455874,0.07981555555555557,0.748350184,73.85
2030,1425,0.473508,0.21144888888888885,0.761903765,70.39
2030,1426,0.50779,0.33404111111111107,0.771082437,65.65
2030,1427,0.542371,0.5024411111111111,0.771262029,66.46
2030,1428,0.568559,0.6371022222222222,0.761407796,60.0
2030,1429,0.590749,0.6974833333333333,0.773035277,57.77
2030,1430,0.618379,0.668738888888889,0.774080121,63.68
2030,1431,0.65796,0.5416833333333333,0.769201378,65.2
2030,1432,0.69776,0.3286155555555556,0.793559306,71.62
2030,1433,0.732922,0.08449666666666665,0.805632318,80.0
2030,1434,0.766684,0.0,0.807319481,86.26
2030,1435,0.790034,0.0,0.814220601,80.99
2030,1436,0.794773,0.0,0.774303848,72.77
2030,1437,0.787475,0.0,0.724973084,67.25
2030,1438,0.791202,0.0,0.678750046,64.9
2030,1439,0.771837,0.0,0.633037095,60.9
2030,1440,0.74193,0.0,0.602646951,62.04
2030,1441,0.72536,0.0,0.627609893,61.42
2030,1442,0.716964,0.0,0.61746457,58.14
2030,1443,0.741201,0.0,0.611869018,57.83
2030,1444,0.761102,0.0,0.613990073,58.3
2030,1445,0.768404,0.0,0.63478994,62.49
2030,1446,0.772679,0.0,0.63111935,71.58
2030,1447,0.76891,0.04574333333333334,0.688699472,79.36
2030,1448,0.745003,0.4717666666666666,0.736367281,86.02
2030,1449,0.697409,0.7960666666666667,0.751909485,78.04
2030,1450,0.6425,0.87749,0.758860442,66.51
2030,1451,0.565608,0.8988544444444444,0.752897791,64.53
2030,1452,0.508886,0.8834511111111112,0.751214595,47.55
2030,1453,0.494768,0.8602877777777779,0.765678628,50.0
2030,1454,0.511451,0.8291755555555554,0.764903607,63.2
2030,1455,0.539413,0.7486911111111112,0.759966012,71.17
2030,1456,0.560863,0.5685111111111112,0.784211718,78.28
2030,1457,0.624823,0.21781666666666666,0.793004451,89.4
2030,1458,0.694461,0.0,0.792606046,93.73
2030,1459,0.717059,0.0,0.79244229,87.19
2030,1460,0.716512,0.0,0.754254635,77.49
2030,1461,0.694962,0.0,0.709385587,71.62
2030,1462,0.662716,0.0,0.669526041,70.06
2030,1463,0.610974,0.0,0.628004713,66.39
2030,1464,0.555908,0.0,0.597172254,59.95
2030,1465,0.506044,0.0,0.588504506,56.03
2030,1466,0.472095,0.0,0.576511971,56.02
2030,1467,0.47716,0.0,0.570870907,55.48
2030,1468,0.508752,0.0,0.568231441,54.88
2030,1469,0.543783,0.0,0.570073652,55.99
2030,1470,0.572283,0.0,0.575680701,56.58
2030,1471,0.601502,0.08789666666666665,0.607155349,60.67
2030,1472,0.601226,0.6251922222222223,0.647114248,63.76
2030,1473,0.575661,0.8130266666666667,0.664328929,65.75
2030,1474,0.524295,0.8708277777777778,0.66461222,60.44
2030,1475,0.508749,0.8903822222222222,0.655973197,53.8
2030,1476,0.496551,0.8767144444444446,0.648665772,53.07
2030,1477,0.49383,0.8559677777777778,0.647391966,54.9
2030,1478,0.514269,0.8248411111111111,0.645291023,59.86
2030,1479,0.534603,0.74923,0.656367271,66.08
2030,1480,0.568098,0.5801577777777779,0.67318927,73.0
2030,1481,0.655594,0.23802222222222222,0.70938151,81.17
2030,1482,0.740193,0.0,0.730173301,93.6
2030,1483,0.75977,0.0,0.752484448,89.9
2030,1484,0.742748,0.0,0.733498476,76.98
2030,1485,0.706727,0.0,0.704119903,69.81
2030,1486,0.662678,0.0,0.674363144,69.9
2030,1487,0.605046,0.0,0.648532049,68.2
2030,1488,0.560958,0.0,0.624305159,60.1
2030,1489,0.5229640000000001,0.0,0.631934571,69.21
2030,1490,0.48323,0.0,0.625362005,67.03
2030,1491,0.436323,0.0,0.624060742,57.91
2030,1492,0.386381,0.0,0.62338841,55.48
2030,1493,0.333017,0.0,0.618318064,58.88
2030,1494,0.277965,0.0,0.610040787,65.39
2030,1495,0.23058,0.0849988888888889,0.628821897,69.8
2030,1496,0.176817,0.54224,0.653589191,71.51
2030,1497,0.132892,0.7604033333333333,0.648340602,72.49
2030,1498,0.099361,0.8185588888888888,0.640443783,63.14
2030,1499,0.083868,0.8480233333333332,0.637654547,50.0
2030,1500,0.081678,0.8397311111111112,0.639256299,47.51
2030,1501,0.077164,0.79403,0.634919465,42.51
2030,1502,0.080952,0.7580777777777777,0.633354413,46.84
2030,1503,0.094698,0.6745333333333333,0.644497934,58.07
2030,1504,0.120886,0.5024099999999999,0.6738997,60.28
2030,1505,0.178619,0.18669333333333332,0.728307949,77.72
2030,1506,0.236786,0.0,0.765471791,88.0
2030,1507,0.25521,0.0,0.79003143,86.96
2030,1508,0.234032,0.0,0.772817826,81.8
2030,1509,0.200677,0.0,0.74501025,75.0
2030,1510,0.17683,0.0,0.708480761,72.18
2030,1511,0.161455,0.0,0.675912086,72.42
2030,1512,0.156382,0.0,0.65404785,69.13
2030,1513,0.160705,0.0,0.702415924,67.9
2030,1514,0.166066,0.0,0.697897312,67.41
2030,1515,0.159038,0.0,0.699993281,66.22
2030,1516,0.144509,0.0,0.709642552,65.59
2030,1517,0.117525,0.0,0.734222475,70.83
2030,1518,0.07771,0.0,0.734119224,81.18
2030,1519,0.056271,0.003217777777777778,0.797155138,96.67
2030,1520,0.06585,0.03914555555555555,0.835265789,102.97
2030,1521,0.108346,0.08866,0.820261448,85.02
2030,1522,0.152225,0.13513,0.81475381,71.23
2030,1523,0.187263,0.19854666666666668,0.810195468,63.2
2030,1524,0.21748,0.26691111111111115,0.808747293,63.3
2030,1525,0.25282,0.27940777777777775,0.827032212,61.04
2030,1526,0.330258,0.19486555555555551,0.825426214,62.5
2030,1527,0.453047,0.11132111111111109,0.822075112,69.86
2030,1528,0.546715,0.05230666666666666,0.840792801,76.7
2030,1529,0.568733,0.014716666666666664,0.849715675,93.47
2030,1530,0.597123,0.0,0.849722961,105.18
2030,1531,0.627835,0.0,0.868478213,99.13
2030,1532,0.651738,0.0,0.833580145,80.52
2030,1533,0.663567,0.0,0.785602024,71.39
2030,1534,0.636162,0.0,0.735244035,67.49
2030,1535,0.58866,0.0,0.686110116,63.93
2030,1536,0.518207,0.0,0.654142716,61.96
2030,1537,0.486808,0.0,0.659471409,61.67
2030,1538,0.504918,0.0,0.647988798,61.33
2030,1539,0.506842,0.0,0.644057838,59.86
2030,1540,0.485441,0.0,0.648707746,60.56
2030,1541,0.450106,0.0,0.671903601,61.67
2030,1542,0.429571,0.0,0.671245173,71.53
2030,1543,0.429802,0.08042888888888888,0.728911424,79.28
2030,1544,0.412489,0.35202222222222224,0.769292651,83.02
2030,1545,0.401352,0.5582433333333334,0.784001627,77.0
2030,1546,0.394708,0.6699433333333332,0.797403425,71.15
2030,1547,0.368381,0.7159833333333334,0.805571142,69.72
2030,1548,0.355821,0.7888988888888888,0.816212662,65.99
2030,1549,0.359001,0.7807133333333334,0.835344114,65.81
2030,1550,0.37808,0.7661266666666666,0.831865679,69.6
2030,1551,0.404456,0.71824,0.824264162,70.62
2030,1552,0.421928,0.6072211111111112,0.842539361,76.3
2030,1553,0.453765,0.3172655555555555,0.838321709,81.86
2030,1554,0.504963,2.7777777777777776e-05,0.829868712,104.38
2030,1555,0.53307,0.0,0.819389388,96.6
2030,1556,0.542371,0.0,0.782124509,78.42
2030,1557,0.539699,0.0,0.735347855,73.07
2030,1558,0.53143,0.0,0.687443958,66.0
2030,1559,0.5146609999999999,0.0,0.640712709,70.0
2030,1560,0.475088,0.0,0.611726594,71.0
2030,1561,0.427458,0.0,0.641691919,70.7
2030,1562,0.376631,0.0,0.632969375,70.46
2030,1563,0.336389,0.0,0.631631077,69.74
2030,1564,0.330254,0.0,0.637433741,70.46
2030,1565,0.339114,0.0,0.660505876,73.91
2030,1566,0.353366,0.0,0.660643752,83.98
2030,1567,0.362249,0.23222777777777776,0.720616626,106.64
2030,1568,0.323979,0.7055344444444445,0.763734131,108.7
2030,1569,0.290927,0.85087,0.780217536,87.21
2030,1570,0.313516,0.9025322222222222,0.784259503,75.69
2030,1571,0.3246,0.915931111111111,0.778346763,71.83
2030,1572,0.303185,0.9047144444444445,0.773359597,69.34
2030,1573,0.307856,0.8943833333333334,0.79691841,69.29
2030,1574,0.333858,0.8667766666666666,0.805591781,70.64
2030,1575,0.371399,0.8036544444444444,0.806705199,72.28
2030,1576,0.381832,0.6711944444444445,0.835266304,79.8
2030,1577,0.430603,0.3671877777777777,0.83977493,96.11
2030,1578,0.506037,0.002197777777777778,0.827248268,119.02
2030,1579,0.544073,0.0,0.827122844,119.25
2030,1580,0.531805,0.0,0.796393858,93.4
2030,1581,0.498189,0.0,0.755604409,80.15
2030,1582,0.459856,0.0,0.710948709,77.98
2030,1583,0.428688,0.0,0.665100131,74.34
2030,1584,0.413569,0.0,0.638228566,73.33
2030,1585,0.41503,0.0,0.672054289,72.32
2030,1586,0.418566,0.0,0.665678529,70.34
2030,1587,0.412523,0.0,0.665500324,68.71
2030,1588,0.420919,0.0,0.673675126,69.89
2030,1589,0.435576,0.0,0.697110383,73.13
2030,1590,0.440853,0.0,0.69703718,84.27
2030,1591,0.426151,0.31529333333333337,0.755789813,103.2
2030,1592,0.350115,0.7741033333333333,0.791957698,96.7
2030,1593,0.275699,0.8913633333333333,0.789344724,79.09
2030,1594,0.279213,0.9225766666666666,0.783387825,71.31
2030,1595,0.307875,0.92616,0.77463449,66.16
2030,1596,0.379348,0.9045366666666667,0.770925529,60.62
2030,1597,0.467902,0.8817866666666666,0.784539697,60.16
2030,1598,0.553015,0.84053,0.791875208,63.3
2030,1599,0.589862,0.76182,0.792820604,66.1
2030,1600,0.571114,0.6094877777777777,0.813693408,70.66
2030,1601,0.598454,0.29224111111111106,0.820674154,90.11
2030,1602,0.648249,0.0018388888888888888,0.824454079,107.41
2030,1603,0.703859,0.0,0.82281787,90.43
2030,1604,0.755312,0.0,0.785087322,83.39
2030,1605,0.804017,0.0,0.736758714,73.16
2030,1606,0.844834,0.0,0.688859311,73.25
2030,1607,0.864334,0.0,0.641799375,67.61
2030,1608,0.87213,0.0,0.612083194,68.37
2030,1609,0.87384,0.0,0.633760463,66.96
2030,1610,0.870876,0.0,0.624329887,67.01
2030,1611,0.86858,0.0,0.62225244,65.99
2030,1612,0.869867,0.0,0.628523581,65.98
2030,1613,0.880614,0.0,0.651934119,66.93
2030,1614,0.906898,0.0,0.651522438,81.5
2030,1615,0.934375,0.006582222222222223,0.709712856,94.99
2030,1616,0.94395,0.03044222222222222,0.756206685,88.89
2030,1617,0.955615,0.04417333333333333,0.7844121,74.36
2030,1618,0.951442,0.05667888888888889,0.797949563,54.9
2030,1619,0.944591,0.08978444444444444,0.803935042,0.0
2030,1620,0.928767,0.1446588888888889,0.812169632,-20.0
2030,1621,0.908225,0.27740777777777775,0.827966319,-25.0
2030,1622,0.866514,0.48607,0.826118734,-17.97
2030,1623,0.803065,0.4342988888888889,0.815081716,30.0
2030,1624,0.757894,0.2705344444444444,0.830471601,55.38
2030,1625,0.75234,0.07903111111111111,0.832223224,71.94
2030,1626,0.774668,0.0,0.817979737,83.75
2030,1627,0.747209,0.0,0.805129223,80.0
2030,1628,0.7408,0.0,0.765412515,71.18
2030,1629,0.744195,0.0,0.720963086,64.9
2030,1630,0.764927,0.0,0.681169637,64.79
2030,1631,0.802229,0.0,0.640513386,59.62
2030,1632,0.836253,0.0,0.611994175,56.14
2030,1633,0.86693,0.0,0.59147038,54.53
2030,1634,0.894466,0.0,0.58224437,53.3
2030,1635,0.918331,0.0,0.578339225,52.15
2030,1636,0.935524,0.0,0.57785223,48.0
2030,1637,0.947495,0.0,0.581477204,47.21
2030,1638,0.957207,0.0,0.586790804,50.0
2030,1639,0.965699,0.004756666666666666,0.615657899,53.06
2030,1640,0.97567,0.02743,0.646470643,53.06
2030,1641,0.982644,0.05912888888888889,0.657040408,48.12
2030,1642,0.988202,0.11413,0.657093964,25.0
2030,1643,0.988975,0.22738555555555554,0.655097649,-29.5
2030,1644,0.989043,0.3871277777777778,0.656687523,-30.0
2030,1645,0.9891,0.3147111111111111,0.669195912,-39.79
2030,1646,0.989015,0.20586555555555552,0.680255639,-19.57
2030,1647,0.989105,0.11399444444444443,0.689763329,28.32
2030,1648,0.988862,0.045741111111111114,0.699886278,52.64
2030,1649,0.98763,0.010766666666666666,0.723310714,69.55
2030,1650,0.983105,0.0,0.726663725,78.08
2030,1651,0.975438,0.0,0.732377978,68.69
2030,1652,0.953662,0.0,0.708175949,63.82
2030,1653,0.937785,0.0,0.675661523,60.47
2030,1654,0.915505,0.0,0.643962729,59.17
2030,1655,0.855311,0.0,0.614551814,54.37
2030,1656,0.814831,0.0,0.588837179,48.65
2030,1657,0.763838,0.0,0.558528333,46.06
2030,1658,0.73827,0.0,0.54950982,40.98
2030,1659,0.73587,0.0,0.545981162,35.55
2030,1660,0.755846,0.0,0.543544331,32.39
2030,1661,0.747137,0.0,0.539626986,32.28
2030,1662,0.731124,0.0,0.534506444,33.91
2030,1663,0.711283,0.03671111111111111,0.551734268,39.49
2030,1664,0.693171,0.12047333333333334,0.576772933,34.82
2030,1665,0.674913,0.26476777777777777,0.596732328,27.55
2030,1666,0.676671,0.6769933333333333,0.609413224,0.04
2030,1667,0.663264,0.7209433333333334,0.613572186,-10.03
2030,1668,0.640644,0.7762277777777777,0.603342379,-27.3
2030,1669,0.620225,0.7965177777777778,0.592353733,-27.3
2030,1670,0.59868,0.77766,0.585753875,-10.01
2030,1671,0.547703,0.7113733333333334,0.59935845,12.38
2030,1672,0.501705,0.5822277777777778,0.633740801,50.0
2030,1673,0.495183,0.2967433333333333,0.676322761,69.92
2030,1674,0.572784,0.007712222222222222,0.704300861,84.31
2030,1675,0.668509,0.0,0.707262323,72.22
2030,1676,0.733199,0.0,0.68324558,70.88
2030,1677,0.765215,0.0,0.650622364,72.9
2030,1678,0.76077,0.0,0.613835335,73.32
2030,1679,0.733202,0.0,0.581749807,72.0
2030,1680,0.697185,0.0,0.558579786,65.2
2030,1681,0.667076,0.0,0.60326253,66.0
2030,1682,0.6439,0.0,0.59917365,68.86
2030,1683,0.618258,0.0,0.602187774,65.0
2030,1684,0.592022,0.0,0.615270413,60.1
2030,1685,0.572784,0.0,0.644295091,58.25
2030,1686,0.540552,0.0,0.649421136,76.64
2030,1687,0.48432,0.018053333333333334,0.708213253,82.61
2030,1688,0.438349,0.08713,0.742994306,85.56
2030,1689,0.416533,0.26979333333333333,0.747010512,86.5
2030,1690,0.414727,0.43364777777777774,0.758400182,82.19
2030,1691,0.426755,0.5240877777777777,0.777901371,74.91
2030,1692,0.457318,0.5192233333333334,0.796915657,74.0
2030,1693,0.482734,0.41927444444444434,0.808550833,68.59
2030,1694,0.502687,0.40756444444444434,0.809394524,67.0
2030,1695,0.533297,0.5164500000000001,0.795878135,73.5
2030,1696,0.572793,0.41389,0.810548039,79.18
2030,1697,0.607588,0.10824111111111111,0.804324888,89.91
2030,1698,0.617045,0.0008311111111111111,0.792214299,100.0
2030,1699,0.648651,0.0,0.802700084,108.0
2030,1700,0.724107,0.0,0.767338558,83.8
2030,1701,0.783432,0.0,0.723208698,76.7
2030,1702,0.832094,0.0,0.676340122,75.03
2030,1703,0.839263,0.0,0.631953253,67.08
2030,1704,0.806978,0.0,0.604076297,69.19
2030,1705,0.764442,0.0,0.634666142,65.56
2030,1706,0.747215,0.0,0.627452775,66.51
2030,1707,0.756832,0.0,0.627371054,65.2
2030,1708,0.764216,0.0,0.635710287,65.96
2030,1709,0.766513,0.0,0.662297622,70.9
2030,1710,0.728801,0.0,0.664339825,74.8
2030,1711,0.692512,0.007336666666666666,0.721518998,92.78
2030,1712,0.676438,0.05408333333333333,0.753258995,100.6
2030,1713,0.662702,0.11886222222222223,0.754542387,93.72
2030,1714,0.654902,0.15599444444444444,0.75708771,84.5
2030,1715,0.651107,0.1536588888888889,0.758055386,78.07
2030,1716,0.633448,0.16839333333333334,0.758784382,74.8
2030,1717,0.580637,0.21747111111111112,0.777363245,70.06
2030,1718,0.483102,0.22881555555555552,0.775966624,68.0
2030,1719,0.374022,0.15799555555555553,0.772563982,65.2
2030,1720,0.299381,0.0648,0.796115423,72.93
2030,1721,0.272084,0.015196666666666666,0.801630078,77.87
2030,1722,0.26179,0.0,0.796808373,84.0
2030,1723,0.24873,0.0,0.80636533,103.46
2030,1724,0.220413,0.0,0.773332081,81.57
2030,1725,0.178696,0.0,0.729058751,74.0
2030,1726,0.128197,0.0,0.682378923,71.97
2030,1727,0.07637,0.0,0.636375972,68.53
2030,1728,0.045499,0.0,0.609581133,62.16
2030,1729,0.038101,0.0,0.642962504,59.73
2030,1730,0.042178,0.0,0.634576782,58.55
2030,1731,0.053414,0.0,0.632495572,58.04
2030,1732,0.068242,0.0,0.638892084,59.87
2030,1733,0.082397,0.0,0.661914911,62.3
2030,1734,0.090028,0.0,0.661263348,74.96
2030,1735,0.104127,0.05876888888888889,0.71710223,85.4
2030,1736,0.11924,0.20220666666666665,0.755617184,89.8
2030,1737,0.126873,0.37125,0.760458932,76.85
2030,1738,0.11919,0.4595777777777778,0.759263659,67.38
2030,1739,0.109043,0.5098477777777777,0.756920049,63.2
2030,1740,0.127478,0.5130566666666666,0.754344284,61.88
2030,1741,0.180166,0.5088966666666667,0.767491999,59.59
2030,1742,0.264062,0.4008855555555556,0.76518747,58.82
2030,1743,0.355745,0.23641555555555555,0.763656303,63.2
2030,1744,0.41552,0.12569,0.787700702,68.38
2030,1745,0.459852,0.0456,0.794528056,77.4
2030,1746,0.530324,0.0010966666666666668,0.78965949,79.8
2030,1747,0.607555,0.0,0.816110095,81.44
2030,1748,0.644304,0.0,0.790093297,66.4
2030,1749,0.633732,0.0,0.74825554,66.52
2030,1750,0.63257,0.0,0.704388474,68.14
2030,1751,0.650313,0.0,0.660930087,63.88
2030,1752,0.630098,0.0,0.635150739,63.29
2030,1753,0.588535,0.0,0.659669945,56.9
2030,1754,0.580585,0.0,0.651778671,57.52
2030,1755,0.601233,0.0,0.649307058,57.0
2030,1756,0.591161,0.0,0.655482951,54.65
2030,1757,0.532058,0.0,0.676635792,60.02
2030,1758,0.449932,0.0,0.673055485,71.42
2030,1759,0.429618,0.011862222222222222,0.725933465,87.0
2030,1760,0.459846,0.04943111111111111,0.757754656,81.99
2030,1761,0.515062,0.10710555555555555,0.764970107,65.71
2030,1762,0.569683,0.2133022222222222,0.765809295,54.32
2030,1763,0.618398,0.34539777777777775,0.763303524,42.6
2030,1764,0.647189,0.5819377777777778,0.756479184,20.99
2030,1765,0.68506,0.6671111111111112,0.765852758,30.0
2030,1766,0.69145,0.6809811111111111,0.761986602,46.59
2030,1767,0.667799,0.6342944444444445,0.758497962,54.82
2030,1768,0.650359,0.4720055555555555,0.783106041,65.99
2030,1769,0.721803,0.2144033333333333,0.783851866,85.64
2030,1770,0.833365,0.01367,0.782206994,102.35
2030,1771,0.88727,0.0,0.789101936,89.92
2030,1772,0.898849,0.0,0.757364854,73.62
2030,1773,0.898251,0.0,0.712588882,62.96
2030,1774,0.877727,0.0,0.667590399,59.53
2030,1775,0.8335,0.0,0.623922185,50.91
2030,1776,0.782672,0.0,0.596248696,47.89
2030,1777,0.720818,0.0,0.630025126,45.47
2030,1778,0.665197,0.0,0.621087653,44.47
2030,1779,0.628171,0.0,0.618980365,42.33
2030,1780,0.647759,0.0,0.625628198,42.22
2030,1781,0.672068,0.0,0.650404605,41.52
2030,1782,0.706867,0.0,0.650605319,58.49
2030,1783,0.740333,0.014064444444444444,0.707467268,66.47
2030,1784,0.762629,0.06441333333333332,0.751331774,67.42
2030,1785,0.779584,0.14995888888888886,0.780953135,53.8
2030,1786,0.78314,0.33047666666666664,0.798680449,46.1
2030,1787,0.779066,0.5454233333333333,0.805450422,38.9
2030,1788,0.768079,0.7478966666666667,0.801143692,37.12
2030,1789,0.769874,0.7817355555555555,0.808188767,35.14
2030,1790,0.79472,0.7787866666666666,0.799991752,41.42
2030,1791,0.827182,0.7031566666666667,0.789690128,45.35
2030,1792,0.830304,0.5275833333333333,0.80589333,60.4
2030,1793,0.820397,0.25875111111111115,0.80946124,70.67
2030,1794,0.811147,0.01985555555555556,0.801887906,73.11
2030,1795,0.794703,0.0,0.79955992,87.99
2030,1796,0.706828,0.0,0.763872652,63.81
2030,1797,0.596718,0.0,0.719836631,55.01
2030,1798,0.547451,0.0,0.679761798,55.99
2030,1799,0.518346,0.0,0.638778589,49.35
2030,1800,0.459266,0.0,0.610456702,43.66
2030,1801,0.419221,0.0,0.600976357,42.04
2030,1802,0.407149,0.0,0.591009812,40.71
2030,1803,0.39185,0.0,0.587207107,38.9
2030,1804,0.35062,0.0,0.587408262,38.63
2030,1805,0.301783,0.0,0.590706433,40.0
2030,1806,0.260257,0.0,0.598164847,47.6
2030,1807,0.222564,0.00359,0.627185937,60.22
2030,1808,0.181494,0.024253333333333328,0.657433283,55.3
2030,1809,0.13979,0.04700777777777778,0.67599034,47.01
2030,1810,0.104642,0.0697288888888889,0.675004773,44.88
2030,1811,0.099815,0.09794888888888889,0.664223182,41.63
2030,1812,0.147049,0.12583777777777777,0.660269888,36.78
2030,1813,0.217724,0.1258522222222222,0.654102803,21.02
2030,1814,0.281303,0.09056555555555555,0.6518803,12.26
2030,1815,0.347158,0.05551444444444445,0.661333996,31.38
2030,1816,0.412517,0.030588888888888888,0.678578445,54.1
2030,1817,0.430546,0.009987777777777778,0.710422291,80.9
2030,1818,0.423751,0.0,0.724297057,97.0
2030,1819,0.438144,0.0,0.753261127,109.1
2030,1820,0.439466,0.0,0.737272992,94.0
2030,1821,0.409846,0.0,0.709013881,74.68
2030,1822,0.373972,0.0,0.677604161,74.8
2030,1823,0.355788,0.0,0.650349764,67.1
2030,1824,0.347223,0.0,0.626252682,64.99
2030,1825,0.345087,0.0,0.617214821,60.9
2030,1826,0.32729,0.0,0.609205303,55.83
2030,1827,0.302809,0.0,0.607279062,57.47
2030,1828,0.27464,0.0,0.60659767,58.16
2030,1829,0.242214,0.0,0.602349618,59.9
2030,1830,0.211804,0.0,0.599585379,60.1
2030,1831,0.186003,0.04081222222222222,0.613794602,56.6
2030,1832,0.156135,0.12974333333333335,0.623478614,50.0
2030,1833,0.143975,0.28593333333333326,0.627918474,47.72
2030,1834,0.142919,0.29166999999999993,0.623849988,46.61
2030,1835,0.12800899999999998,0.20730333333333334,0.621131471,46.83
2030,1836,0.087439,0.14069777777777778,0.618106993,42.15
2030,1837,0.051302,0.07504111111111111,0.616537693,41.0
2030,1838,0.040214,0.05032888888888888,0.615746782,49.89
2030,1839,0.061597,0.033084444444444444,0.628082461,58.2
2030,1840,0.115393,0.017136666666666668,0.655653753,65.98
2030,1841,0.184091,0.005092222222222223,0.696176557,82.8
2030,1842,0.246069,0.0,0.717919926,87.2
2030,1843,0.290255,0.0,0.752190822,86.94
2030,1844,0.319683,0.0,0.74123889,77.89
2030,1845,0.356029,0.0,0.713084449,72.33
2030,1846,0.412746,0.0,0.677248513,72.1
2030,1847,0.460385,0.0,0.644277765,65.91
2030,1848,0.48,0.0,0.619372509,64.12
2030,1849,0.448973,0.0,0.665617606,57.14
2030,1850,0.405364,0.0,0.663456156,58.31
2030,1851,0.346329,0.0,0.667359068,57.46
2030,1852,0.293229,0.0,0.678854541,60.77
2030,1853,0.241904,0.0,0.705958035,63.68
2030,1854,0.198891,0.0,0.710076044,79.28
2030,1855,0.144223,0.21017666666666665,0.768022377,97.65
2030,1856,0.080429,0.5711622222222222,0.788639404,94.45
2030,1857,0.03653,0.8808988888888887,0.784993729,82.8
2030,1858,0.01395,0.9427477777777777,0.785796651,72.83
2030,1859,0.006145,0.9572955555555555,0.783017206,66.64
2030,1860,0.01054,0.94221,0.783230553,66.5
2030,1861,0.019506,0.9383277777777778,0.797944687,63.67
2030,1862,0.034266,0.9197422222222222,0.7986619,60.2
2030,1863,0.046991,0.8726166666666666,0.79457554,65.0
2030,1864,0.050603,0.7798388888888889,0.821686385,70.4
2030,1865,0.048467,0.56791,0.827057881,92.33
2030,1866,0.04215,0.13984555555555556,0.82066359,129.2
2030,1867,0.02749,0.0,0.842052357,126.23
2030,1868,0.016805,0.0,0.8166976,103.04
2030,1869,0.013461,0.0,0.771697071,79.74
2030,1870,0.012964,0.0,0.7232252,77.6
2030,1871,0.025763,0.0,0.678762366,73.52
2030,1872,0.042888,0.0,0.653366189,71.48
2030,1873,0.06458,0.0,0.681103229,69.9
2030,1874,0.092147,0.0,0.675146803,68.75
2030,1875,0.121464,0.0,0.675652025,67.46
2030,1876,0.15296,0.0,0.684822232,66.7
2030,1877,0.168846,0.0,0.710155651,67.55
2030,1878,0.168451,0.0,0.712037782,84.8
2030,1879,0.171362,0.2103066666666667,0.761782116,108.53
2030,1880,0.157899,0.32246888888888886,0.78819043,95.87
2030,1881,0.131617,0.3218166666666667,0.796036322,72.06
2030,1882,0.106789,0.29023444444444446,0.799989495,64.1
2030,1883,0.094035,0.3623988888888889,0.79172481,56.85
2030,1884,0.102413,0.5790688888888889,0.792751928,52.73
2030,1885,0.112028,0.7246744444444445,0.805331192,51.66
2030,1886,0.127772,0.7956244444444445,0.815833,53.54
2030,1887,0.139316,0.7876844444444445,0.8259694,62.3
2030,1888,0.1517,0.6815366666666668,0.851787769,64.85
2030,1889,0.157385,0.43730333333333327,0.851590244,90.7
2030,1890,0.152615,0.08458444444444443,0.846876385,108.75
2030,1891,0.141779,0.0,0.84117881,128.96
2030,1892,0.139291,0.0,0.802311727,110.0
2030,1893,0.144692,0.0,0.752596978,89.04
2030,1894,0.161805,0.0,0.699757331,81.73
2030,1895,0.208209,0.0,0.648191774,76.1
2030,1896,0.277955,0.0,0.62103691,76.01
2030,1897,0.348416,0.0,0.660507477,72.45
2030,1898,0.407161,0.0,0.655154305,71.95
2030,1899,0.45306,0.0,0.655990896,70.3
2030,1900,0.474808,0.0,0.66483696,71.52
2030,1901,0.465291,0.0,0.692804799,77.1
2030,1902,0.44357,0.00029777777777777783,0.699469623,107.1
2030,1903,0.439966,0.2639122222222222,0.758745366,112.69
2030,1904,0.392502,0.5322422222222222,0.799155279,99.33
2030,1905,0.331953,0.6877966666666667,0.810195347,71.41
2030,1906,0.317324,0.7757044444444445,0.819581605,66.0
2030,1907,0.332744,0.8137966666666666,0.819916589,64.11
2030,1908,0.330273,0.8286255555555556,0.815607671,64.11
2030,1909,0.323978,0.8466755555555555,0.836301797,67.77
2030,1910,0.310354,0.8239355555555554,0.841764264,65.0
2030,1911,0.282149,0.7591311111111112,0.843253291,71.9
2030,1912,0.251157,0.58131,0.860487235,85.0
2030,1913,0.217162,0.3348777777777777,0.857989609,116.0
2030,1914,0.187522,0.06163222222222223,0.843274122,163.72
2030,1915,0.158038,0.0,0.860118321,154.93
2030,1916,0.134776,0.0,0.835194561,122.63
2030,1917,0.114052,0.0,0.791057174,104.88
2030,1918,0.098413,0.0,0.745922905,93.0
2030,1919,0.087602,0.0,0.700114746,79.98
2030,1920,0.084007,0.0,0.671971123,74.55
2030,1921,0.08468,0.0,0.718919545,73.7
2030,1922,0.093406,0.0,0.715123765,70.0
2030,1923,0.111626,0.0,0.715254397,66.57
2030,1924,0.130881,0.0,0.724144268,62.53
2030,1925,0.149806,0.0,0.748441812,64.68
2030,1926,0.166634,0.0,0.750033859,81.0
2030,1927,0.18009,0.08295,0.804514447,95.9
2030,1928,0.181511,0.21699555555555552,0.827609914,104.6
2030,1929,0.167633,0.4001055555555556,0.821389934,81.19
2030,1930,0.153115,0.6667455555555556,0.821096245,74.7
2030,1931,0.148454,0.8045133333333334,0.817228177,68.03
2030,1932,0.145775,0.8352988888888888,0.820535753,65.85
2030,1933,0.155439,0.82993,0.839937774,58.74
2030,1934,0.165649,0.8061777777777777,0.850821834,64.4
2030,1935,0.176804,0.75952,0.857087161,59.08
2030,1936,0.193979,0.6521455555555555,0.879304854,68.91
2030,1937,0.225886,0.4232055555555555,0.883895849,91.97
2030,1938,0.273527,0.11933666666666667,0.873302887,121.01
2030,1939,0.303803,0.0,0.890071913,120.69
2030,1940,0.316295,0.0,0.863064468,93.08
2030,1941,0.311193,0.0,0.818426153,76.27
2030,1942,0.281584,0.0,0.772422147,72.45
2030,1943,0.243865,0.0,0.729213551,64.91
2030,1944,0.205642,0.0,0.704554417,52.39
2030,1945,0.156122,0.0,0.747572612,48.96
2030,1946,0.106727,0.0,0.745865793,46.3
2030,1947,0.075627,0.0,0.750875525,46.06
2030,1948,0.068923,0.0,0.762590708,45.4
2030,1949,0.076101,0.0,0.789650182,51.25
2030,1950,0.0851,0.0,0.796946774,63.6
2030,1951,0.099257,0.019021111111111107,0.851627335,64.27
2030,1952,0.100653,0.061656666666666665,0.862041273,66.65
2030,1953,0.08577,0.12034777777777778,0.859414656,57.48
2030,1954,0.067676,0.25191777777777774,0.85938901,63.9
2030,1955,0.048466,0.46703111111111106,0.852387176,55.0
2030,1956,0.033555,0.6674288888888888,0.847444776,52.0
2030,1957,0.021989,0.7779,0.855809713,58.68
2030,1958,0.025636,0.7897477777777778,0.855425889,59.17
2030,1959,0.046096,0.7395466666666666,0.849379847,66.0
2030,1960,0.069887,0.664511111111111,0.869408418,75.04
2030,1961,0.095239,0.4558233333333333,0.875714137,87.38
2030,1962,0.137701,0.13163333333333332,0.864730935,111.9
2030,1963,0.174456,0.0,0.880525464,112.18
2030,1964,0.193941,0.0,0.852040503,94.81
2030,1965,0.193974,0.0,0.810385956,74.64
2030,1966,0.192009,0.0,0.769251491,73.2
2030,1967,0.176919,0.0,0.726186118,69.84
2030,1968,0.141706,0.0,0.698247792,70.88
2030,1969,0.101539,0.0,0.661880842,66.14
2030,1970,0.065482,0.0,0.652308451,56.46
2030,1971,0.0388,0.0,0.648697176,49.99
2030,1972,0.019454,0.0,0.648532991,52.11
2030,1973,0.011708,0.0,0.652445665,51.94
2030,1974,0.01182,0.011714444444444444,0.659578601,47.87
2030,1975,0.015899,0.4675522222222222,0.687175793,43.48
2030,1976,0.018631,0.7156877777777778,0.712739451,34.59
2030,1977,0.023981,0.8310644444444444,0.725284501,11.19
2030,1978,0.035778,0.8788766666666666,0.721193324,0.0
2030,1979,0.042054,0.89664,0.708597309,-0.1
2030,1980,0.0433,0.8755422222222222,0.702442188,-5.01
2030,1981,0.046581,0.8593033333333334,0.697676841,-10.0
2030,1982,0.053596,0.8011766666666666,0.700142334,-9.44
2030,1983,0.06406,0.702891111111111,0.715591854,-2.98
2030,1984,0.083582,0.5559077777777779,0.732344572,-2.36
2030,1985,0.128153,0.3061655555555555,0.756854567,37.68
2030,1986,0.196057,0.08094222222222222,0.768723629,62.02
2030,1987,0.26179199999999997,0.0,0.796585326,67.2
2030,1988,0.319017,0.0,0.786600275,52.94
2030,1989,0.358572,0.0,0.755479074,45.84
2030,1990,0.336851,0.0,0.721388082,38.52
2030,1991,0.269794,0.0,0.69182954,27.5
2030,1992,0.196123,0.0,0.66525382,27.17
2030,1993,0.135222,0.0,0.647661952,11.67
2030,1994,0.088593,0.0,0.638114307,8.3
2030,1995,0.055223,0.0,0.636794202,13.47
2030,1996,0.037491,0.0,0.635957265,14.91
2030,1997,0.035876,0.0,0.63415732,17.18
2030,1998,0.052348,0.0007644444444444443,0.630963731,11.41
2030,1999,0.083135,0.08180444444444443,0.645747248,1.19
2030,2000,0.095293,0.21909555555555554,0.656252828,0.0
2030,2001,0.087406,0.3900222222222222,0.669074345,0.0
2030,2002,0.083122,0.5421888888888888,0.669509621,0.0
2030,2003,0.0864,0.6686555555555554,0.663731678,0.0
2030,2004,0.093911,0.7486188888888888,0.664177644,0.0
2030,2005,0.106565,0.7385288888888888,0.672225701,0.0
2030,2006,0.115598,0.6867522222222222,0.671768357,0.0
2030,2007,0.135005,0.5734911111111113,0.682485692,0.0
2030,2008,0.175724,0.4480455555555556,0.709403778,11.6
2030,2009,0.23872,0.27931111111111107,0.743718536,50.0
2030,2010,0.3215,0.08201888888888888,0.757270494,71.57
2030,2011,0.37137,0.0,0.786696811,76.34
2030,2012,0.34901,0.0,0.779819136,67.11
2030,2013,0.310324,0.0,0.747560337,64.97
2030,2014,0.274452,0.0,0.709366763,64.47
2030,2015,0.22842,0.0,0.672235465,64.0
2030,2016,0.18584,0.0,0.648062883,62.9
2030,2017,0.153268,0.0,0.68224107,65.1
2030,2018,0.125513,0.0,0.678542534,70.0
2030,2019,0.108814,0.0,0.681997139,73.1
2030,2020,0.103906,0.0,0.692604256,67.03
2030,2021,0.114,0.0,0.722850688,77.14
2030,2022,0.138583,0.0,0.726951922,87.77
2030,2023,0.166977,0.016872222222222222,0.779986563,113.87
2030,2024,0.179808,0.04680555555555555,0.803211093,99.68
2030,2025,0.194909,0.08738666666666665,0.808528746,74.15
2030,2026,0.219179,0.1256211111111111,0.809143368,66.96
2030,2027,0.239649,0.1636077777777778,0.812761397,60.95
2030,2028,0.25617700000000004,0.21494333333333332,0.809943244,59.11
2030,2029,0.275576,0.18990222222222225,0.825261886,59.3
2030,2030,0.307913,0.15400333333333335,0.824088143,61.04
2030,2031,0.347934,0.11830777777777776,0.818673178,68.84
2030,2032,0.384694,0.07172666666666667,0.838200587,74.5
2030,2033,0.412358,0.02871888888888889,0.840427387,98.7
2030,2034,0.450348,0.0029166666666666664,0.824282291,155.0
2030,2035,0.49435,0.0,0.84083561,138.0
2030,2036,0.524096,0.0,0.821030671,86.9
2030,2037,0.532939,0.0,0.779093491,70.38
2030,2038,0.532686,0.0,0.734726879,70.4
2030,2039,0.527635,0.0,0.693299764,68.77
2030,2040,0.514904,0.0,0.668454409,73.0
2030,2041,0.508745,0.0,0.692084483,65.8
2030,2042,0.473385,0.0,0.68618347,64.3
2030,2043,0.425978,0.0,0.686896434,66.0
2030,2044,0.380503,0.0,0.696826888,64.04
2030,2045,0.34356,0.0,0.72422873,67.27
2030,2046,0.319998,0.0,0.725961289,75.33
2030,2047,0.299387,0.04290222222222222,0.775956513,79.2
2030,2048,0.266343,0.16197333333333333,0.798604676,72.1
2030,2049,0.242271,0.39935,0.800365554,62.0
2030,2050,0.221801,0.6282155555555554,0.798450554,49.5
2030,2051,0.184082,0.7857688888888889,0.795260683,37.03
2030,2052,0.137951,0.8103111111111111,0.799536509,13.48
2030,2053,0.099799,0.8266066666666666,0.811903788,27.62
2030,2054,0.082018,0.8172122222222221,0.811780872,37.1
2030,2055,0.083639,0.7613588888888888,0.81136059,51.93
2030,2056,0.105474,0.6182977777777778,0.826624968,74.05
2030,2057,0.1603,0.3951977777777778,0.819393204,106.7
2030,2058,0.250505,0.09404666666666667,0.809816914,116.0
2030,2059,0.301785,0.0,0.818377497,100.3
2030,2060,0.26803,0.0,0.794117237,80.0
2030,2061,0.20997,0.0,0.751484084,82.2
2030,2062,0.157568,0.0,0.705950597,74.4
2030,2063,0.121219,0.0,0.660910428,66.92
2030,2064,0.098122,0.0,0.63445373,58.35
2030,2065,0.086456,0.0,0.654274005,57.09
2030,2066,0.090343,0.0,0.650287941,57.28
2030,2067,0.104308,0.0,0.651832132,55.59
2030,2068,0.127808,0.0,0.66084023,56.87
2030,2069,0.160804,0.0,0.683440456,64.52
2030,2070,0.196907,0.031242222222222223,0.685390054,78.78
2030,2071,0.210335,0.4816511111111111,0.737194282,82.77
2030,2072,0.190078,0.7620433333333334,0.766031912,79.83
2030,2073,0.161403,0.8701822222222222,0.775346507,68.33
2030,2074,0.118832,0.89531,0.780026346,63.94
2030,2075,0.082115,0.91154,0.777497622,58.14
2030,2076,0.06473399999999999,0.8840655555555554,0.775434045,57.66
2030,2077,0.071272,0.9061333333333333,0.792184938,59.54
2030,2078,0.091876,0.895,0.789831962,61.45
2030,2079,0.109927,0.8535911111111112,0.786911183,73.9
2030,2080,0.115058,0.7560433333333333,0.80930626,76.0
2030,2081,0.104695,0.5645011111111111,0.807474524,94.44
2030,2082,0.09111,0.20082111111111114,0.795519797,120.42
2030,2083,0.068356,0.0,0.798401975,116.88
2030,2084,0.041489,0.0,0.767181632,97.23
2030,2085,0.021445,0.0,0.721303844,79.35
2030,2086,0.013832,0.0,0.672581481,79.47
2030,2087,0.015477,0.0,0.625037288,74.0
2030,2088,0.026592,0.0,0.596804279,74.51
2030,2089,0.047532,0.0,0.615257957,62.19
2030,2090,0.071964,0.0,0.608813867,57.27
2030,2091,0.09157,0.0,0.608736744,55.79
2030,2092,0.106866,0.0,0.618862032,55.5
2030,2093,0.117248,0.0,0.648350624,57.52
2030,2094,0.120722,0.022521111111111103,0.654981001,68.99
2030,2095,0.114579,0.24849111111111113,0.706787943,76.05
2030,2096,0.093226,0.5151144444444444,0.732414329,73.03
2030,2097,0.077172,0.7808555555555554,0.734020357,58.09
2030,2098,0.073003,0.87793,0.734942415,40.1
2030,2099,0.075801,0.8934066666666667,0.730002558,31.36
2030,2100,0.070632,0.8731844444444444,0.724203123,6.73
2030,2101,0.05979,0.8580211111111111,0.735768913,0.05
2030,2102,0.043318,0.8344722222222221,0.735917566,0.0
2030,2103,0.028627,0.7752688888888887,0.731083255,8.66
2030,2104,0.01789,0.6829966666666666,0.752678087,27.18
2030,2105,0.01329,0.46839666666666663,0.75732058,43.09
2030,2106,0.022643,0.13686111111111113,0.751399668,63.68
2030,2107,0.052199,0.0,0.765354482,68.09
2030,2108,0.093327,0.0,0.742728501,56.81
2030,2109,0.141786,0.0,0.697038865,44.89
2030,2110,0.198613,0.0,0.650456106,32.76
2030,2111,0.266359,0.0,0.605915349,25.0
2030,2112,0.349439,0.0,0.578907175,20.6
2030,2113,0.421575,0.0,0.539542265,18.83
2030,2114,0.429121,0.0,0.529887271,12.43
2030,2115,0.397206,0.0,0.52572491,10.24
2030,2116,0.364001,0.0,0.52757293,12.59
2030,2117,0.353047,0.0,0.53678907,14.32
2030,2118,0.365619,0.0079,0.55259392,22.02
2030,2119,0.373943,0.1168288888888889,0.576845668,54.9
2030,2120,0.362244,0.24231111111111114,0.595819528,79.3
2030,2121,0.388523,0.4401911111111111,0.608203867,63.6
2030,2122,0.480256,0.6346833333333334,0.604047507,29.9
2030,2123,0.598675,0.6667266666666666,0.598713132,18.81
2030,2124,0.677701,0.5453577777777778,0.594183612,12.99
2030,2125,0.694498,0.3251666666666666,0.593581792,9.86
2030,2126,0.673948,0.20897888888888883,0.597720441,13.44
2030,2127,0.6555,0.14936555555555553,0.610132213,21.14
2030,2128,0.68142,0.07681333333333333,0.630156441,43.87
2030,2129,0.698252,0.035942222222222216,0.647166619,75.44
2030,2130,0.750881,0.011313333333333333,0.65478518,101.62
2030,2131,0.813461,0.0,0.667494244,108.0
2030,2132,0.785957,0.0,0.653756766,87.4
2030,2133,0.779135,0.0,0.625475411,79.9
2030,2134,0.774082,0.0,0.595271969,75.89
2030,2135,0.806269,0.0,0.566425584,70.0
2030,2136,0.80626,0.0,0.540761141,69.3
2030,2137,0.782695,0.0,0.542412308,58.16
2030,2138,0.775921,0.0,0.5334125,68.11
2030,2139,0.762566,0.0,0.529961046,65.8
2030,2140,0.72694,0.0,0.531041506,84.0
2030,2141,0.731984,0.0,0.536994355,65.05
2030,2142,0.759757,0.0,0.547561103,69.89
2030,2143,0.788019,0.007288888888888888,0.570043959,72.62
2030,2144,0.846206,0.01831555555555556,0.59312388,50.0
2030,2145,0.903629,0.02918555555555555,0.606594955,54.39
2030,2146,0.928027,0.046761111111111114,0.602619171,36.15
2030,2147,0.967948,0.12936444444444442,0.588461955,25.0
2030,2148,0.978744,0.3507755555555555,0.579486867,25.74
2030,2149,0.978855,0.32733,0.572486081,13.15
2030,2150,0.981725,0.24847666666666665,0.566633031,15.87
2030,2151,0.980532,0.3332088888888889,0.575852332,37.05
2030,2152,0.983519,0.42776777777777775,0.593002178,52.52
2030,2153,0.983572,0.3068,0.616276722,79.2
2030,2154,0.983399,0.055217777777777775,0.627709743,101.3
2030,2155,0.975647,0.0,0.65066633,130.0
2030,2156,0.96218,0.0,0.653292464,111.6
2030,2157,0.94363,0.0,0.629403155,80.8
2030,2158,0.929575,0.0,0.601807758,70.83
2030,2159,0.92299,0.0,0.577979877,65.74
2030,2160,0.911782,0.0,0.554508366,81.81
2030,2161,0.88702,0.0,0.512059611,74.57
2030,2162,0.881038,0.0,0.503903382,64.98
2030,2163,0.829111,0.0,0.499722226,65.68
2030,2164,0.785857,0.0,0.499546909,61.74
2030,2165,0.782678,0.0,0.496579771,68.75
2030,2166,0.785308,0.007327777777777777,0.474290441,74.02
2030,2167,0.804033,0.06379111111111112,0.457679486,70.74
2030,2168,0.846141,0.10544222222222223,0.448429458,50.39
2030,2169,0.886026,0.12478555555555557,0.453135287,40.0
2030,2170,0.925337,0.14897333333333335,0.459963275,27.84
2030,2171,0.926523,0.17755444444444446,0.462539756,18.68
2030,2172,0.913489,0.22853666666666667,0.470253495,2.81
2030,2173,0.911221,0.25187777777777776,0.48194011,0.97
2030,2174,0.904104,0.26158444444444445,0.488627664,14.83
2030,2175,0.884332,0.28566222222222226,0.49526286,41.07
2030,2176,0.874929,0.2894622222222223,0.522710413,66.74
2030,2177,0.835129,0.2375711111111111,0.540772229,86.8
2030,2178,0.787619,0.09435111111111111,0.555858152,118.04
2030,2179,0.734057,0.0,0.579421616,83.72
2030,2180,0.706837,0.0,0.586369785,65.2
2030,2181,0.727476,0.0,0.566414304,60.55
2030,2182,0.787432,0.0,0.537954677,54.9
2030,2183,0.836452,0.0,0.510456301,51.03
2030,2184,0.858509,0.0,0.496314019,48.98
2030,2185,0.851986,0.0,0.498655024,45.1
2030,2186,0.835159,0.0,0.494399759,43.54
2030,2187,0.820866,0.0,0.494731321,46.56
2030,2188,0.806339,0.0,0.505956554,52.35
2030,2189,0.793016,0.0,0.533550101,55.26
2030,2190,0.788412,0.04349111111111112,0.559971718,59.51
2030,2191,0.770942,0.32829,0.585476351,58.71
2030,2192,0.759149,0.6311055555555555,0.588831325,60.89
2030,2193,0.789273,0.7514522222222222,0.589784292,52.96
2030,2194,0.836788,0.7789411111111112,0.589285851,48.23
2030,2195,0.883683,0.7871922222222222,0.578794754,48.75
2030,2196,0.913505,0.8211133333333333,0.575722577,0.03
2030,2197,0.916535,0.8495566666666666,0.567527225,-0.01
2030,2198,0.89075,0.8488033333333332,0.565679498,-0.01
2030,2199,0.829837,0.7684477777777776,0.57490806,-0.01
2030,2200,0.760599,0.46499666666666667,0.603144232,5.79
2030,2201,0.734374,0.16451333333333334,0.613409481,53.0
2030,2202,0.741353,0.05561,0.623245424,90.0
2030,2203,0.732117,0.0,0.641578779,79.89
2030,2204,0.689157,0.0,0.643617154,55.96
2030,2205,0.65795,0.0,0.614547906,41.0
2030,2206,0.584126,0.0,0.58038483,29.63
2030,2207,0.459849,0.0,0.550270318,46.13
2030,2208,0.258923,0.0,0.53086261,36.33
2030,2209,0.134265,0.0,0.599683398,16.46
2030,2210,0.07848,0.0,0.593608442,7.54
2030,2211,0.049418,0.0,0.594404723,1.94
2030,2212,0.038936,0.0,0.608965114,7.27
2030,2213,0.037356,0.0,0.651916086,51.32
2030,2214,0.034051,2.5555555555555554e-05,0.665082834,70.98
2030,2215,0.023739,0.024423333333333335,0.714363948,68.93
2030,2216,0.013502,0.13191333333333333,0.733128896,55.17
2030,2217,0.012149,0.1609722222222222,0.728575084,30.1
2030,2218,0.013719,0.14883,0.736489643,24.91
2030,2219,0.02727,0.20127444444444445,0.735763797,5.0
2030,2220,0.044489,0.37404999999999994,0.742253928,2.5
2030,2221,0.054773,0.3129822222222223,0.75734503,0.17
2030,2222,0.086979,0.24463111111111113,0.75305487,0.0
2030,2223,0.113999,0.14363777777777778,0.749609962,4.31
2030,2224,0.132431,0.09507000000000002,0.768372991,41.46
2030,2225,0.141855,0.028158888888888893,0.752578604,72.7
2030,2226,0.15379,0.002946666666666667,0.735663471,104.0
2030,2227,0.214636,0.0,0.737426554,110.0
2030,2228,0.289024,0.0,0.724266402,99.0
2030,2229,0.38183,0.0,0.679636664,76.26
2030,2230,0.471847,0.0,0.634030315,72.43
2030,2231,0.554624,0.0,0.588841975,72.74
2030,2232,0.625165,0.0,0.568634794,66.31
2030,2233,0.643576,0.0,0.602591053,62.64
2030,2234,0.605042,0.0,0.598496957,64.66
2030,2235,0.555095,0.0,0.600262584,64.89
2030,2236,0.49131,0.0,0.615891092,68.73
2030,2237,0.425953,0.0,0.657032038,82.94
2030,2238,0.355749,0.006738888888888889,0.668358074,106.52
2030,2239,0.282488,0.05045444444444444,0.718137078,117.93
2030,2240,0.264076,0.12898666666666667,0.742313648,102.44
2030,2241,0.309945,0.35355555555555557,0.746808877,107.35
2030,2242,0.393225,0.7746488888888887,0.750185284,90.92
2030,2243,0.490923,0.8578366666666666,0.749434115,78.72
2030,2244,0.587327,0.8289411111111111,0.746963618,65.8
2030,2245,0.636242,0.8261555555555554,0.751832308,58.9
2030,2246,0.638812,0.7313344444444445,0.755065243,58.09
2030,2247,0.670916,0.35629666666666665,0.750030958,60.97
2030,2248,0.71225,0.10565222222222223,0.769381483,70.31
2030,2249,0.711442,0.04448888888888889,0.7472942,85.0
2030,2250,0.712262,0.024642222222222225,0.728339335,91.69
2030,2251,0.779311,0.0,0.730375798,92.65
2030,2252,0.837207,0.0,0.707874485,70.71
2030,2253,0.892169,0.0,0.66420021,65.49
2030,2254,0.912687,0.0,0.619342763,55.33
2030,2255,0.870807,0.0,0.574914852,42.63
2030,2256,0.831282,0.0,0.552542395,40.28
2030,2257,0.802991,0.0,0.593435448,39.08
2030,2258,0.815036,0.0,0.58834894,39.67
2030,2259,0.818548,0.0,0.590367194,40.03
2030,2260,0.851022,0.0,0.606731792,43.07
2030,2261,0.881658,0.0,0.649474248,53.49
2030,2262,0.892635,0.012204444444444447,0.66377075,65.47
2030,2263,0.907245,0.07685666666666667,0.710867153,75.33
2030,2264,0.923322,0.20420666666666665,0.729614118,71.79
2030,2265,0.941451,0.2843266666666666,0.738452804,69.17
2030,2266,0.95155,0.25123666666666666,0.749919405,63.06
2030,2267,0.97158,0.1380311111111111,0.744628614,51.77
2030,2268,0.962914,0.10020444444444443,0.741899234,45.88
2030,2269,0.9545,0.11211888888888888,0.746818778,45.15
2030,2270,0.949499,0.12823666666666667,0.741054954,44.17
2030,2271,0.950386,0.11486333333333333,0.738974677,44.9
2030,2272,0.945726,0.07402,0.764125001,56.75
2030,2273,0.942,0.034589999999999996,0.752239264,65.1
2030,2274,0.938427,0.009298888888888886,0.741817125,103.7
2030,2275,0.936184,0.0,0.745987122,99.5
2030,2276,0.937757,0.0,0.733786042,75.7
2030,2277,0.934175,0.0,0.68786538,67.0
2030,2278,0.895245,0.0,0.642606457,57.85
2030,2279,0.879943,0.0,0.598902264,58.12
2030,2280,0.867755,0.0,0.577439793,54.46
2030,2281,0.850875,0.0,0.630091789,50.04
2030,2282,0.833289,0.0,0.624374913,47.98
2030,2283,0.823433,0.0,0.626822331,47.37
2030,2284,0.82041,0.0,0.643609664,52.0
2030,2285,0.817513,0.0,0.686010734,62.53
2030,2286,0.801274,0.040182222222222216,0.699677863,76.79
2030,2287,0.785267,0.1846188888888889,0.745461688,80.0
2030,2288,0.796411,0.3298966666666666,0.754807029,67.59
2030,2289,0.819322,0.45905777777777773,0.74787205,50.0
2030,2290,0.820942,0.5708244444444445,0.757565589,23.7
2030,2291,0.801407,0.6439511111111111,0.749648851,8.48
2030,2292,0.766997,0.5911744444444446,0.750012972,0.0
2030,2293,0.741201,0.534071111111111,0.758453158,-0.2
2030,2294,0.722161,0.6295944444444445,0.755630661,-10.07
2030,2295,0.727351,0.7424811111111111,0.749702164,-15.0
2030,2296,0.750201,0.6671266666666666,0.775756364,6.0
2030,2297,0.76314,0.5239888888888888,0.764615372,44.66
2030,2298,0.802614,0.2580955555555556,0.751022479,58.4
2030,2299,0.840362,0.00029,0.751864385,64.89
2030,2300,0.857513,0.0,0.746360412,62.94
2030,2301,0.868522,0.0,0.705557941,58.99
2030,2302,0.884458,0.0,0.667883833,50.2
2030,2303,0.895391,0.0,0.627784396,42.31
2030,2304,0.894369,0.0,0.607260155,43.78
2030,2305,0.881306,0.0,0.586524348,44.0
2030,2306,0.86467,0.0,0.582547394,44.87
2030,2307,0.841783,0.0,0.583678237,48.09
2030,2308,0.821612,0.0,0.592555492,48.25
2030,2309,0.803304,0.0,0.615013812,50.01
2030,2310,0.784269,0.11271333333333333,0.634262712,51.19
2030,2311,0.731163,0.4245,0.645043391,48.0
2030,2312,0.671588,0.6836288888888887,0.645986691,27.16
2030,2313,0.642547,0.8155344444444445,0.639921943,-14.86
2030,2314,0.609114,0.8574922222222222,0.628664048,-22.1
2030,2315,0.595295,0.8612155555555556,0.609061511,-50.0
2030,2316,0.611815,0.83343,0.602904899,-120.92
2030,2317,0.577829,0.7766244444444445,0.595390403,-125.3
2030,2318,0.532767,0.6076644444444446,0.592484767,-50.0
2030,2319,0.462039,0.3874666666666667,0.605871975,-20.0
2030,2320,0.40519,0.28743555555555556,0.629789845,0.0
2030,2321,0.349288,0.21503333333333335,0.643585898,55.92
2030,2322,0.290467,0.08120111111111111,0.653968769,69.2
2030,2323,0.249691,0.0,0.668220476,65.0
2030,2324,0.197504,0.0,0.672344878,64.9
2030,2325,0.156622,0.0,0.646235825,46.6
2030,2326,0.146263,0.0,0.617958266,30.0
2030,2327,0.149264,0.0,0.591384594,10.24
2030,2328,0.144404,0.0,0.572342978,0.09
2030,2329,0.134781,0.0,0.555152521,0.0
2030,2330,0.132822,0.0,0.550184709,0.0
2030,2331,0.143379,0.0,0.551990214,0.0
2030,2332,0.158085,0.0,0.560730315,0.0
2030,2333,0.178653,0.0,0.57756909,0.0
2030,2334,0.203424,0.2078611111111111,0.587804018,0.0
2030,2335,0.216513,0.5867822222222222,0.587093846,0.0
2030,2336,0.222844,0.769931111111111,0.577166273,-0.01
2030,2337,0.266311,0.8377344444444444,0.570328991,-10.01
2030,2338,0.312927,0.850701111111111,0.564773508,-21.0
2030,2339,0.353213,0.8967977777777778,0.558674431,-34.91
2030,2340,0.38991,0.88596,0.561006065,-50.0
2030,2341,0.409902,0.8926055555555555,0.552332642,-49.0
2030,2342,0.412503,0.8906066666666667,0.550676259,-20.0
2030,2343,0.402093,0.8566922222222222,0.565265356,-0.16
2030,2344,0.393105,0.7692866666666667,0.596949791,4.28
2030,2345,0.354856,0.6121288888888888,0.61612441,51.32
2030,2346,0.295144,0.3085655555555556,0.633429822,84.0
2030,2347,0.275148,0.003915555555555556,0.651203411,90.93
2030,2348,0.26976,0.0,0.666036876,80.1
2030,2349,0.26073399999999997,0.0,0.641503628,75.31
2030,2350,0.25946499999999995,0.0,0.610784617,69.68
2030,2351,0.255314,0.0,0.581025749,70.1
2030,2352,0.248421,0.0,0.565755721,64.53
2030,2353,0.255543,0.0,0.615850557,63.91
2030,2354,0.293334,0.0,0.61603367,66.06
2030,2355,0.342414,0.0,0.623815102,66.49
2030,2356,0.367551,0.0,0.643318921,69.48
2030,2357,0.358775,0.0,0.689315761,93.19
2030,2358,0.321459,0.07808666666666667,0.707397867,149.78
2030,2359,0.266316,0.32683555555555555,0.745526122,128.52
2030,2360,0.227755,0.7101622222222221,0.739865235,85.51
2030,2361,0.215062,0.8390144444444445,0.716468926,69.89
2030,2362,0.207889,0.8898211111111112,0.709399476,67.1
2030,2363,0.196925,0.9081455555555555,0.703206381,64.7
2030,2364,0.189239,0.8931666666666667,0.705429427,60.0
2030,2365,0.197017,0.9012877777777778,0.718465256,57.89
2030,2366,0.225036,0.8954388888888888,0.719800626,63.4
2030,2367,0.270265,0.8597055555555555,0.720655242,70.0
2030,2368,0.316816,0.788151111111111,0.748513576,75.01
2030,2369,0.37366,0.6434222222222222,0.734800133,104.9
2030,2370,0.4721,0.3446755555555556,0.723857628,137.3
2030,2371,0.581508,0.006838888888888889,0.728188408,124.8
2030,2372,0.60504,0.0,0.726066444,84.85
2030,2373,0.547703,0.0,0.686769577,77.0
2030,2374,0.473243,0.0,0.644501007,75.56
2030,2375,0.408038,0.0,0.603826284,83.31
2030,2376,0.347616,0.0,0.587132711,69.39
2030,2377,0.297766,0.0,0.626363,64.73
2030,2378,0.265552,0.0,0.626775372,59.02
2030,2379,0.254799,0.0,0.63313759,60.84
2030,2380,0.261749,0.0,0.651916272,65.48
2030,2381,0.270779,0.0,0.695661775,77.2
2030,2382,0.27441,0.1919777777777778,0.712544472,89.95
2030,2383,0.240231,0.5234044444444444,0.750485048,79.78
2030,2384,0.199009,0.7322044444444445,0.753716772,68.3
2030,2385,0.207904,0.8310144444444444,0.729772157,50.5
2030,2386,0.224039,0.8751533333333332,0.721016459,42.87
2030,2387,0.230136,0.8880677777777777,0.709329488,32.78
2030,2388,0.239426,0.8715288888888887,0.709279254,7.1
2030,2389,0.252048,0.8808211111111112,0.720806128,7.56
2030,2390,0.272075,0.87043,0.725453557,0.0
2030,2391,0.292948,0.8274033333333333,0.724588748,13.2
2030,2392,0.313637,0.7331433333333334,0.751356495,40.72
2030,2393,0.331082,0.5653622222222222,0.735071963,61.6
2030,2394,0.36059,0.2618877777777778,0.720531189,73.51
2030,2395,0.388515,0.006728888888888889,0.722317106,79.92
2030,2396,0.391102,0.0,0.724653365,66.64
2030,2397,0.362203,0.0,0.68375089,59.52
2030,2398,0.327762,0.0,0.640583951,34.54
2030,2399,0.295861,0.0,0.594681835,12.9
2030,2400,0.256764,0.0,0.576043498,5.1
2030,2401,0.21508,0.0,0.608829976,5.0
2030,2402,0.178681,0.0,0.607042597,8.99
2030,2403,0.15166,0.0,0.611643798,24.7
2030,2404,0.135736,0.0,0.628413005,48.8
2030,2405,0.123152,0.0,0.672075922,74.75
2030,2406,0.125183,0.13475777777777775,0.687658777,99.63
2030,2407,0.131859,0.48889222222222223,0.72916274,106.7
2030,2408,0.12031,0.7223288888888888,0.741184357,80.46
2030,2409,0.109162,0.8133733333333333,0.733902581,67.64
2030,2410,0.119887,0.8417411111111112,0.733054869,52.99
2030,2411,0.154981,0.8279788888888889,0.720571561,19.21
2030,2412,0.215052,0.8029944444444446,0.72196515,8.93
2030,2413,0.301807,0.8169499999999998,0.730579937,0.0
2030,2414,0.376596,0.8188744444444445,0.729940238,-0.1
2030,2415,0.378116,0.7810733333333333,0.725676414,22.0
2030,2416,0.388926,0.6274955555555555,0.75003518,64.9
2030,2417,0.430252,0.29136666666666666,0.730399457,82.65
2030,2418,0.402566,0.2004122222222222,0.713852976,145.46
2030,2419,0.470736,0.004423333333333333,0.71263191,141.1
2030,2420,0.625159,0.0,0.709590772,88.28
2030,2421,0.749171,0.0,0.667109411,72.35
2030,2422,0.837017,0.0,0.622677151,65.1
2030,2423,0.863623,0.0,0.577696681,48.59
2030,2424,0.839732,0.0,0.557081854,26.67
2030,2425,0.844007,0.0,0.58923151,23.68
2030,2426,0.889702,0.0,0.585535571,9.99
2030,2427,0.921039,0.0,0.588878889,7.98
2030,2428,0.908209,0.0,0.606124445,28.38
2030,2429,0.90125,0.0,0.649889873,66.11
2030,2430,0.905115,0.04937444444444445,0.665687822,68.23
2030,2431,0.89679,0.21245555555555556,0.70154718,52.2
2030,2432,0.859934,0.4007077777777777,0.714510401,71.0
2030,2433,0.852615,0.7139077777777779,0.711063956,71.5
2030,2434,0.868686,0.8491066666666667,0.717752745,70.0
2030,2435,0.865267,0.8682866666666667,0.712285843,74.9
2030,2436,0.87416,0.8704533333333334,0.708414433,74.0
2030,2437,0.883892,0.8783077777777777,0.715050097,85.05
2030,2438,0.882213,0.8657544444444444,0.711173866,77.6
2030,2439,0.859868,0.8174,0.710661095,69.0
2030,2440,0.820419,0.7687833333333333,0.73476416,86.05
2030,2441,0.759803,0.6357211111111112,0.721086654,100.7
2030,2442,0.672869,0.3565422222222222,0.710980278,134.36
2030,2443,0.589998,0.015035555555555555,0.710884808,119.8
2030,2444,0.50875,0.0,0.707086301,91.05
2030,2445,0.448205,0.0,0.663067804,79.21
2030,2446,0.425247,0.0,0.618007899,75.75
2030,2447,0.414635,0.0,0.573888558,74.5
2030,2448,0.429503,0.0,0.553432373,70.35
2030,2449,0.462563,0.0,0.591706661,65.5
2030,2450,0.50646,0.0,0.587918718,59.02
2030,2451,0.515683,0.0,0.590346714,59.49
2030,2452,0.491948,0.0,0.606165441,64.01
2030,2453,0.450347,0.0,0.648934171,75.96
2030,2454,0.404466,0.15747666666666668,0.663012069,91.01
2030,2455,0.321467,0.42977111111111105,0.702322236,86.0
2030,2456,0.244503,0.5848077777777778,0.71708949,76.4
2030,2457,0.203928,0.7517744444444444,0.71106705,42.16
2030,2458,0.197311,0.8179911111111111,0.71397178,18.84
2030,2459,0.211024,0.8445677777777778,0.704865379,0.0
2030,2460,0.223431,0.8182377777777778,0.705204287,-0.1
2030,2461,0.222353,0.6972122222222221,0.716241613,-10.02
2030,2462,0.214526,0.37537,0.709745157,-5.03
2030,2463,0.193975,0.19564,0.706411533,0.0
2030,2464,0.160719,0.12713666666666668,0.731364115,50.35
2030,2465,0.12821600000000002,0.0736288888888889,0.716925394,73.12
2030,2466,0.117108,0.03048555555555556,0.701835823,104.95
2030,2467,0.121281,0.0005755555555555555,0.697664891,112.9
2030,2468,0.134619,0.0,0.691287112,80.34
2030,2469,0.143496,0.0,0.651452361,72.73
2030,2470,0.158576,0.0,0.614653537,62.6
2030,2471,0.201437,0.0,0.575497161,54.56
2030,2472,0.243844,0.0,0.555247364,44.15
2030,2473,0.243688,0.0,0.539664776,23.27
2030,2474,0.223383,0.0,0.533712578,18.11
2030,2475,0.207461,0.0,0.534272407,18.04
2030,2476,0.178654,0.0,0.541861385,24.08
2030,2477,0.147939,0.0,0.561612871,28.75
2030,2478,0.124638,0.052882222222222226,0.579846073,33.73
2030,2479,0.110794,0.13023444444444446,0.592981296,22.6
2030,2480,0.10559,0.2338711111111111,0.605163768,8.8
2030,2481,0.10396,0.3056555555555555,0.609603747,-0.02
2030,2482,0.11072,0.2990088888888889,0.603779733,-10.16
2030,2483,0.117209,0.3219877777777777,0.587856704,-31.66
2030,2484,0.106517,0.4283244444444444,0.580674922,-50.0
2030,2485,0.085509,0.39154,0.572765878,-55.01
2030,2486,0.063952,0.3140511111111111,0.571649004,-49.91
2030,2487,0.043127,0.2940277777777777,0.583878989,-19.14
2030,2488,0.026089,0.2760777777777778,0.604348124,-0.15
2030,2489,0.014359,0.22683111111111112,0.611715364,33.37
2030,2490,0.008782,0.10831,0.617961034,50.1
2030,2491,0.006739,0.008008888888888888,0.623784758,58.83
2030,2492,0.011511,0.0,0.635479338,37.54
2030,2493,0.019891,0.0,0.609127499,20.34
2030,2494,0.03133,0.0,0.582107918,7.5
2030,2495,0.04212,0.0,0.555708045,0.44
2030,2496,0.048301,0.0,0.540224261,1.1
2030,2497,0.04883,0.0,0.535951114,0.94
2030,2498,0.047733,0.0,0.531228986,1.26
2030,2499,0.045485,0.0,0.53028417,2.6
2030,2500,0.044905,0.0,0.537304441,6.0
2030,2501,0.043994,0.0,0.551818867,12.86
2030,2502,0.044621,0.15101666666666666,0.559442408,13.0
2030,2503,0.046076,0.4791322222222222,0.55556682,8.21
2030,2504,0.044146,0.6893777777777779,0.557174248,0.0
2030,2505,0.048305,0.7921499999999999,0.557016295,-2.68
2030,2506,0.061333,0.8274799999999999,0.555404698,-12.97
2030,2507,0.061954,0.8449699999999999,0.553069233,-42.23
2030,2508,0.051314,0.8473622222222221,0.557431058,-60.05
2030,2509,0.034114,0.8071655555555554,0.548820493,-60.01
2030,2510,0.018529,0.792257777777778,0.546700161,-40.05
2030,2511,0.010469,0.7261488888888888,0.559269948,-6.25
2030,2512,0.013833,0.6289055555555556,0.588360877,1.57
2030,2513,0.017387,0.4325911111111111,0.604072924,79.7
2030,2514,0.023051,0.17917888888888886,0.619598892,102.3
2030,2515,0.03678,0.01105222222222222,0.63071992,133.65
2030,2516,0.052013,0.0,0.649815279,124.48
2030,2517,0.06456999999999999,0.0,0.627280759,97.16
2030,2518,0.076862,0.0,0.596380686,79.69
2030,2519,0.09023,0.0,0.566943098,81.96
2030,2520,0.101866,0.0,0.551978416,74.9
2030,2521,0.106781,0.0,0.613831448,70.55
2030,2522,0.106203,0.0,0.615950744,70.54
2030,2523,0.109272,0.0,0.622947193,68.3
2030,2524,0.120547,0.0,0.642056857,78.88
2030,2525,0.132525,0.0,0.687388714,98.75
2030,2526,0.137919,0.07509111111111111,0.698911038,148.0
2030,2527,0.128037,0.19224888888888886,0.735031712,108.27
2030,2528,0.099085,0.2992344444444444,0.733524258,62.6
2030,2529,0.078101,0.37293111111111105,0.720762011,48.0
2030,2530,0.066458,0.4126744444444444,0.722019183,48.77
2030,2531,0.061555,0.5893311111111111,0.719260214,42.17
2030,2532,0.065021,0.6470633333333332,0.720497189,31.74
2030,2533,0.074022,0.6669811111111111,0.735959407,13.15
2030,2534,0.081563,0.6075011111111112,0.732257194,9.15
2030,2535,0.083958,0.49463777777777773,0.730623258,6.99
2030,2536,0.075856,0.3464155555555556,0.755053362,43.46
2030,2537,0.059221,0.2069322222222222,0.73904791,66.5
2030,2538,0.041307,0.08206444444444445,0.728846623,76.12
2030,2539,0.028649,0.006794444444444444,0.726090023,74.89
2030,2540,0.020682,0.0,0.729591208,65.54
2030,2541,0.018843,0.0,0.692658872,52.85
2030,2542,0.019811,0.0,0.651213694,34.01
2030,2543,0.02127,0.0,0.608572958,1.43
2030,2544,0.022021,0.0,0.590883008,0.02
2030,2545,0.020916,0.0,0.622446291,-0.1
2030,2546,0.018436,0.0,0.621654421,0.0
2030,2547,0.015066,0.0,0.62696024,13.78
2030,2548,0.010505,0.0,0.645890013,29.2
2030,2549,0.006288,0.0,0.690706837,51.59
2030,2550,0.004208,0.12344,0.704514558,69.69
2030,2551,0.003758,0.3458644444444445,0.735146208,74.26
2030,2552,0.004313,0.5279888888888888,0.735538692,64.81
2030,2553,0.00801,0.6848722222222221,0.721910863,50.77
2030,2554,0.012545,0.7844588888888888,0.718872757,41.46
2030,2555,0.013699,0.8389133333333334,0.708065858,38.74
2030,2556,0.014164,0.8220122222222223,0.712574691,33.57
2030,2557,0.019675,0.8145799999999999,0.721872256,33.42
2030,2558,0.036299,0.7895133333333334,0.717965364,39.95
2030,2559,0.066948,0.6396633333333333,0.717260006,51.67
2030,2560,0.110601,0.5036611111111111,0.741947538,74.53
2030,2561,0.178355,0.3671133333333333,0.724561799,87.3
2030,2562,0.285506,0.1739322222222222,0.71292474,98.0
2030,2563,0.423213,0.01433,0.709932978,115.42
2030,2564,0.530958,0.0,0.711946761,101.71
2030,2565,0.579078,0.0,0.672068222,90.1
2030,2566,0.594281,0.0,0.628160162,84.1
2030,2567,0.596392,0.0,0.581483641,84.75
2030,2568,0.578905,0.0,0.561578204,83.84
2030,2569,0.547703,0.0,0.592475994,81.35
2030,2570,0.511451,0.0,0.589679431,82.4
2030,2571,0.467878,0.0,0.593113731,81.31
2030,2572,0.409812,0.0,0.609477702,82.34
2030,2573,0.352367,0.0,0.651966281,108.5
2030,2574,0.314713,0.2618655555555555,0.666261791,154.67
2030,2575,0.268438,0.5730944444444445,0.708739718,152.0
2030,2576,0.236189,0.752261111111111,0.727059925,104.62
2030,2577,0.26403,0.8467266666666666,0.723471592,83.9
2030,2578,0.356787,0.8825555555555553,0.725998869,79.9
2030,2579,0.450353,0.89308,0.720789142,75.17
2030,2580,0.472081,0.88166,0.727384716,76.06
2030,2581,0.428712,0.8795588888888887,0.735996999,69.64
2030,2582,0.36631,0.87302,0.732361922,73.85
2030,2583,0.321457,0.83737,0.728737291,80.0
2030,2584,0.31109,0.7541611111111112,0.750406596,80.0
2030,2585,0.32772,0.616637777777778,0.731515238,103.21
2030,2586,0.404476,0.3618433333333333,0.710909852,145.0
2030,2587,0.537012,0.044826666666666674,0.704196739,169.9
2030,2588,0.667887,0.0,0.701267291,130.06
2030,2589,0.743265,0.0,0.660725432,99.04
2030,2590,0.782683,0.0,0.617496685,87.81
2030,2591,0.78384,0.0,0.572443565,91.83
2030,2592,0.759766,0.0,0.551067715,87.42
2030,2593,0.720248,0.0,0.584683572,88.53
2030,2594,0.661997,0.0,0.581110807,87.76
2030,2595,0.585822,0.0,0.584309418,89.61
2030,2596,0.508107,0.0,0.601297485,91.7
2030,2597,0.435757,0.0,0.644938313,115.2
2030,2598,0.376601,0.2341111111111111,0.656709924,155.45
2030,2599,0.294546,0.5724611111111112,0.696439703,131.19
2030,2600,0.249006,0.7487355555555555,0.713210035,101.12
2030,2601,0.236362,0.83168,0.70818049,89.89
2030,2602,0.236211,0.86714,0.716020991,75.71
2030,2603,0.236235,0.8739733333333334,0.712324282,67.6
2030,2604,0.205905,0.8594922222222221,0.720766804,68.1
2030,2605,0.153908,0.8611277777777778,0.730836594,63.45
2030,2606,0.099937,0.8468711111111111,0.725605672,63.52
2030,2607,0.059226,0.7990277777777778,0.727285613,65.24
2030,2608,0.034089,0.7153611111111113,0.754474268,80.86
2030,2609,0.027333,0.5931444444444446,0.736436774,94.03
2030,2610,0.041669,0.37665000000000004,0.718635449,125.24
2030,2611,0.099811,0.060677777777777775,0.715101065,128.91
2030,2612,0.213992,0.0,0.699284432,105.92
2030,2613,0.345728,0.0,0.653928545,89.89
2030,2614,0.440853,0.0,0.609936793,79.36
2030,2615,0.488405,0.0,0.563967125,69.26
2030,2616,0.498643,0.0,0.542803338,56.01
2030,2617,0.470715,0.0,0.5659952,47.0
2030,2618,0.416528,0.0,0.561221234,44.89
2030,2619,0.344231,0.0,0.56353662,43.93
2030,2620,0.257602,0.0,0.579528402,46.53
2030,2621,0.174982,0.0,0.62225625,58.1
2030,2622,0.122709,0.24868777777777779,0.635921032,69.74
2030,2623,0.099794,0.5453922222222222,0.680946729,76.0
2030,2624,0.094249,0.7234288888888888,0.701317385,68.3
2030,2625,0.104778,0.8171188888888888,0.696664532,60.2
2030,2626,0.133359,0.8536955555555554,0.694823218,46.6
2030,2627,0.175267,0.8660422222222222,0.683963137,36.6
2030,2628,0.200545,0.8556322222222221,0.684698206,10.0
2030,2629,0.189261,0.8513511111111112,0.692882446,-0.1
2030,2630,0.154884,0.8439499999999999,0.693477527,-0.1
2030,2631,0.130832,0.8079777777777777,0.693127194,3.0
2030,2632,0.136581,0.71851,0.715724931,50.29
2030,2633,0.181803,0.5772588888888889,0.697676189,59.7
2030,2634,0.272079,0.32759777777777777,0.677743991,62.23
2030,2635,0.407943,0.05021888888888889,0.667853427,63.74
2030,2636,0.553704,0.0,0.66014521,63.33
2030,2637,0.653139,0.0,0.619571707,62.87
2030,2638,0.706867,0.0,0.58239461,61.57
2030,2639,0.720861,0.0,0.541850667,59.09
2030,2640,0.699445,0.0,0.521514631,56.49
2030,2641,0.652026,0.0,0.49146441,55.77
2030,2642,0.586271,0.0,0.486010731,56.64
2030,2643,0.511454,0.0,0.485495538,59.65
2030,2644,0.428683,0.0,0.493882183,61.51
2030,2645,0.353181,5.444444444444445e-05,0.515130199,61.69
2030,2646,0.296984,0.18691666666666665,0.529076415,66.1
2030,2647,0.246382,0.4794088888888889,0.541716119,64.7
2030,2648,0.192054,0.6776222222222222,0.551099137,59.06
2030,2649,0.162453,0.7827555555555555,0.552576745,46.54
2030,2650,0.174284,0.8266577777777778,0.545724343,34.38
2030,2651,0.20171,0.8419111111111112,0.530092764,11.7
2030,2652,0.20191,0.8339088888888888,0.526008092,-4.0
2030,2653,0.173688,0.8235477777777778,0.518987386,-5.09
2030,2654,0.124928,0.8129922222222221,0.518043023,-4.01
2030,2655,0.085083,0.7738422222222221,0.532105645,25.0
2030,2656,0.065163,0.6776188888888889,0.5588362,48.33
2030,2657,0.077466,0.5229855555555556,0.564367843,63.74
2030,2658,0.125454,0.2660311111111111,0.572674804,79.32
2030,2659,0.212061,0.0394,0.574293891,91.17
2030,2660,0.312821,0.0,0.581671263,86.84
2030,2661,0.381186,0.0,0.556868562,84.01
2030,2662,0.402534,0.0,0.529231191,82.5
2030,2663,0.38391,0.0,0.501388472,81.85
2030,2664,0.32771,0.0,0.484149361,70.17
2030,2665,0.264033,0.0,0.473533534,69.53
2030,2666,0.219663,0.0,0.469075995,64.4
2030,2667,0.224944,0.0,0.469641795,63.88
2030,2668,0.299154,0.0,0.477176095,63.62
2030,2669,0.411731,0.0,0.492732818,64.43
2030,2670,0.506041,0.09059222222222223,0.494673922,60.53
2030,2671,0.520085,0.31474555555555556,0.496046819,55.93
2030,2672,0.459889,0.5866655555555554,0.498050927,51.12
2030,2673,0.412514,0.7333711111111112,0.498825489,26.92
2030,2674,0.415729,0.807891111111111,0.496369339,-22.2
2030,2675,0.44626,0.82656,0.490041397,-24.04
2030,2676,0.460961,0.8193599999999999,0.497179551,-7.0
2030,2677,0.438129,0.8047455555555555,0.497609556,-3.79
2030,2678,0.362233,0.7849844444444444,0.501620383,-10.03
2030,2679,0.288564,0.7257322222222221,0.51658746,4.67
2030,2680,0.266357,0.5876033333333333,0.542931409,42.94
2030,2681,0.281509,0.4130566666666666,0.55852443,61.98
2030,2682,0.312833,0.1893188888888889,0.570329476,87.65
2030,2683,0.380205,0.03065333333333333,0.576238519,95.26
2030,2684,0.468971,0.0,0.584941718,91.07
2030,2685,0.527637,0.0,0.560097224,89.41
2030,2686,0.558474,0.0,0.528128046,88.46
2030,2687,0.556543,0.0,0.496360611,77.18
2030,2688,0.5150370000000001,0.0,0.480268334,78.05
2030,2689,0.452698,0.0,0.530209066,78.44
2030,2690,0.394388,0.0,0.530009063,79.92
2030,2691,0.35578,0.0,0.535622021,79.79
2030,2692,0.314758,0.0,0.554506924,85.0
2030,2693,0.26871,0.00047,0.598644429,103.94
2030,2694,0.236199,0.13879,0.606985586,129.42
2030,2695,0.190847,0.3805433333333333,0.651165514,117.46
2030,2696,0.149212,0.5922911111111112,0.666353341,97.05
2030,2697,0.127178,0.74403,0.661663403,79.45
2030,2698,0.148465,0.8054244444444444,0.662140764,72.24
2030,2699,0.20591,0.828232222222222,0.660472736,68.31
2030,2700,0.25322,0.8247466666666666,0.667766528,71.24
2030,2701,0.266312,0.8191922222222222,0.676099498,64.25
2030,2702,0.261775,0.8081466666666667,0.680148909,59.45
2030,2703,0.269806,0.7694466666666666,0.680877902,71.9
2030,2704,0.305085,0.6865622222222222,0.703830362,80.66
2030,2705,0.37139,0.5491011111111112,0.685512195,104.09
2030,2706,0.458449,0.318698888888889,0.669295571,136.12
2030,2707,0.558032,0.06722222222222222,0.665783568,155.09
2030,2708,0.630099,0.0,0.658627544,127.16
2030,2709,0.662676,0.0,0.618423915,105.63
2030,2710,0.660645,0.0,0.575981874,96.94
2030,2711,0.623235,0.0,0.533359421,88.32
2030,2712,0.550547,0.0,0.51322888,86.69
2030,2713,0.45035,0.0,0.555158993,85.95
2030,2714,0.355749,0.0,0.551362956,85.42
2030,2715,0.293346,0.0,0.554473708,86.35
2030,2716,0.253089,0.0,0.570397187,97.03
2030,2717,0.237779,0.0037533333333333333,0.612069513,119.44
2030,2718,0.23999,0.25047444444444444,0.620686967,176.28
2030,2719,0.211755,0.5247566666666666,0.664735053,136.28
2030,2720,0.172352,0.69585,0.680758847,98.38
2030,2721,0.148896,0.7849722222222221,0.677099863,82.47
2030,2722,0.130453,0.8252044444444444,0.679471496,77.25
2030,2723,0.116897,0.8406099999999999,0.668897823,76.8
2030,2724,0.100913,0.8337622222222221,0.675122179,78.25
2030,2725,0.094493,0.8298744444444445,0.682564683,78.62
2030,2726,0.121826,0.8231644444444444,0.690218106,78.33
2030,2727,0.19322,0.7888788888888887,0.685118976,80.79
2030,2728,0.304298,0.7077677777777778,0.713188206,88.82
2030,2729,0.419244,0.5738988888888888,0.694661482,100.76
2030,2730,0.49926,0.33943555555555566,0.680029069,118.31
2030,2731,0.554807,0.08232,0.675595863,120.92
2030,2732,0.564747,0.0,0.667571107,102.0
2030,2733,0.519491,0.0,0.628663669,84.4
2030,2734,0.451247,0.0,0.586545318,81.54
2030,2735,0.383197,0.0,0.542524696,80.55
2030,2736,0.310636,0.0,0.522218319,76.29
2030,2737,0.246057,0.0,0.564911974,75.88
2030,2738,0.193282,0.0,0.561933538,72.64
2030,2739,0.160957,0.0,0.564910731,72.8
2030,2740,0.150371,0.0,0.580697491,79.64
2030,2741,0.156857,0.0070711111111111105,0.621102447,92.76
2030,2742,0.174985,0.2895211111111111,0.624444321,96.0
2030,2743,0.164897,0.5905466666666667,0.667327338,106.97
2030,2744,0.137597,0.7555122222222223,0.681205894,81.7
2030,2745,0.128191,0.8379499999999999,0.676748106,74.9
2030,2746,0.138442,0.8738111111111111,0.679884688,77.63
2030,2747,0.147978,0.882801111111111,0.678733576,61.9
2030,2748,0.132449,0.8732144444444445,0.68122245,46.6
2030,2749,0.120248,0.8774611111111111,0.693933352,39.0
2030,2750,0.148424,0.8772455555555555,0.695010968,45.38
2030,2751,0.22866,0.8524144444444444,0.694188307,58.0
2030,2752,0.376609,0.7931744444444444,0.720957434,74.2
2030,2753,0.56652,0.6859888888888889,0.700448037,75.0
2030,2754,0.719919,0.47302,0.683816138,95.0
2030,2755,0.807028,0.15150777777777777,0.67668772,123.43
2030,2756,0.835611,0.0,0.668417273,116.01
2030,2757,0.820413,0.0,0.634904513,104.11
2030,2758,0.767803,0.0,0.595268588,90.0
2030,2759,0.691402,0.0,0.5529278,83.5
2030,2760,0.608201,0.0,0.53050412,80.0
2030,2761,0.528433,0.0,0.543594391,77.36
2030,2762,0.454093,0.0,0.538608824,75.52
2030,2763,0.399515,0.0,0.539983,74.4
2030,2764,0.374126,0.0,0.554226801,83.69
2030,2765,0.388508,0.008983333333333334,0.594328627,100.57
2030,2766,0.404485,0.2789011111111111,0.605156334,126.0
2030,2767,0.395255,0.5633988888888888,0.65278213,112.01
2030,2768,0.416552,0.7179766666666666,0.674113599,92.1
2030,2769,0.477537,0.7658633333333333,0.673116337,80.01
2030,2770,0.547703,0.7814388888888888,0.674304664,78.2
2030,2771,0.619431,0.7879744444444444,0.669358927,73.92
2030,2772,0.68584,0.7995555555555555,0.670812127,67.3
2030,2773,0.735203,0.8027633333333334,0.681076988,64.68
2030,2774,0.779578,0.7868555555555554,0.679277648,67.64
2030,2775,0.814996,0.6876066666666666,0.676429444,71.54
2030,2776,0.838408,0.4508933333333333,0.702951051,78.92
2030,2777,0.846169,0.24446555555555555,0.684067673,94.69
2030,2778,0.844079,0.11793777777777778,0.671774521,121.7
2030,2779,0.846381,0.03558666666666666,0.663661921,140.93
2030,2780,0.864196,0.0,0.651571713,113.43
2030,2781,0.879129,0.0,0.613250927,91.35
2030,2782,0.881156,0.0,0.571456476,79.74
2030,2783,0.880558,0.0,0.526829284,79.87
2030,2784,0.869312,0.0,0.505175911,74.0
2030,2785,0.852209,0.0,0.468361902,74.2
2030,2786,0.83924,0.0,0.462291697,74.07
2030,2787,0.833658,0.0,0.460760779,77.1
2030,2788,0.82823,0.0,0.468093113,82.98
2030,2789,0.826811,0.00011333333333333333,0.489887296,93.51
2030,2790,0.833703,0.05031555555555555,0.504908883,104.06
2030,2791,0.839037,0.13944555555555554,0.527612678,96.06
2030,2792,0.829108,0.28526555555555555,0.537904212,81.08
2030,2793,0.823015,0.46027666666666667,0.543175394,80.26
2030,2794,0.811467,0.5513499999999999,0.540021806,72.95
2030,2795,0.798895,0.5814911111111112,0.530383528,70.35
2030,2796,0.790556,0.6014044444444445,0.527468871,68.74
2030,2797,0.79129,0.5397744444444446,0.522888244,65.37
2030,2798,0.803476,0.42715666666666663,0.522464424,69.92
2030,2799,0.816177,0.3182955555555556,0.533365097,71.73
2030,2800,0.829359,0.24872777777777777,0.556336721,80.23
2030,2801,0.826524,0.21181555555555553,0.558106147,93.37
2030,2802,0.800518,0.1601022222222222,0.563119281,128.61
2030,2803,0.788986,0.04612111111111111,0.564094645,136.56
2030,2804,0.79094,0.0,0.563206807,108.61
2030,2805,0.8044,0.0,0.54447446,91.91
2030,2806,0.813498,0.0,0.51725433,88.26
2030,2807,0.809102,0.0,0.487412817,90.29
2030,2808,0.786717,0.0,0.467984435,88.47
2030,2809,0.742939,0.0,0.486408251,85.5
2030,2810,0.701636,0.0,0.479934865,86.86
2030,2811,0.676133,0.0,0.478466776,84.14
2030,2812,0.660315,0.0,0.485768511,82.49
2030,2813,0.660343,0.001988888888888889,0.506502524,86.08
2030,2814,0.651877,0.08069888888888889,0.521991187,79.04
2030,2815,0.636253,0.17458444444444446,0.543614177,69.84
2030,2816,0.627628,0.2512566666666667,0.563823905,61.26
2030,2817,0.622196,0.22964222222222222,0.574958392,36.02
2030,2818,0.593549,0.24835666666666667,0.573365261,8.43
2030,2819,0.547703,0.35120555555555555,0.565723814,0.03
2030,2820,0.511099,0.48988666666666664,0.568258691,-0.02
2030,2821,0.484341,0.568671111111111,0.567735069,0.0
2030,2822,0.470974,0.4864177777777777,0.562799641,0.0
2030,2823,0.452457,0.40649555555555555,0.560453159,22.0
2030,2824,0.453057,0.3230133333333333,0.577479813,71.67
2030,2825,0.486155,0.21540222222222222,0.577412114,90.63
2030,2826,0.57666,0.1117722222222222,0.580777643,119.9
2030,2827,0.66767,0.025304444444444445,0.579390099,112.27
2030,2828,0.706825,0.0,0.585145423,85.0
2030,2829,0.704698,0.0,0.565505933,75.9
2030,2830,0.682037,0.0,0.538363744,65.23
2030,2831,0.644104,0.0,0.509140205,56.39
2030,2832,0.614582,0.0,0.491313501,46.14
2030,2833,0.591692,0.0,0.485327403,39.6
2030,2834,0.59332,0.0,0.479699259,31.55
2030,2835,0.612831,0.0,0.478625869,27.58
2030,2836,0.624019,0.0,0.484039502,25.96
2030,2837,0.634823,0.00910888888888889,0.497512424,9.92
2030,2838,0.632545,0.1706055555555555,0.50047492,0.1
2030,2839,0.617115,0.3958855555555556,0.508931802,-0.07
2030,2840,0.650362,0.5613477777777778,0.512810176,-1.02
2030,2841,0.695461,0.5534955555555556,0.51902351,-16.64
2030,2842,0.724991,0.46479111111111104,0.522518522,-36.72
2030,2843,0.755055,0.48071,0.511465672,-62.2
2030,2844,0.800578,0.64106,0.511968561,-63.89
2030,2845,0.846202,0.6845588888888888,0.504501306,-65.06
2030,2846,0.876041,0.6145955555555555,0.504243071,-52.43
2030,2847,0.902498,0.5239166666666666,0.518752982,-23.42
2030,2848,0.930451,0.43328888888888883,0.549895515,-0.02
2030,2849,0.957746,0.3151022222222223,0.564398359,24.78
2030,2850,0.968202,0.14257555555555554,0.577360752,68.52
2030,2851,0.974117,0.02897111111111111,0.580656296,77.08
2030,2852,0.969671,0.0,0.588365114,78.56
2030,2853,0.968307,0.0,0.56740928,72.21
2030,2854,0.961281,0.0,0.535101984,66.94
2030,2855,0.945926,0.0,0.502155584,63.15
2030,2856,0.930109,0.0,0.48553872,60.05
2030,2857,0.912322,0.0,0.531124444,58.93
2030,2858,0.894568,0.0,0.529550718,62.08
2030,2859,0.876036,0.0,0.533261318,74.78
2030,2860,0.869588,0.0,0.549892199,82.13
2030,2861,0.867487,0.018251111111111107,0.592929312,99.07
2030,2862,0.876058,0.2686788888888889,0.602225298,113.7
2030,2863,0.891535,0.55023,0.650616057,100.51
2030,2864,0.873277,0.7151444444444445,0.665260112,75.02
2030,2865,0.870806,0.7996022222222222,0.662292837,58.17
2030,2866,0.881486,0.8462833333333333,0.667943485,36.16
2030,2867,0.903132,0.8619166666666667,0.666695361,34.9
2030,2868,0.925946,0.8552588888888887,0.678259975,28.0
2030,2869,0.942676,0.8442622222222222,0.687842615,32.28
2030,2870,0.950819,0.8233722222222221,0.687077244,35.55
2030,2871,0.955245,0.77937,0.684873002,47.68
2030,2872,0.960501,0.7051177777777778,0.709716622,69.21
2030,2873,0.961522,0.5962522222222221,0.686807448,82.5
2030,2874,0.961533,0.4046944444444444,0.670345081,150.0
2030,2875,0.957762,0.12230333333333333,0.661531776,185.41
2030,2876,0.943598,0.0,0.652502516,106.81
2030,2877,0.934313,0.0,0.619950788,86.86
2030,2878,0.930807,0.0,0.579014796,79.96
2030,2879,0.925375,0.0,0.536242813,75.9
2030,2880,0.91525,0.0,0.51792151,71.6
2030,2881,0.900733,0.0,0.534810664,70.05
2030,2882,0.881103,0.0,0.529918892,69.85
2030,2883,0.86507,0.0,0.530848096,69.43
2030,2884,0.861367,0.0,0.543402381,78.63
2030,2885,0.852179,0.05325888888888889,0.578038102,93.89
2030,2886,0.846232,0.44701777777777774,0.586796275,101.66
2030,2887,0.847868,0.7158811111111112,0.6313566,93.2
2030,2888,0.850867,0.8412155555555556,0.651686469,77.71
2030,2889,0.880055,0.9026299999999999,0.650919164,62.06
2030,2890,0.903116,0.9279177777777778,0.655792725,44.89
2030,2891,0.917852,0.9290777777777777,0.653698811,28.01
2030,2892,0.925944,0.9157922222222221,0.655516578,14.08
2030,2893,0.924083,0.9207288888888888,0.667181699,12.81
2030,2894,0.922081,0.9236577777777779,0.672083916,19.14
2030,2895,0.921038,0.904981111111111,0.67312931,44.14
2030,2896,0.920208,0.8573911111111112,0.697690617,65.52
2030,2897,0.921021,0.7731155555555554,0.680855102,86.2
2030,2898,0.923374,0.60549,0.663047402,116.72
2030,2899,0.914842,0.25940444444444444,0.650141704,128.93
2030,2900,0.917619,0.0,0.640694456,88.15
2030,2901,0.913222,0.0,0.611878678,80.0
2030,2902,0.90126,0.0,0.568119301,81.8
2030,2903,0.880188,0.0,0.522356139,76.77
2030,2904,0.852185,0.0,0.500670507,79.89
2030,2905,0.840454,0.0,0.537879043,81.1
2030,2906,0.839568,0.0,0.532853424,80.1
2030,2907,0.816307,0.0,0.534017909,68.0
2030,2908,0.812833,0.0,0.54620441,75.0
2030,2909,0.822158,0.08162555555555555,0.578960245,80.1
2030,2910,0.830256,0.5096433333333333,0.586828855,100.0
2030,2911,0.853175,0.7436566666666667,0.63227236,80.0
2030,2912,0.871222,0.8586955555555554,0.651350007,16.7
2030,2913,0.881152,0.9182666666666667,0.649298066,-1.0
2030,2914,0.883098,0.9429399999999999,0.653218586,-44.75
2030,2915,0.895484,0.9458977777777778,0.648186696,-102.66
2030,2916,0.912096,0.9313222222222223,0.652987463,-200.0
2030,2917,0.928751,0.9353255555555554,0.66821279,-200.0
2030,2918,0.940494,0.9384655555555554,0.66716448,-92.0
2030,2919,0.944703,0.922222222222222,0.667297281,-28.8
2030,2920,0.950379,0.8732444444444444,0.691310943,2.39
2030,2921,0.954726,0.7867266666666666,0.674080664,60.0
2030,2922,0.956726,0.6150133333333333,0.657403594,106.0
2030,2923,0.957153,0.26427555555555554,0.646467745,130.3
2030,2924,0.955111,0.0,0.637429759,100.0
2030,2925,0.950057,0.0,0.611272761,81.1
2030,2926,0.946324,0.0,0.569522415,76.0
2030,2927,0.950025,0.0,0.524677702,61.0
2030,2928,0.934726,0.0,0.502298908,51.1
2030,2929,0.903907,0.0,0.539328172,40.0
2030,2930,0.865833,0.0,0.534584603,39.4
2030,2931,0.820366,0.0,0.535638166,34.3
2030,2932,0.780875,0.0,0.547148386,37.8
2030,2933,0.758443,0.09613777777777777,0.579187381,68.98
2030,2934,0.724907,0.5300977777777778,0.586431432,80.0
2030,2935,0.706909,0.7754966666666666,0.631238036,84.0
2030,2936,0.691429,0.887348888888889,0.651788492,31.45
2030,2937,0.651543,0.9435266666666666,0.65021679,-10.0
2030,2938,0.590821,0.9677188888888888,0.653338361,-20.0
2030,2939,0.511452,0.9662455555555555,0.650932008,-16.79
2030,2940,0.424789,0.95106,0.653201716,-20.06
2030,2941,0.36333,0.955718888888889,0.664468126,-0.1
2030,2942,0.343682,0.9583011111111112,0.673571611,-0.01
2030,2943,0.363539,0.939238888888889,0.674433771,5.49
2030,2944,0.425767,0.8961244444444444,0.699186448,70.0
2030,2945,0.492129,0.815742222222222,0.680870287,89.77
2030,2946,0.542371,0.6577977777777778,0.66510133,104.4
2030,2947,0.59634,0.32354111111111106,0.653588847,120.0
2030,2948,0.616406,0.0,0.641349601,96.0
2030,2949,0.578754,0.0,0.611891525,89.0
2030,2950,0.518659,0.0,0.569423333,88.0
2030,2951,0.449072,0.0,0.524189845,95.0
2030,2952,0.376983,0.0,0.501745555,83.94
2030,2953,0.314239,0.0,0.53762403,80.0
2030,2954,0.264064,0.0,0.532271186,78.0
2030,2955,0.230271,0.0,0.532800869,68.0
2030,2956,0.197384,0.0,0.543910726,67.0
2030,2957,0.166879,0.09657666666666666,0.575566741,76.32
2030,2958,0.149585,0.4865722222222223,0.583048423,82.39
2030,2959,0.138438,0.7238477777777778,0.628838131,92.31
2030,2960,0.137675,0.8127844444444444,0.649088399,100.0
2030,2961,0.135091,0.84071,0.649597034,73.95
2030,2962,0.141626,0.8671766666666666,0.654198777,69.13
2030,2963,0.156866,0.8764911111111111,0.648177942,61.0
2030,2964,0.172363,0.8781311111111112,0.649665465,56.64
2030,2965,0.194389,0.8890377777777779,0.659205865,57.05
2030,2966,0.217111,0.903902222222222,0.659337406,60.72
2030,2967,0.224066,0.8841744444444444,0.656979075,64.01
2030,2968,0.217176,0.8444966666666667,0.681046833,69.82
2030,2969,0.201173,0.7618244444444445,0.667233955,80.45
2030,2970,0.183321,0.5926688888888888,0.651939561,97.0
2030,2971,0.174954,0.26332222222222224,0.638037136,110.02
2030,2972,0.165711,0.0,0.623853387,105.27
2030,2973,0.150257,0.0,0.59774373,90.11
2030,2974,0.160191,0.0,0.561350178,82.92
2030,2975,0.19892,0.0,0.519782504,88.17
2030,2976,0.252382,0.0,0.497099828,83.08
2030,2977,0.307036,0.0,0.471085879,80.58
2030,2978,0.337178,0.0,0.463459424,81.04
2030,2979,0.336896,0.0,0.460494492,83.3
2030,2980,0.313303,0.0,0.463161466,90.93
2030,2981,0.284769,0.08644777777777776,0.472724542,86.0
2030,2982,0.246072,0.4422144444444444,0.485930316,84.67
2030,2983,0.187003,0.6390266666666666,0.503356755,76.06
2030,2984,0.160242,0.7156233333333334,0.517785526,62.33
2030,2985,0.159807,0.8031466666666667,0.527578352,41.17
2030,2986,0.157878,0.8350488888888888,0.525404934,31.18
2030,2987,0.155622,0.8397366666666666,0.511846047,24.9
2030,2988,0.14566,0.7992122222222222,0.506596236,14.51
2030,2989,0.135673,0.7190466666666667,0.499793792,13.34
2030,2990,0.117523,0.6633811111111112,0.501782599,26.15
2030,2991,0.097324,0.6703677777777778,0.514816433,61.7
2030,2992,0.090558,0.6834844444444445,0.537150088,83.2
2030,2993,0.100465,0.6456277777777779,0.546574041,97.34
2030,2994,0.124559,0.3787688888888889,0.554871273,118.16
2030,2995,0.185723,0.060406666666666664,0.553562827,131.89
2030,2996,0.301856,0.0,0.555425213,106.29
2030,2997,0.424867,0.0,0.544632256,93.26
2030,2998,0.508741,0.0,0.517862853,87.62
2030,2999,0.563599,0.0,0.489144533,97.86
2030,3000,0.574373,0.0,0.469546425,93.47
2030,3001,0.539123,0.0,0.456789564,90.54
2030,3002,0.474823,0.0,0.449816048,88.67
2030,3003,0.404478,0.0,0.446919467,85.1
2030,3004,0.359037,0.0,0.448108931,85.5
2030,3005,0.326911,0.07230444444444444,0.451361015,80.29
2030,3006,0.304013,0.25111222222222224,0.454556899,74.1
2030,3007,0.249091,0.45780333333333334,0.461069947,49.89
2030,3008,0.224319,0.6563922222222222,0.467329313,26.21
2030,3009,0.261778,0.7432755555555556,0.47558387,8.85
2030,3010,0.34933,0.7864577777777778,0.479181887,0.44
2030,3011,0.417564,0.8435288888888889,0.475604248,0.0
2030,3012,0.438126,0.8698811111111112,0.479060078,-0.04
2030,3013,0.404575,0.8183322222222221,0.47902828,-0.97
2030,3014,0.341625,0.6700788888888889,0.481714165,-0.1
2030,3015,0.266322,0.5049933333333333,0.498766473,0.0
2030,3016,0.202444,0.4153122222222222,0.526535675,32.0
2030,3017,0.18338,0.39868111111111104,0.539381011,92.56
2030,3018,0.197827,0.34282222222222225,0.552227626,102.26
2030,3019,0.266683,0.1486977777777778,0.556362355,121.13
2030,3020,0.396078,0.0,0.560811252,115.5
2030,3021,0.550393,0.0,0.549946104,106.5
2030,3022,0.681317,0.0,0.518685721,93.5
2030,3023,0.766338,0.0,0.48553302,82.86
2030,3024,0.798719,0.0,0.466648922,82.7
2030,3025,0.778071,0.0,0.516645079,84.18
2030,3026,0.724328,0.0,0.513610102,83.47
2030,3027,0.670164,0.0,0.5158184,82.43
2030,3028,0.637339,0.0,0.528021529,87.51
2030,3029,0.628957,0.05613111111111111,0.559851525,113.12
2030,3030,0.549152,0.2924733333333333,0.568967907,132.09
2030,3031,0.43434,0.45449111111111107,0.616141585,101.54
2030,3032,0.395148,0.5562266666666668,0.635553601,89.19
2030,3033,0.443571,0.6106177777777779,0.636080649,81.0
2030,3034,0.5546,0.6933966666666667,0.643919018,72.02
2030,3035,0.691431,0.7744233333333332,0.642290749,68.51
2030,3036,0.793091,0.8028222222222222,0.648629743,72.79
2030,3037,0.819293,0.8236588888888888,0.663486885,76.8
2030,3038,0.81501,0.8426122222222221,0.66722806,84.78
2030,3039,0.783812,0.8144922222222221,0.668316153,80.33
2030,3040,0.740056,0.7419122222222222,0.693426707,98.0
2030,3041,0.719298,0.5122022222222222,0.677218649,114.2
2030,3042,0.763801,0.1927122222222222,0.662938999,137.17
2030,3043,0.804781,0.05161888888888889,0.65233436,137.95
2030,3044,0.814147,0.0,0.638122618,109.34
2030,3045,0.829102,0.0,0.611472329,94.58
2030,3046,0.873188,0.0,0.569528141,84.42
2030,3047,0.916247,0.0,0.524995754,81.73
2030,3048,0.939802,0.0,0.502071089,79.37
2030,3049,0.949898,0.0,0.537291514,77.31
2030,3050,0.946893,0.0,0.531466096,81.46
2030,3051,0.940372,0.0,0.531261809,81.73
2030,3052,0.935619,0.0,0.541250603,80.44
2030,3053,0.925228,0.02162111111111111,0.571628617,95.99
2030,3054,0.90124,0.09362555555555557,0.580455306,118.21
2030,3055,0.856793,0.20408666666666667,0.625034706,112.66
2030,3056,0.80813,0.3025744444444444,0.64151746,91.75
2030,3057,0.773844,0.4120622222222222,0.64345611,84.0
2030,3058,0.708712,0.5535266666666666,0.651494379,75.39
2030,3059,0.62133,0.6926211111111112,0.649000233,56.91
2030,3060,0.527633,0.7409344444444446,0.654809118,51.75
2030,3061,0.409846,0.7427188888888888,0.66890338,47.89
2030,3062,0.296629,0.6251122222222221,0.674131647,48.81
2030,3063,0.209905,0.50692,0.674780654,75.6
2030,3064,0.152464,0.4209833333333333,0.69834207,83.93
2030,3065,0.138686,0.2323911111111111,0.681594585,99.85
2030,3066,0.144785,0.1392122222222222,0.667899531,120.61
2030,3067,0.170274,0.052144444444444445,0.656235893,138.01
2030,3068,0.188671,0.0,0.642498314,122.04
2030,3069,0.208127,0.0,0.616452514,101.7
2030,3070,0.208966,0.0,0.575460538,83.01
2030,3071,0.202854,0.0,0.528505501,89.85
2030,3072,0.19008,0.0,0.505042274,87.41
2030,3073,0.18716,0.0,0.540818055,87.31
2030,3074,0.193959,0.0,0.534502062,85.64
2030,3075,0.198908,0.0,0.534251342,80.17
2030,3076,0.183472,0.0,0.543567463,80.0
2030,3077,0.165753,0.0030244444444444446,0.573046173,108.68
2030,3078,0.134475,0.030347777777777772,0.582888042,121.3
2030,3079,0.083122,0.08718666666666668,0.627517354,118.47
2030,3080,0.033199,0.17475,0.645801115,100.5
2030,3081,0.010469,0.2859366666666667,0.649152569,93.03
2030,3082,0.011858,0.44444888888888895,0.657332794,87.35
2030,3083,0.01588,0.6319222222222222,0.655931599,66.06
2030,3084,0.0188,0.7292633333333334,0.66208635,61.93
2030,3085,0.030861,0.7565722222222222,0.677378642,62.09
2030,3086,0.045206,0.7410466666666666,0.682777619,59.89
2030,3087,0.041503,0.6995166666666668,0.68349829,68.27
2030,3088,0.028639,0.6576277777777778,0.706693284,79.74
2030,3089,0.023391,0.5603244444444445,0.689102245,94.78
2030,3090,0.028598,0.39705666666666667,0.674246244,120.52
2030,3091,0.051137,0.1458377777777778,0.66251409,138.38
2030,3092,0.067153,0.0,0.647142673,122.66
2030,3093,0.055847,0.0,0.620979679,98.4
2030,3094,0.04701,0.0,0.581026128,92.09
2030,3095,0.046494,0.0,0.535045189,87.6
2030,3096,0.050531,0.0,0.510263666,88.06
2030,3097,0.057664,0.0,0.477083629,85.0
2030,3098,0.068888,0.0,0.468996355,81.61
2030,3099,0.086333,0.0,0.465207814,75.51
2030,3100,0.107123,0.0,0.467186329,76.56
2030,3101,0.103016,0.03295,0.478678498,84.0
2030,3102,0.065291,0.19415444444444444,0.500031657,84.6
2030,3103,0.034104,0.3251488888888889,0.518430261,61.64
2030,3104,0.025449,0.5835188888888888,0.524975734,23.47
2030,3105,0.019315,0.7430188888888888,0.529826859,5.31
2030,3106,0.013498,0.7860644444444445,0.529187373,-0.3
2030,3107,0.017127,0.8250166666666666,0.520981283,-0.65
2030,3108,0.018885,0.8512655555555556,0.520441684,-1.14
2030,3109,0.018244,0.8537077777777778,0.519983168,-1.8
2030,3110,0.014403,0.8188555555555556,0.52631431,-0.69
2030,3111,0.009696,0.68282,0.539833695,0.91
2030,3112,0.011523,0.4852366666666667,0.561660897,58.34
2030,3113,0.029192,0.32051222222222225,0.568744772,80.0
2030,3114,0.085665,0.18480444444444444,0.579027995,96.92
2030,3115,0.136193,0.045482222222222216,0.580994798,120.66
2030,3116,0.133075,0.0,0.581092255,114.83
2030,3117,0.107912,0.0,0.568210002,92.41
2030,3118,0.079579,0.0,0.538263252,90.0
2030,3119,0.058042,0.0,0.506095662,97.89
2030,3120,0.045131,0.0,0.483605361,92.09
2030,3121,0.036914,0.0,0.481171097,85.79
2030,3122,0.034597,0.0,0.474589038,83.0
2030,3123,0.036681,0.0,0.473212367,82.16
2030,3124,0.044967,0.0,0.481258952,89.4
2030,3125,0.069169,0.11544555555555555,0.506433963,98.92
2030,3126,0.097272,0.3839877777777777,0.547280332,97.48
2030,3127,0.114549,0.5478788888888888,0.575111806,95.6
2030,3128,0.129889,0.5910688888888889,0.58918188,61.3
2030,3129,0.154159,0.5544244444444445,0.596373276,20.12
2030,3130,0.177876,0.5434833333333333,0.594035596,2.91
2030,3131,0.198808,0.5588488888888888,0.5831894,0.58
2030,3132,0.214957,0.6231811111111112,0.583135248,0.1
2030,3133,0.227283,0.7236266666666666,0.581281905,0.08
2030,3134,0.238552,0.879151111111111,0.583150247,18.63
2030,3135,0.240502,0.8821888888888888,0.592641749,59.71
2030,3136,0.217147,0.8137577777777778,0.607169546,78.5
2030,3137,0.183384,0.7027988888888889,0.605215299,93.25
2030,3138,0.149946,0.5030888888888888,0.605886393,111.13
2030,3139,0.122491,0.13969,0.597105218,159.9
2030,3140,0.112644,0.0,0.589297362,132.31
2030,3141,0.125559,0.0,0.571826773,104.87
2030,3142,0.166854,0.0,0.543525661,90.31
2030,3143,0.228017,0.0,0.51215859,85.99
2030,3144,0.294944,0.0,0.488129983,80.84
2030,3145,0.353955,0.0,0.478677474,79.1
2030,3146,0.355777,0.0,0.470481714,82.51
2030,3147,0.321477,0.0,0.466802292,79.04
2030,3148,0.288578,0.0,0.46682493,79.14
2030,3149,0.259151,0.006732222222222222,0.474002543,78.0
2030,3150,0.210345,0.08418222222222223,0.487527985,68.07
2030,3151,0.183371,0.2271411111111111,0.502773732,47.66
2030,3152,0.193906,0.3383777777777778,0.519246636,6.72
2030,3153,0.239487,0.4919722222222222,0.53264031,0.0
2030,3154,0.323058,0.6183244444444445,0.534603229,-11.48
2030,3155,0.42678,0.7777911111111111,0.525891491,-26.7
2030,3156,0.513977,0.7628277777777777,0.52497852,-65.0
2030,3157,0.5524,0.8251422222222222,0.52308373,-50.0
2030,3158,0.555027,0.8391188888888889,0.525589249,-25.0
2030,3159,0.533726,0.8194399999999998,0.539002451,-0.42
2030,3160,0.499422,0.7501688888888889,0.55895175,29.76
2030,3161,0.485277,0.6386644444444446,0.563013821,69.49
2030,3162,0.4726,0.47916,0.570024099,86.02
2030,3163,0.474519,0.22918222222222223,0.567457625,108.0
2030,3164,0.512956,0.0020277777777777777,0.565155142,90.31
2030,3165,0.548714,0.0,0.554433896,78.28
2030,3166,0.565574,0.0,0.530772086,64.57
2030,3167,0.536441,0.0,0.501926717,63.0
2030,3168,0.480247,0.0,0.481189136,51.36
2030,3169,0.425971,0.0,0.467073039,42.72
2030,3170,0.379105,0.0,0.45927095,39.0
2030,3171,0.339108,0.0,0.455311692,43.1
2030,3172,0.272056,0.0,0.453738013,38.78
2030,3173,0.190098,0.08029888888888889,0.455360941,17.61
2030,3174,0.106735,0.3046411111111111,0.455063734,4.79
2030,3175,0.058568,0.5997044444444445,0.460657877,2.35
2030,3176,0.05841,0.7056588888888887,0.469777809,-2.8
2030,3177,0.088542,0.7786911111111111,0.477119146,-26.29
2030,3178,0.13189,0.8336933333333333,0.484130448,-89.1
2030,3179,0.170426,0.8345355555555555,0.482954058,-165.1
2030,3180,0.193989,0.7196877777777778,0.492766135,-200.0
2030,3181,0.200426,0.6231622222222222,0.494036023,-186.72
2030,3182,0.2007,0.6544911111111111,0.49380042,-108.92
2030,3183,0.190076,0.64324,0.506618778,-30.1
2030,3184,0.164071,0.5415777777777778,0.532220244,-1.05
2030,3185,0.137167,0.37366555555555553,0.545085514,24.84
2030,3186,0.106076,0.1788488888888889,0.557725005,67.52
2030,3187,0.079422,0.053655555555555554,0.561747358,83.74
2030,3188,0.06755,0.0,0.563484846,60.02
2030,3189,0.074237,0.0,0.554992368,46.76
2030,3190,0.104065,0.0,0.526237978,37.42
2030,3191,0.167223,0.0,0.493083788,27.12
2030,3192,0.26977,0.0,0.474065037,26.08
2030,3193,0.395231,0.0,0.523490579,25.84
2030,3194,0.455999,0.0,0.520632895,24.91
2030,3195,0.433874,0.0,0.522339397,27.23
2030,3196,0.404486,0.0,0.532324244,42.0
2030,3197,0.421947,0.007584444444444443,0.564110325,76.92
2030,3198,0.482297,0.09858666666666666,0.572492319,100.95
2030,3199,0.5127100000000001,0.36690999999999996,0.613772278,84.19
2030,3200,0.496545,0.6729444444444446,0.629613581,44.89
2030,3201,0.5182039999999999,0.8294433333333334,0.631975331,11.1
2030,3202,0.557922,0.8988088888888889,0.642481178,-0.35
2030,3203,0.595616,0.9228466666666667,0.644352117,-1.89
2030,3204,0.630112,0.9240177777777778,0.653896049,-1.55
2030,3205,0.657781,0.9301011111111112,0.669656882,-1.69
2030,3206,0.686943,0.9178677777777778,0.674482317,-0.1
2030,3207,0.691407,0.8590388888888888,0.679650828,1.09
2030,3208,0.678942,0.7425033333333334,0.70096551,66.63
2030,3209,0.636268,0.5982577777777778,0.680412052,96.73
2030,3210,0.554703,0.38321666666666665,0.66478688,153.78
2030,3211,0.475175,0.11407555555555556,0.653051793,149.39
2030,3212,0.465464,0.00022,0.637460873,100.0
2030,3213,0.5139109999999999,0.0,0.61378691,84.41
2030,3214,0.626151,0.0,0.575540003,60.1
2030,3215,0.721883,0.0,0.531863037,63.6
2030,3216,0.738924,0.0,0.509166401,55.3
2030,3217,0.713318,0.0,0.544085996,45.0
2030,3218,0.673817,0.0,0.53835244,42.65
2030,3219,0.627646,0.0,0.538018841,37.6
2030,3220,0.593357,0.0,0.546120611,46.6
2030,3221,0.555118,0.029024444444444443,0.57744856,75.68
2030,3222,0.495257,0.20422444444444446,0.583710011,72.37
2030,3223,0.449996,0.43521000000000004,0.623926821,46.15
2030,3224,0.407169,0.6061166666666666,0.640822029,5.78
2030,3225,0.425403,0.6542599999999998,0.643795802,-2.47
2030,3226,0.459856,0.6965544444444446,0.651554745,-20.06
2030,3227,0.479107,0.70043,0.651022504,-50.01
2030,3228,0.506034,0.7427155555555555,0.657535344,-70.0
2030,3229,0.540629,0.6159333333333333,0.675258611,-57.02
2030,3230,0.565366,0.3796522222222223,0.676894142,-35.0
2030,3231,0.575507,0.2599822222222222,0.679452113,-2.5
2030,3232,0.550902,0.1791255555555555,0.70478907,0.76
2030,3233,0.47558,0.12224222222222222,0.682286017,64.95
2030,3234,0.380592,0.08718333333333335,0.663314697,96.45
2030,3235,0.33081,0.032805555555555546,0.649966079,112.0
2030,3236,0.36376,0.0,0.636840037,100.1
2030,3237,0.450135,0.0,0.612323531,89.23
2030,3238,0.549829,0.0,0.574893595,100.0
2030,3239,0.641999,0.0,0.530213851,109.89
2030,3240,0.726712,0.0,0.507600766,85.3
2030,3241,0.766659,0.0,0.543926625,82.1
2030,3242,0.802028,0.0,0.538811412,74.0
2030,3243,0.829037,0.0,0.538868435,83.0
2030,3244,0.830736,0.0,0.546859449,81.1
2030,3245,0.827624,0.0012277777777777775,0.576257299,77.8
2030,3246,0.838374,0.020123333333333337,0.580737357,80.03
2030,3247,0.836974,0.05046777777777778,0.631135258,75.6
2030,3248,0.844853,0.08799,0.653461313,43.52
2030,3249,0.847236,0.1446011111111111,0.658598002,8.6
2030,3250,0.850464,0.21474111111111113,0.671250914,5.92
2030,3251,0.828167,0.2776377777777778,0.672961528,0.0
2030,3252,0.796393,0.34380777777777777,0.676483485,-1.31
2030,3253,0.763812,0.3407811111111111,0.691522638,-0.95
2030,3254,0.767698,0.4277288888888889,0.688026761,3.34
2030,3255,0.789305,0.6062877777777778,0.683014326,10.0
2030,3256,0.785282,0.6405611111111111,0.701420349,101.91
2030,3257,0.770929,0.6011844444444445,0.678938216,87.8
2030,3258,0.755983,0.48699888888888887,0.65955991,111.0
2030,3259,0.766208,0.2390011111111111,0.64489665,115.86
2030,3260,0.802184,0.00696888888888889,0.630569192,100.0
2030,3261,0.810499,0.0,0.608624226,97.3
2030,3262,0.770803,0.0,0.571980427,93.4
2030,3263,0.726185,0.0,0.528536476,98.0
2030,3264,0.735245,0.0,0.505840616,85.6
2030,3265,0.721792,0.0,0.542076882,71.2
2030,3266,0.678975,0.0,0.537011042,69.75
2030,3267,0.649118,0.0,0.537093592,64.0
2030,3268,0.664506,0.0,0.544738488,75.0
2030,3269,0.680869,0.007438888888888889,0.57417597,81.06
2030,3270,0.647348,0.044714444444444446,0.57926774,87.21
2030,3271,0.601721,0.10640333333333335,0.63069182,111.94
2030,3272,0.598158,0.37814555555555557,0.661078687,80.34
2030,3273,0.610143,0.6775444444444444,0.669363608,43.92
2030,3274,0.597274,0.6494455555555555,0.684648765,16.0
2030,3275,0.568205,0.6061344444444444,0.686648065,4.89
2030,3276,0.539698,0.5758111111111112,0.691807024,0.44
2030,3277,0.508749,0.550137777777778,0.70882262,1.38
2030,3278,0.503694,0.5191044444444444,0.711689273,2.24
2030,3279,0.534254,0.4845544444444444,0.703356136,61.0
2030,3280,0.566283,0.42197999999999997,0.716256227,100.0
2030,3281,0.593547,0.3745311111111111,0.684677854,100.0
2030,3282,0.596118,0.2706088888888889,0.665075412,104.0
2030,3283,0.587225,0.11317777777777778,0.647487626,119.0
2030,3284,0.636258,0.004347777777777777,0.63154222,99.73
2030,3285,0.701207,0.0,0.605930179,83.0
2030,3286,0.731113,0.0,0.568660478,74.52
2030,3287,0.7436,0.0,0.525291175,100.0
2030,3288,0.717104,0.0,0.503324584,92.54
2030,3289,0.676847,0.0,0.53942885,90.1
2030,3290,0.62999,0.0,0.534519696,81.38
2030,3291,0.585727,0.0,0.534897983,80.0
2030,3292,0.54569,0.0,0.542399796,90.1
2030,3293,0.5178640000000001,0.042228888888888885,0.573349803,89.64
2030,3294,0.490897,0.13160555555555556,0.576513236,99.26
2030,3295,0.520366,0.18247777777777777,0.619539539,97.64
2030,3296,0.591645,0.2039133333333333,0.636638887,106.9
2030,3297,0.662833,0.24628111111111112,0.637844591,82.2
2030,3298,0.723157,0.28436,0.649002862,57.0
2030,3299,0.762617,0.3256633333333333,0.652692279,37.86
2030,3300,0.772726,0.33185666666666663,0.657469602,34.36
2030,3301,0.775937,0.35613,0.67175832,43.73
2030,3302,0.779412,0.40201,0.668800579,55.0
2030,3303,0.779136,0.4640888888888889,0.66370401,85.5
2030,3304,0.780845,0.5417644444444445,0.685845678,87.0
2030,3305,0.785867,0.43666333333333335,0.666695991,90.0
2030,3306,0.762573,0.3208844444444444,0.64644061,108.0
2030,3307,0.733166,0.1717077777777778,0.628281923,112.0
2030,3308,0.777063,0.00720888888888889,0.60921717,101.5
2030,3309,0.72697,0.0,0.59086446,90.0
2030,3310,0.627628,0.0,0.558321265,83.0
2030,3311,0.466696,0.0,0.518418015,83.66
2030,3312,0.326169,0.0,0.496417164,63.57
2030,3313,0.219011,0.0,0.471164725,69.7
2030,3314,0.156156,0.0,0.464646236,59.34
2030,3315,0.100854,0.0,0.462242801,62.5
2030,3316,0.072229,0.0,0.46198809,64.58
2030,3317,0.045485,0.008276666666666667,0.472872746,64.8
2030,3318,0.028544,0.046837777777777784,0.48317111,64.31
2030,3319,0.021851,0.09263666666666667,0.496173581,58.29
2030,3320,0.02201,0.14497888888888888,0.509373809,42.69
2030,3321,0.028472,0.20835222222222222,0.521656178,9.43
2030,3322,0.040659,0.32209,0.526455867,0.71
2030,3323,0.05907,0.4342855555555556,0.517012826,-0.03
2030,3324,0.08372,0.5428711111111112,0.518403692,-1.29
2030,3325,0.117965,0.5965133333333333,0.510417087,-2.79
2030,3326,0.152428,0.6054755555555554,0.511597088,-1.92
2030,3327,0.171194,0.5999155555555554,0.51890486,-0.03
2030,3328,0.172014,0.5561388888888887,0.538043808,42.75
2030,3329,0.16461,0.4649544444444444,0.546513903,70.0
2030,3330,0.159173,0.3247522222222222,0.548415947,102.33
2030,3331,0.165256,0.13508555555555551,0.542716172,124.11
2030,3332,0.173269,0.005203333333333333,0.538563324,113.88
2030,3333,0.167638,0.0,0.536538604,95.4
2030,3334,0.16659,0.0,0.512935256,86.6
2030,3335,0.169464,0.0,0.48554052,94.89
2030,3336,0.157261,0.0,0.466761944,89.33
2030,3337,0.135784,0.0,0.445435171,90.0
2030,3338,0.124168,0.0,0.437551855,84.75
2030,3339,0.12960400000000002,0.0,0.432594015,86.95
2030,3340,0.137687,0.0,0.42500843,80.76
2030,3341,0.145095,0.05534666666666666,0.413817003,75.36
2030,3342,0.145385,0.12794777777777777,0.383742454,68.37
2030,3343,0.134088,0.2025911111111111,0.360762057,49.89
2030,3344,0.129463,0.39451,0.35860998,5.82
2030,3345,0.144948,0.6894511111111111,0.372647459,-4.31
2030,3346,0.176834,0.802031111111111,0.382749005,-50.0
2030,3347,0.223832,0.8485755555555554,0.388313074,-64.07
2030,3348,0.269776,0.8521766666666666,0.390795866,-80.0
2030,3349,0.299385,0.8596022222222222,0.385803333,-70.0
2030,3350,0.322093,0.8658100000000001,0.386067744,-49.9
2030,3351,0.346761,0.8484399999999999,0.399174956,-13.6
2030,3352,0.341639,0.8066711111111111,0.43571338,-0.09
2030,3353,0.286501,0.7237544444444444,0.463554871,59.42
2030,3354,0.234809,0.5784022222222223,0.483232888,83.4
2030,3355,0.21713,0.3166555555555556,0.486952415,106.32
2030,3356,0.231394,0.023034444444444444,0.497616066,114.76
2030,3357,0.261329,0.0,0.502835481,91.02
2030,3358,0.307917,0.0,0.481688297,83.05
2030,3359,0.348543,0.0,0.455293457,82.75
2030,3360,0.367964,0.0,0.441048931,71.05
2030,3361,0.355777,0.0,0.445064785,78.05
2030,3362,0.310615,0.0,0.441935854,71.85
2030,3363,0.2516,0.0,0.441692846,73.5
2030,3364,0.181041,0.0,0.44485708,81.32
2030,3365,0.118027,0.1717122222222222,0.46269492,93.33
2030,3366,0.07435,0.4773866666666666,0.483630837,94.71
2030,3367,0.053651,0.68702,0.500222965,66.99
2030,3368,0.063826,0.79274,0.503718697,31.64
2030,3369,0.101097,0.8536433333333334,0.507423426,12.56
2030,3370,0.145389,0.8843422222222221,0.50668108,6.16
2030,3371,0.179094,0.8918277777777778,0.498139626,2.19
2030,3372,0.192053,0.8872288888888888,0.505571232,0.13
2030,3373,0.183538,0.8908377777777778,0.507580473,-0.18
2030,3374,0.159394,0.8900122222222221,0.509677097,-0.11
2030,3375,0.128196,0.8690144444444445,0.521573664,4.87
2030,3376,0.099817,0.8212444444444444,0.545742773,55.34
2030,3377,0.077099,0.7379566666666666,0.547151071,78.94
2030,3378,0.063749,0.5914955555555556,0.551862537,105.96
2030,3379,0.065417,0.3286077777777778,0.548048848,125.76
2030,3380,0.074939,0.027304444444444444,0.551159663,116.78
2030,3381,0.09944,0.0,0.543761999,96.63
2030,3382,0.1572,0.0,0.515943682,79.86
2030,3383,0.274121,0.0,0.486367441,89.42
2030,3384,0.428683,0.0,0.466863966,83.82
2030,3385,0.498316,0.0,0.533359939,77.46
2030,3386,0.514798,0.0,0.528161682,77.06
2030,3387,0.576451,0.0,0.528439543,78.0
2030,3388,0.625159,0.0,0.536435344,86.6
2030,3389,0.646585,0.02008111111111111,0.571108683,111.32
2030,3390,0.669037,0.11437333333333333,0.580360674,117.09
2030,3391,0.681277,0.3630333333333334,0.622524536,96.39
2030,3392,0.718883,0.6089,0.64190447,76.24
2030,3393,0.848286,0.7522855555555554,0.643204644,61.6
2030,3394,0.880529,0.5897255555555556,0.650923756,49.26
2030,3395,0.86947,0.47177,0.649444123,27.41
2030,3396,0.877288,0.5235022222222222,0.653984885,29.16
2030,3397,0.9032,0.7579655555555554,0.672438853,33.21
2030,3398,0.933803,0.8971322222222221,0.683046272,60.78
2030,3399,0.953293,0.8784777777777778,0.683266746,69.12
2030,3400,0.962429,0.8082411111111112,0.704628011,80.1
2030,3401,0.947417,0.6862044444444444,0.682365707,107.9
2030,3402,0.913662,0.5346577777777779,0.663851242,115.99
2030,3403,0.873971,0.2944444444444444,0.645751079,106.94
2030,3404,0.837628,0.024664444444444444,0.629763759,105.84
2030,3405,0.740741,0.0,0.607769693,101.4
2030,3406,0.651903,0.0,0.569437171,108.0
2030,3407,0.586904,0.0,0.523446219,105.24
2030,3408,0.553215,0.0,0.501287423,93.22
2030,3409,0.510381,0.0,0.537605389,75.0
2030,3410,0.485013,0.0,0.531878213,68.0
2030,3411,0.485657,0.0,0.531681653,70.21
2030,3412,0.501985,0.0,0.539080687,69.92
2030,3413,0.493983,0.13142222222222222,0.573404718,85.24
2030,3414,0.469012,0.3065877777777777,0.582585504,95.95
2030,3415,0.538127,0.4518911111111111,0.626336541,90.0
2030,3416,0.685117,0.74672,0.64550316,74.88
2030,3417,0.825648,0.8232211111111112,0.646561886,63.35
2030,3418,0.893993,0.863218888888889,0.65331316,60.72
2030,3419,0.924474,0.8934144444444444,0.652507866,-6.5
2030,3420,0.941009,0.8905355555555554,0.659262846,-10.01
2030,3421,0.94894,0.8906166666666665,0.676598301,-4.79
2030,3422,0.955987,0.8815477777777778,0.682970644,0.0
2030,3423,0.957129,0.83487,0.681350441,14.34
2030,3424,0.952756,0.7768766666666665,0.703680933,72.31
2030,3425,0.94694,0.71591,0.680902562,92.16
2030,3426,0.948371,0.5715566666666666,0.663206205,99.9
2030,3427,0.952267,0.31787,0.645684058,136.52
2030,3428,0.95084,0.030247777777777776,0.62793154,117.34
2030,3429,0.940816,0.0,0.611332241,99.69
2030,3430,0.928015,0.0,0.571951433,87.74
2030,3431,0.905499,0.0,0.52651631,75.34
2030,3432,0.906432,0.0,0.502750994,72.07
2030,3433,0.906401,0.0,0.538004407,66.47
2030,3434,0.890178,0.0,0.5323921,69.31
2030,3435,0.873266,0.0,0.532160272,68.91
2030,3436,0.863333,0.0,0.53920874,74.98
2030,3437,0.847988,0.07214666666666665,0.57301754,94.32
2030,3438,0.849575,0.37419,0.582547382,111.01
2030,3439,0.856625,0.7196322222222221,0.624033894,95.92
2030,3440,0.858085,0.8123299999999999,0.639692211,75.15
2030,3441,0.857791,0.8746566666666666,0.641094203,71.03
2030,3442,0.852164,0.9157322222222221,0.650357331,61.02
2030,3443,0.842578,0.9264133333333334,0.649052557,50.0
2030,3444,0.835066,0.9200799999999999,0.657295093,43.9
2030,3445,0.810193,0.9228611111111111,0.672225476,53.31
2030,3446,0.757871,0.9247422222222222,0.680173189,62.62
2030,3447,0.695189,0.90328,0.67975145,75.61
2030,3448,0.643774,0.85506,0.702451126,88.29
2030,3449,0.607597,0.7551966666666667,0.684364846,102.51
2030,3450,0.547703,0.581551111111111,0.669417206,130.0
2030,3451,0.493771,0.2697944444444444,0.653862344,165.41
2030,3452,0.451738,0.023866666666666668,0.636146018,147.54
2030,3453,0.389387,0.0,0.618311959,123.54
2030,3454,0.33163,0.0,0.579703829,103.37
2030,3455,0.274057,0.0,0.534797918,101.43
2030,3456,0.229973,0.0,0.511075722,92.73
2030,3457,0.174599,0.0,0.544385384,88.86
2030,3458,0.107701,0.0,0.537360492,89.44
2030,3459,0.066568,0.0,0.536126715,94.31
2030,3460,0.044318,0.0,0.542224105,100.77
2030,3461,0.039058,0.1884977777777778,0.574889367,119.32
2030,3462,0.05304,0.5001311111111111,0.579485638,117.43
2030,3463,0.076981,0.7069744444444445,0.625714837,110.78
2030,3464,0.121042,0.8037944444444444,0.648675693,102.0
2030,3465,0.210666,0.8570766666666667,0.658975188,91.28
2030,3466,0.314367,0.8534666666666667,0.676402383,84.14
2030,3467,0.38381,0.747737777777778,0.669789267,83.22
2030,3468,0.40713,0.7799822222222222,0.677182984,81.39
2030,3469,0.371377,0.8647244444444443,0.697450839,81.23
2030,3470,0.309765,0.8903466666666667,0.691885853,83.38
2030,3471,0.272121,0.8673222222222222,0.686490419,84.0
2030,3472,0.246037,0.7127677777777778,0.701750665,96.0
2030,3473,0.205864,0.3143788888888889,0.683504611,107.8
2030,3474,0.21919,0.1298311111111111,0.655220701,123.38
2030,3475,0.362254,0.08361,0.634939811,120.86
2030,3476,0.589923,0.024804444444444445,0.616174611,115.83
2030,3477,0.757902,0.0,0.595357089,109.67
2030,3478,0.822737,0.0,0.564333893,99.84
2030,3479,0.836404,0.0,0.52358843,94.88
2030,3480,0.816538,0.0,0.500725937,90.87
2030,3481,0.780879,0.0,0.474000426,90.21
2030,3482,0.739244,0.0,0.466262043,89.38
2030,3483,0.721823,0.0,0.462428372,89.29
2030,3484,0.709017,0.0,0.460872735,90.0
2030,3485,0.718191,0.047363333333333334,0.472460126,90.68
2030,3486,0.694868,0.12399666666666666,0.487080601,82.69
2030,3487,0.694194,0.1763488888888889,0.498507235,82.12
2030,3488,0.829373,0.25104222222222217,0.52604635,87.4
2030,3489,0.92181,0.35970222222222226,0.537986714,54.23
2030,3490,0.954804,0.7478155555555555,0.549635214,9.34
2030,3491,0.965162,0.8628511111111111,0.536439368,3.24
2030,3492,0.974368,0.8526355555555555,0.540105194,0.04
2030,3493,0.98067,0.8313844444444444,0.537135391,0.0
2030,3494,0.987041,0.7694999999999999,0.532355468,0.02
2030,3495,0.988944,0.7063311111111111,0.526673682,12.87
2030,3496,0.989113,0.5968888888888888,0.545101552,65.22
2030,3497,0.988953,0.4031088888888889,0.549440625,86.08
2030,3498,0.986186,0.18829222222222222,0.553018856,105.0
2030,3499,0.975998,0.09933666666666667,0.54531397,124.36
2030,3500,0.951343,0.01091,0.54289549,134.79
2030,3501,0.910133,0.0,0.540352314,113.32
2030,3502,0.861499,0.0,0.517280544,103.23
2030,3503,0.822035,0.0,0.489507528,117.12
2030,3504,0.811354,0.0,0.470255372,99.2
2030,3505,0.813461,0.0,0.457235604,94.05
2030,3506,0.806671,0.0,0.45079806,90.1
2030,3507,0.782664,0.0,0.447749328,92.15
2030,3508,0.748727,0.0,0.445246107,90.02
2030,3509,0.724389,0.020636666666666668,0.450545596,82.07
2030,3510,0.757893,0.0974922222222222,0.452462221,71.9
2030,3511,0.796457,0.22102444444444444,0.460459076,13.25
2030,3512,0.798349,0.3209933333333333,0.473466092,0.02
2030,3513,0.800439,0.5241944444444444,0.484306053,0.0
2030,3514,0.78376,0.7068366666666668,0.491045703,-0.09
2030,3515,0.749666,0.8226344444444444,0.493827706,-2.12
2030,3516,0.709025,0.8442566666666667,0.501112733,-10.66
2030,3517,0.665448,0.8531122222222222,0.500974937,-23.89
2030,3518,0.625157,0.8499055555555555,0.509694387,-9.91
2030,3519,0.564525,0.8276855555555555,0.527271221,-0.6
2030,3520,0.478307,0.7740466666666668,0.543937769,55.33
2030,3521,0.377855,0.6925088888888888,0.551259278,91.17
2030,3522,0.286027,0.5308011111111111,0.554637328,100.91
2030,3523,0.221665,0.2297811111111111,0.550507691,113.49
2030,3524,0.208133,0.018867777777777775,0.55103987,108.96
2030,3525,0.26304,0.0,0.550201319,98.41
2030,3526,0.363671,0.0,0.522996318,87.5
2030,3527,0.449555,0.0,0.490603426,70.29
2030,3528,0.508755,0.0,0.471771705,68.96
2030,3529,0.536848,0.0,0.520757176,67.9
2030,3530,0.567059,0.0,0.517774065,67.87
2030,3531,0.607584,0.0,0.519661195,70.3
2030,3532,0.639957,0.0,0.528793361,76.3
2030,3533,0.660351,0.060831111111111114,0.564945738,97.14
2030,3534,0.689186,0.12644666666666668,0.575344629,110.56
2030,3535,0.755346,0.15170111111111115,0.618273846,105.03
2030,3536,0.841782,0.2779844444444444,0.642072229,91.76
2030,3537,0.905286,0.4246366666666666,0.641475244,80.0
2030,3538,0.930918,0.5273277777777777,0.653556511,77.3
2030,3539,0.940667,0.526208888888889,0.659788393,70.11
2030,3540,0.943629,0.42860777777777775,0.668502653,66.75
2030,3541,0.946649,0.2987388888888889,0.682074413,64.97
2030,3542,0.956154,0.30791777777777773,0.681911338,68.01
2030,3543,0.964003,0.28347666666666665,0.679518,72.49
2030,3544,0.967847,0.13120444444444443,0.702667435,90.8
2030,3545,0.969424,0.07709555555555556,0.681730366,106.29
2030,3546,0.967906,0.06272111111111112,0.664987473,130.44
2030,3547,0.957935,0.009441111111111112,0.649531028,154.62
2030,3548,0.941287,0.0,0.630424002,141.27
2030,3549,0.918121,0.0,0.614585285,114.64
2030,3550,0.882787,0.0,0.574477937,97.46
2030,3551,0.847148,0.0,0.530683973,93.27
2030,3552,0.79708,0.0,0.507288345,94.0
2030,3553,0.770981,0.0,0.542723423,87.64
2030,3554,0.750779,0.0,0.537648716,85.22
2030,3555,0.72946,0.0,0.536995013,83.96
2030,3556,0.752312,0.0,0.542520207,88.4
2030,3557,0.804565,0.09343777777777776,0.575398914,99.0
2030,3558,0.820801,0.2726733333333334,0.583566832,105.24
2030,3559,0.859851,0.4446533333333333,0.626614307,92.61
2030,3560,0.88971,0.4176833333333333,0.653555303,77.48
2030,3561,0.924483,0.57888,0.659650517,65.5
2030,3562,0.943469,0.7484477777777777,0.669355407,58.2
2030,3563,0.950917,0.7888144444444445,0.66917323,51.33
2030,3564,0.955838,0.7142244444444444,0.683092435,46.44
2030,3565,0.962808,0.6855833333333332,0.710023427,46.53
2030,3566,0.973709,0.6845144444444444,0.712907909,54.94
2030,3567,0.983409,0.5229266666666667,0.700767952,60.89
2030,3568,0.98487,0.431691111111111,0.710419624,73.07
2030,3569,0.981234,0.4795922222222222,0.686783279,87.49
2030,3570,0.971951,0.4985588888888889,0.671963185,117.65
2030,3571,0.946341,0.3233355555555556,0.654719734,130.03
2030,3572,0.904116,0.05209888888888889,0.639563841,106.67
2030,3573,0.849406,0.0,0.616764402,89.76
2030,3574,0.765025,0.0,0.580359555,79.56
2030,3575,0.678565,0.0,0.535403187,68.1
2030,3576,0.56997,0.0,0.51169602,53.1
2030,3577,0.440547,0.0,0.546739274,49.54
2030,3578,0.327752,0.0,0.540049879,44.2
2030,3579,0.27438,0.0,0.539052975,42.14
2030,3580,0.280933,8.777777777777777e-05,0.54501566,41.87
2030,3581,0.319019,0.1961077777777778,0.576391276,59.4
2030,3582,0.327539,0.45595222222222226,0.585522417,80.05
2030,3583,0.3532,0.66876,0.629425029,85.64
2030,3584,0.392476,0.7767655555555556,0.654837588,64.49
2030,3585,0.433052,0.8273733333333333,0.655893972,49.9
2030,3586,0.440843,0.8574888888888889,0.667137561,41.59
2030,3587,0.419247,0.8661533333333332,0.667555552,35.16
2030,3588,0.377422,0.8581544444444446,0.676217547,33.1
2030,3589,0.340424,0.7997377777777778,0.688168804,32.21
2030,3590,0.28857,0.652738888888889,0.68807998,43.2
2030,3591,0.239757,0.5981433333333334,0.684987273,63.47
2030,3592,0.186527,0.43465333333333334,0.703101309,81.77
2030,3593,0.156733,0.24530888888888885,0.677309246,84.95
2030,3594,0.169963,0.12244,0.657395407,99.0
2030,3595,0.217811,0.05677777777777778,0.640965623,126.92
2030,3596,0.280312,0.006461111111111111,0.623171536,133.5
2030,3597,0.301777,0.0,0.610693522,113.3
2030,3598,0.239223,0.0,0.574292005,101.83
2030,3599,0.178684,0.0,0.530562049,98.45
2030,3600,0.148138,0.0,0.507268754,96.3
2030,3601,0.137923,0.0,0.543123046,84.03
2030,3602,0.164601,0.0,0.53806829,89.5
2030,3603,0.244656,0.0,0.537981811,83.96
2030,3604,0.37663,0.0,0.54393281,88.63
2030,3605,0.511454,0.007787777777777778,0.575123051,95.47
2030,3606,0.61707,0.028004444444444443,0.584177631,96.04
2030,3607,0.630095,0.08345777777777776,0.624613506,87.68
2030,3608,0.571788,0.21490222222222224,0.64765972,82.78
2030,3609,0.516592,0.40101,0.656606862,72.3
2030,3610,0.482211,0.7175333333333332,0.663537255,67.13
2030,3611,0.468471,0.7790922222222221,0.66006454,59.47
2030,3612,0.484917,0.8211766666666667,0.662051792,52.2
2030,3613,0.51862,0.79628,0.677547549,52.66
2030,3614,0.549145,0.7886788888888888,0.679026303,56.53
2030,3615,0.569625,0.7714555555555555,0.679468139,69.96
2030,3616,0.556688,0.7265711111111112,0.698799728,75.12
2030,3617,0.490049,0.648,0.680021244,93.9
2030,3618,0.40415,0.544151111111111,0.665096074,116.45
2030,3619,0.34173,0.3527522222222222,0.647238813,133.49
2030,3620,0.331046,0.07673222222222223,0.631216198,124.17
2030,3621,0.311117,0.0,0.609177914,99.3
2030,3622,0.285143,0.0,0.573954694,90.24
2030,3623,0.252822,0.0,0.531212048,92.0
2030,3624,0.21005,0.0,0.508833003,78.77
2030,3625,0.150015,0.0,0.548415918,66.52
2030,3626,0.105703,0.0,0.542806551,61.7
2030,3627,0.104986,0.0,0.542671202,62.01
2030,3628,0.110971,0.004172222222222221,0.54691151,75.19
2030,3629,0.125149,0.31691444444444444,0.5814306,88.96
2030,3630,0.135611,0.6021722222222222,0.5895271,91.51
2030,3631,0.115447,0.7540322222222222,0.632689693,90.65
2030,3632,0.113946,0.8386,0.668268907,85.0
2030,3633,0.100745,0.8849377777777777,0.670433819,77.2
2030,3634,0.080741,0.9089344444444445,0.682637883,71.13
2030,3635,0.079084,0.9122655555555554,0.677348712,62.66
2030,3636,0.08576,0.9065155555555556,0.6892088,56.69
2030,3637,0.085282,0.91097,0.702783864,50.08
2030,3638,0.078369,0.9137911111111111,0.699525272,41.84
2030,3639,0.055088,0.8993244444444445,0.692680822,41.48
2030,3640,0.041081,0.8611633333333333,0.705680718,65.1
2030,3641,0.040171,0.7969133333333333,0.684043804,78.0
2030,3642,0.039559,0.6863377777777777,0.661646035,90.84
2030,3643,0.039315,0.4762988888888889,0.644673766,93.03
2030,3644,0.036398,0.13272555555555557,0.617208074,83.14
2030,3645,0.030649,0.0,0.601201129,82.42
2030,3646,0.025335,0.0,0.575909533,71.02
2030,3647,0.021405,0.0,0.535511199,67.86
2030,3648,0.020117,0.0,0.512091246,67.77
2030,3649,0.021972,0.0,0.485475867,70.3
2030,3650,0.024722,0.0,0.476613655,57.93
2030,3651,0.028012,0.0,0.472247151,63.27
2030,3652,0.028207,0.0024311111111111113,0.467838875,65.62
2030,3653,0.02544,0.2142877777777778,0.483281615,65.9
2030,3654,0.018276,0.5455944444444444,0.496804108,61.64
2030,3655,0.014789,0.7104366666666667,0.512250741,60.0
2030,3656,0.02083,0.7992388888888889,0.530208542,50.85
2030,3657,0.030828,0.8521611111111111,0.542424891,37.97
2030,3658,0.042614,0.8779955555555555,0.544469456,33.74
2030,3659,0.06453,0.8849388888888888,0.534177321,17.1
2030,3660,0.113738,0.8794322222222222,0.538098703,5.96
2030,3661,0.192044,0.8795799999999999,0.532019512,-0.01
2030,3662,0.283778,0.877271111111111,0.535911725,0.0
2030,3663,0.370008,0.8569833333333332,0.546957933,10.32
2030,3664,0.453545,0.8195622222222222,0.565820818,41.89
2030,3665,0.541225,0.7482633333333334,0.569889547,54.0
2030,3666,0.606325,0.6294144444444444,0.577479698,64.78
2030,3667,0.657944,0.4233277777777778,0.572697092,66.69
2030,3668,0.714357,0.11350333333333333,0.566219052,63.26
2030,3669,0.735584,0.0,0.561837431,65.31
2030,3670,0.729866,0.0,0.543463362,55.62
2030,3671,0.70686,0.0,0.513567509,30.62
2030,3672,0.671369,0.0,0.491681142,23.92
2030,3673,0.638817,0.0,0.480313343,12.03
2030,3674,0.61961,0.0,0.471262774,5.0
2030,3675,0.616429,0.0,0.466014748,8.92
2030,3676,0.612181,0.004957777777777777,0.459989865,5.17
2030,3677,0.591953,0.2822977777777778,0.468675046,4.91
2030,3678,0.572789,0.5584444444444445,0.471857186,4.11
2030,3679,0.609876,0.7153677777777778,0.473052368,0.97
2030,3680,0.63297,0.7983744444444444,0.485611064,-0.04
2030,3681,0.667705,0.8456422222222221,0.500264308,-10.03
2030,3682,0.701773,0.8681477777777777,0.511500129,-20.0
2030,3683,0.73852,0.8722766666666666,0.514720708,-30.0
2030,3684,0.78151,0.8663577777777778,0.516082254,-60.0
2030,3685,0.823029,0.8657177777777777,0.506220852,-75.0
2030,3686,0.858834,0.8621966666666666,0.509451069,-81.0
2030,3687,0.88499,0.841181111111111,0.517658598,-35.7
2030,3688,0.898844,0.7947388888888889,0.5399192,-1.27
2030,3689,0.898206,0.7175388888888888,0.547614908,10.0
2030,3690,0.88702,0.5902588888888887,0.560255065,54.76
2030,3691,0.867275,0.36119111111111113,0.559689413,73.97
2030,3692,0.84906,0.08902333333333333,0.55484598,96.0
2030,3693,0.828467,0.0,0.55416468,93.6
2030,3694,0.809426,0.0,0.533527248,85.16
2030,3695,0.787665,0.0,0.503228175,95.2
2030,3696,0.763252,0.0,0.484605391,82.55
2030,3697,0.742575,0.0,0.52495357,89.91
2030,3698,0.733167,0.0,0.521289553,75.48
2030,3699,0.731127,0.0,0.522429556,71.02
2030,3700,0.724542,0.00032555555555555555,0.528455167,81.7
2030,3701,0.715961,0.08577888888888889,0.567127055,114.14
2030,3702,0.704699,0.2764311111111111,0.58216969,160.18
2030,3703,0.714369,0.5028455555555555,0.628175383,142.73
2030,3704,0.754622,0.6392733333333332,0.663181468,110.33
2030,3705,0.809766,0.7067622222222222,0.660857772,85.49
2030,3706,0.853636,0.7412844444444444,0.67659733,78.8
2030,3707,0.870487,0.7749666666666667,0.672712628,68.27
2030,3708,0.874904,0.7906233333333333,0.676280328,61.7
2030,3709,0.881861,0.7964622222222221,0.684905946,55.2
2030,3710,0.897972,0.7862244444444444,0.682844978,58.48
2030,3711,0.914161,0.7348033333333333,0.681605797,63.72
2030,3712,0.924002,0.6316577777777778,0.699099918,89.0
2030,3713,0.927496,0.48014,0.679695055,111.38
2030,3714,0.926489,0.2718222222222222,0.661098112,156.92
2030,3715,0.920009,0.10775666666666665,0.643329351,187.7
2030,3716,0.911232,0.018776666666666667,0.622248973,173.67
2030,3717,0.897836,0.0,0.604383137,135.51
2030,3718,0.880926,0.0,0.571971521,105.91
2030,3719,0.870049,0.0,0.528822293,105.51
2030,3720,0.863621,0.0,0.506598015,97.78
2030,3721,0.862368,0.0,0.54238885,91.89
2030,3722,0.863586,0.0,0.536279167,83.88
2030,3723,0.872744,0.0,0.535468337,80.78
2030,3724,0.86153,0.0007377777777777777,0.539908547,94.28
2030,3725,0.853585,0.10109888888888889,0.576482181,145.22
2030,3726,0.855965,0.2496177777777778,0.591063765,163.88
2030,3727,0.841075,0.2977744444444444,0.63365551,136.66
2030,3728,0.813021,0.2768466666666667,0.663897459,108.52
2030,3729,0.789225,0.2220933333333333,0.666203009,89.79
2030,3730,0.773813,0.25218444444444443,0.674855261,72.39
2030,3731,0.778799,0.33575444444444436,0.671932729,61.17
2030,3732,0.780895,0.4087044444444444,0.680000149,47.53
2030,3733,0.776312,0.4567688888888889,0.695220064,35.7
2030,3734,0.758202,0.4424155555555555,0.695960332,38.3
2030,3735,0.733295,0.3893177777777778,0.684480002,43.4
2030,3736,0.719379,0.2720888888888889,0.708129427,57.09
2030,3737,0.702047,0.17497333333333334,0.682017186,86.2
2030,3738,0.679019,0.1073888888888889,0.665230052,94.0
2030,3739,0.633584,0.05455666666666666,0.645409972,105.0
2030,3740,0.578547,0.00738111111111111,0.623318588,112.77
2030,3741,0.515226,0.0,0.606993526,96.62
2030,3742,0.434914,0.0,0.575462092,70.01
2030,3743,0.350593,0.0,0.530559177,57.48
2030,3744,0.266898,0.0,0.507693199,45.01
2030,3745,0.218835,0.0,0.544133817,45.67
2030,3746,0.189064,0.0,0.537770202,48.36
2030,3747,0.171401,0.0,0.537044723,48.66
2030,3748,0.16173,0.0,0.54101272,67.26
2030,3749,0.162918,0.022681111111111107,0.578742599,92.44
2030,3750,0.189227,0.08811555555555557,0.590281781,121.22
2030,3751,0.233342,0.18465666666666666,0.634702449,99.22
2030,3752,0.26167700000000005,0.2535588888888889,0.656966015,73.44
2030,3753,0.260839,0.3259622222222222,0.659152712,56.64
2030,3754,0.231923,0.3924755555555556,0.665517115,45.83
2030,3755,0.217124,0.4278255555555555,0.662914325,37.54
2030,3756,0.245987,0.39111,0.676417696,24.26
2030,3757,0.290146,0.30243333333333333,0.6937527,20.93
2030,3758,0.340653,0.2285988888888889,0.697263643,25.0
2030,3759,0.371354,0.2289322222222222,0.695993713,49.56
2030,3760,0.450339,0.2272777777777778,0.716926623,67.36
2030,3761,0.530322,0.21304555555555554,0.690421361,93.76
2030,3762,0.547873,0.1710311111111111,0.669732901,118.48
2030,3763,0.496961,0.09739444444444445,0.65260331,140.28
2030,3764,0.417489,0.020635555555555556,0.63147204,144.45
2030,3765,0.327727,0.0,0.613082715,131.54
2030,3766,0.23627,0.0,0.581349202,103.65
2030,3767,0.156162,0.0,0.535929669,87.18
2030,3768,0.10263,0.0,0.511774588,80.6
2030,3769,0.072056,0.0,0.547166804,76.92
2030,3770,0.052244,0.0,0.540581543,74.65
2030,3771,0.041367,0.0,0.539327914,79.83
2030,3772,0.034246,0.002588888888888889,0.542909109,89.31
2030,3773,0.026004,0.18859555555555552,0.579418333,112.0
2030,3774,0.017168,0.4746811111111111,0.592547818,117.3
2030,3775,0.017228,0.6647900000000001,0.63478579,96.83
2030,3776,0.034109,0.7582933333333334,0.657327447,71.24
2030,3777,0.063955,0.8001888888888888,0.663618973,57.8
2030,3778,0.088424,0.8293055555555555,0.672497789,30.3
2030,3779,0.100403,0.8462433333333333,0.666829344,25.2
2030,3780,0.102325,0.8555333333333333,0.673156812,19.67
2030,3781,0.088911,0.8459011111111112,0.685190841,20.93
2030,3782,0.064669,0.8154266666666666,0.687129834,30.98
2030,3783,0.04598,0.6978733333333333,0.68801578,53.75
2030,3784,0.037875,0.4549188888888889,0.705347324,74.62
2030,3785,0.030668,0.22598111111111113,0.684194094,89.92
2030,3786,0.025888,0.07936333333333334,0.669551887,111.5
2030,3787,0.026683,0.015423333333333334,0.65368613,148.44
2030,3788,0.038249,0.00015444444444444446,0.627402133,150.02
2030,3789,0.059657,0.0,0.611041664,123.77
2030,3790,0.101574,0.0,0.581326443,100.0
2030,3791,0.170892,0.0,0.537252249,97.72
2030,3792,0.249232,0.0,0.513474091,93.11
2030,3793,0.331659,0.0,0.548462507,91.0
2030,3794,0.402416,0.0,0.542207561,90.09
2030,3795,0.454603,0.0,0.541302767,90.11
2030,3796,0.462559,0.0006766666666666667,0.544833373,86.04
2030,3797,0.460707,0.1620988888888889,0.579072763,107.96
2030,3798,0.480262,0.4125877777777777,0.58781603,109.36
2030,3799,0.508827,0.4419,0.630704975,98.6
2030,3800,0.506035,0.4463044444444444,0.65597516,77.4
2030,3801,0.480604,0.5695244444444444,0.659059959,58.56
2030,3802,0.456466,0.7185255555555555,0.664492203,41.39
2030,3803,0.453063,0.8042044444444445,0.658872586,33.91
2030,3804,0.484322,0.8363577777777778,0.663420891,25.36
2030,3805,0.530997,0.8546566666666666,0.675481616,17.41
2030,3806,0.578849,0.84765,0.678521981,14.1
2030,3807,0.621653,0.8310955555555555,0.676808249,26.0
2030,3808,0.680002,0.794762222222222,0.698892196,60.09
2030,3809,0.749167,0.70338,0.681363719,81.13
2030,3810,0.7942,0.55599,0.665196773,102.0
2030,3811,0.807718,0.3584877777777778,0.647335127,119.67
2030,3812,0.825091,0.1252211111111111,0.619403176,133.87
2030,3813,0.840765,0.0,0.602518333,112.69
2030,3814,0.845772,0.0,0.577261977,90.0
2030,3815,0.83181,0.0,0.535397535,94.35
2030,3816,0.804345,0.0,0.510331466,81.15
2030,3817,0.764612,0.0,0.482538709,74.02
2030,3818,0.732744,0.0,0.473271104,72.58
2030,3819,0.709477,0.0,0.4685548,67.07
2030,3820,0.676647,0.008173333333333335,0.463237458,69.25
2030,3821,0.612521,0.2088811111111111,0.474340852,68.75
2030,3822,0.549551,0.4673133333333333,0.488209762,53.53
2030,3823,0.527762,0.6423088888888888,0.506901246,38.6
2030,3824,0.525708,0.7514977777777778,0.527322995,12.46
2030,3825,0.530435,0.8126977777777777,0.538779994,0.0
2030,3826,0.530413,0.8376022222222221,0.539769484,-2.25
2030,3827,0.534827,0.8584877777777777,0.530047554,-9.9
2030,3828,0.541365,0.8629855555555555,0.528635041,-23.0
2030,3829,0.534888,0.8367188888888888,0.52391357,-29.31
2030,3830,0.503162,0.8394355555555555,0.527775078,-20.0
2030,3831,0.442503,0.8085955555555555,0.539336136,-7.46
2030,3832,0.376643,0.77385,0.556765119,2.0
2030,3833,0.316893,0.6464844444444444,0.56232763,44.38
2030,3834,0.264022,0.5184188888888889,0.570369697,66.37
2030,3835,0.225103,0.36600555555555553,0.566251649,93.11
2030,3836,0.209937,0.11721000000000001,0.554907997,99.9
2030,3837,0.196935,0.0,0.550253143,108.24
2030,3838,0.191993,0.0,0.53415583,83.6
2030,3839,0.196918,0.0,0.503845178,69.02
2030,3840,0.217164,0.0,0.48230323,55.96
2030,3841,0.25612900000000005,0.0,0.46911178,37.58
2030,3842,0.305044,0.0,0.461396822,15.48
2030,3843,0.359252,0.0,0.457394374,17.63
2030,3844,0.371381,0.002272222222222222,0.450576094,12.55
2030,3845,0.344956,0.06402,0.454973173,9.32
2030,3846,0.296983,0.15646555555555552,0.459316479,3.0
2030,3847,0.25637099999999996,0.26111666666666666,0.466478842,0.02
2030,3848,0.233545,0.372,0.475678884,-1.97
2030,3849,0.210276,0.4857111111111111,0.484157728,-7.48
2030,3850,0.176365,0.5649988888888888,0.488623012,-15.42
2030,3851,0.132404,0.5950288888888887,0.487576561,-36.21
2030,3852,0.098138,0.5501588888888889,0.497052395,-46.16
2030,3853,0.076097,0.39796,0.497751376,-45.78
2030,3854,0.065601,0.2812422222222222,0.500208227,-28.68
2030,3855,0.061748,0.18149666666666667,0.508565916,-5.38
2030,3856,0.055289,0.12903777777777775,0.526092794,0.52
2030,3857,0.041639,0.08609444444444445,0.540571085,40.0
2030,3858,0.038583,0.04390555555555556,0.552008852,87.29
2030,3859,0.052265,0.01506222222222222,0.549749041,102.43
2030,3860,0.083104,0.00035222222222222225,0.541665032,121.48
2030,3861,0.124284,0.0,0.541490638,117.03
2030,3862,0.179408,0.0,0.521864052,96.18
2030,3863,0.256163,0.0,0.490709875,75.92
2030,3864,0.330254,0.0,0.471657141,65.11
2030,3865,0.376622,0.0,0.522340161,66.21
2030,3866,0.416544,0.0,0.519753409,61.52
2030,3867,0.449053,0.0,0.521456216,59.57
2030,3868,0.453063,0.005854444444444444,0.527062356,74.75
2030,3869,0.434772,0.18133222222222223,0.564465176,105.27
2030,3870,0.429921,0.37291555555555556,0.576178621,177.36
2030,3871,0.455016,0.4695377777777777,0.620275733,158.81
2030,3872,0.467496,0.48012222222222223,0.644005135,126.03
2030,3873,0.455039,0.48690333333333335,0.646210135,105.0
2030,3874,0.428665,0.4934955555555556,0.658066946,101.3
2030,3875,0.393685,0.3477077777777777,0.652429837,88.1
2030,3876,0.34445,0.40038555555555555,0.663766143,70.0
2030,3877,0.301786,0.6133077777777777,0.675821288,59.9
2030,3878,0.28387,0.6724677777777778,0.676041018,58.11
2030,3879,0.275958,0.72467,0.672320582,61.8
2030,3880,0.253961,0.728581111111111,0.693254486,71.8
2030,3881,0.22334,0.6668788888888888,0.672745004,89.07
2030,3882,0.198875,0.5401933333333333,0.655299169,109.89
2030,3883,0.183917,0.3253044444444444,0.638759448,113.8
2030,3884,0.200842,0.08831888888888888,0.612482177,104.0
2030,3885,0.231318,0.0,0.598644565,97.16
2030,3886,0.274431,0.0,0.568565593,77.0
2030,3887,0.323069,0.0,0.525602447,60.44
2030,3888,0.37412,0.0,0.503943348,57.12
2030,3889,0.395279,0.0,0.540334618,61.12
2030,3890,0.385876,0.0,0.53554512,55.0
2030,3891,0.350696,0.0,0.535410778,58.07
2030,3892,0.319011,0.0034355555555555554,0.539226878,59.17
2030,3893,0.304213,0.14270000000000002,0.574794734,77.93
2030,3894,0.275218,0.37972888888888884,0.58568831,97.67
2030,3895,0.280366,0.5650911111111112,0.627590862,87.75
2030,3896,0.307902,0.6563988888888889,0.651645745,68.23
2030,3897,0.328423,0.6394777777777778,0.654368087,48.71
2030,3898,0.327031,0.7701266666666666,0.666851718,33.35
2030,3899,0.30267,0.88168,0.669314943,13.31
2030,3900,0.27704,0.8709988888888888,0.681110524,1.84
2030,3901,0.259515,0.8344666666666666,0.695578766,0.86
2030,3902,0.222371,0.8065233333333333,0.687103872,2.1
2030,3903,0.178175,0.7089588888888888,0.684256316,13.14
2030,3904,0.164952,0.5109577777777777,0.701544604,52.68
2030,3905,0.202958,0.24340444444444445,0.67774919,72.89
2030,3906,0.296948,0.09655444444444443,0.657653349,101.05
2030,3907,0.462559,0.03676777777777778,0.638261584,125.83
2030,3908,0.640841,0.004072222222222222,0.613650037,123.43
2030,3909,0.750484,0.0,0.599653951,107.05
2030,3910,0.809662,0.0,0.5698289,89.9
2030,3911,0.83582,0.0,0.525300916,85.16
2030,3912,0.828464,0.0,0.5032386,86.03
2030,3913,0.840592,0.0,0.540247375,86.0
2030,3914,0.838202,0.0,0.534841464,79.74
2030,3915,0.876048,0.0,0.534570421,86.3
2030,3916,0.870753,0.0,0.538103967,94.18
2030,3917,0.846175,0.03352666666666666,0.572966823,120.22
2030,3918,0.852438,0.07460222222222221,0.583276565,114.9
2030,3919,0.855665,0.12756222222222222,0.626804413,104.01
2030,3920,0.852161,0.21889111111111115,0.645684902,69.89
2030,3921,0.861166,0.32391666666666663,0.647673611,55.42
2030,3922,0.859905,0.4196311111111111,0.661398717,50.0
2030,3923,0.850903,0.4866233333333333,0.656183104,36.61
2030,3924,0.84624,0.5922344444444444,0.664438608,37.83
2030,3925,0.841258,0.639151111111111,0.680249285,38.04
2030,3926,0.841029,0.6334044444444444,0.681607559,39.89
2030,3927,0.829918,0.6119633333333334,0.676747609,54.02
2030,3928,0.829885,0.5315322222222223,0.69802058,71.42
2030,3929,0.838615,0.4747188888888889,0.675736209,89.06
2030,3930,0.817636,0.39525,0.656078186,119.86
2030,3931,0.777845,0.2188488888888889,0.639003613,147.69
2030,3932,0.722866,0.03959666666666666,0.614212542,151.86
2030,3933,0.600262,0.0,0.600808687,128.3
2030,3934,0.450068,0.0,0.571906534,107.07
2030,3935,0.327712,0.0,0.527350923,103.11
2030,3936,0.250874,0.0,0.504713759,89.63
2030,3937,0.194377,0.0,0.541351142,83.62
2030,3938,0.163468,0.0,0.535941788,80.35
2030,3939,0.137992,0.0,0.535656303,78.68
2030,3940,0.117075,0.008346666666666665,0.53894298,92.7
2030,3941,0.110643,0.2138788888888889,0.573682571,114.03
2030,3942,0.100151,0.3864611111111111,0.583759469,124.25
2030,3943,0.08098,0.45063111111111104,0.627114593,104.17
2030,3944,0.070505,0.5744911111111112,0.646144126,73.79
2030,3945,0.069973,0.71116,0.647666811,56.95
2030,3946,0.079152,0.8033633333333333,0.659370793,51.02
2030,3947,0.09039,0.8504988888888887,0.65981959,44.15
2030,3948,0.084099,0.8615944444444443,0.663362956,38.93
2030,3949,0.078032,0.8756644444444445,0.675613086,35.96
2030,3950,0.07987,0.8719077777777778,0.676505036,44.91
2030,3951,0.075159,0.8314633333333333,0.673357207,67.3
2030,3952,0.065816,0.7682499999999999,0.697648536,70.85
2030,3953,0.056331,0.7197866666666666,0.678412092,90.9
2030,3954,0.0528,0.6020533333333332,0.659407091,121.65
2030,3955,0.073994,0.38437,0.643520431,166.14
2030,3956,0.129781,0.10472555555555557,0.617678596,139.05
2030,3957,0.212134,0.0,0.60132862,99.6
2030,3958,0.276726,0.0,0.572118638,80.0
2030,3959,0.299385,0.0,0.528436301,69.94
2030,3960,0.317547,0.0,0.505952631,58.94
2030,3961,0.318996,0.0,0.541730931,53.39
2030,3962,0.286021,0.0,0.535777712,50.44
2030,3963,0.26154000000000005,0.0,0.535310941,47.29
2030,3964,0.24164,0.0,0.538650937,52.72
2030,3965,0.205912,0.018983333333333335,0.572850107,72.22
2030,3966,0.15907,0.06496666666666667,0.581444204,92.0
2030,3967,0.12917599999999999,0.12121777777777777,0.625788981,97.55
2030,3968,0.123606,0.15657000000000004,0.64147027,92.59
2030,3969,0.12948500000000002,0.18476444444444445,0.64793173,71.08
2030,3970,0.150415,0.2363977777777778,0.653955825,59.2
2030,3971,0.191551,0.3032411111111111,0.653516686,51.75
2030,3972,0.239022,0.3168833333333333,0.662453443,39.88
2030,3973,0.288405,0.3107122222222223,0.67546787,34.17
2030,3974,0.362005,0.31623,0.670002801,34.39
2030,3975,0.44078,0.3195111111111111,0.662484376,48.79
2030,3976,0.5217670000000001,0.4604322222222222,0.685138851,75.0
2030,3977,0.569733,0.5626944444444445,0.66633238,90.98
2030,3978,0.550454,0.45809666666666665,0.648170463,113.07
2030,3979,0.474748,0.2721188888888889,0.628742255,127.31
2030,3980,0.427071,0.07022111111111111,0.60025504,119.6
2030,3981,0.426147,0.0,0.586815413,111.4
2030,3982,0.456839,0.0,0.562380807,108.0
2030,3983,0.480255,0.0,0.522011784,106.85
2030,3984,0.511456,0.0,0.499532564,104.0
2030,3985,0.56248,0.0,0.474316652,94.0
2030,3986,0.563722,0.0,0.466864769,87.0
2030,3987,0.553605,0.0,0.463284767,56.6
2030,3988,0.485412,0.0,0.458508349,19.89
2030,3989,0.371362,0.0035155555555555556,0.468681541,1.54
2030,3990,0.266099,0.014834444444444445,0.483739409,0.09
2030,3991,0.181494,0.03199222222222222,0.49964778,0.0
2030,3992,0.215096,0.08262333333333333,0.515006838,-0.06
2030,3993,0.373335,0.12939888888888887,0.529054094,-10.08
2030,3994,0.362239,0.23680444444444446,0.530995385,-28.99
2030,3995,0.273023,0.6140344444444444,0.517301115,-44.87
2030,3996,0.310732,0.8016666666666666,0.521332625,-65.44
2030,3997,0.433135,0.7164644444444446,0.514561885,-79.99
2030,3998,0.530324,0.4865344444444444,0.512105134,-56.17
2030,3999,0.577641,0.3297077777777777,0.522976825,-29.17
2030,4000,0.642252,0.3493755555555556,0.539438372,-4.5
2030,4001,0.721755,0.405821111111111,0.544494794,-0.01
2030,4002,0.760958,0.3523533333333333,0.550713691,32.09
2030,4003,0.786664,0.23068666666666665,0.542286724,70.0
2030,4004,0.815047,0.04000666666666666,0.533081128,67.77
2030,4005,0.829817,0.0,0.534189753,63.25
2030,4006,0.846798,0.0,0.517703242,40.72
2030,4007,0.859884,0.0,0.490474091,25.01
2030,4008,0.876895,0.0,0.471304138,10.25
2030,4009,0.865551,0.0,0.459683623,4.92
2030,4010,0.832212,0.0,0.453277904,2.92
2030,4011,0.784585,0.0,0.450312971,2.19
2030,4012,0.702747,0.00482,0.444623144,2.53
2030,4013,0.598176,0.20240222222222223,0.449134337,2.95
2030,4014,0.518203,0.50535,0.449340271,0.47
2030,4015,0.489496,0.68182,0.455795212,-0.02
2030,4016,0.514163,0.7797444444444445,0.4654543,-1.27
2030,4017,0.459565,0.7766899999999999,0.474434387,-10.0
2030,4018,0.416528,0.4187577777777778,0.480742519,-13.33
2030,4019,0.41727,0.3311844444444444,0.476460854,-20.0
2030,4020,0.431977,0.4039066666666667,0.482444923,-30.0
2030,4021,0.423961,0.38727,0.483304948,-35.66
2030,4022,0.412522,0.3011211111111111,0.486536642,-29.03
2030,4023,0.411617,0.22287222222222225,0.501826817,-10.02
2030,4024,0.465537,0.2926644444444445,0.52660773,-1.99
2030,4025,0.472958,0.07807555555555555,0.540043662,52.41
2030,4026,0.513731,0.028155555555555555,0.551161335,92.26
2030,4027,0.631579,0.01113222222222222,0.547121177,111.04
2030,4028,0.75597,0.005744444444444444,0.541226032,117.7
2030,4029,0.820421,0.0,0.541731259,118.27
2030,4030,0.869116,0.0,0.518572232,91.6
2030,4031,0.903142,0.0,0.487046411,70.16
2030,4032,0.908792,0.0,0.46836356,60.78
2030,4033,0.91243,0.0,0.518922473,63.7
2030,4034,0.889633,0.0,0.5158702,70.0
2030,4035,0.873173,0.0,0.517426314,69.41
2030,4036,0.891778,0.00013666666666666666,0.522844784,84.9
2030,4037,0.920433,0.024274444444444446,0.55750578,108.7
2030,4038,0.959852,0.06941888888888889,0.570119199,126.0
2030,4039,0.986084,0.19925888888888887,0.616135326,117.85
2030,4040,0.988801,0.4491022222222223,0.636346412,84.73
2030,4041,0.989064,0.7597511111111112,0.637050752,63.48
2030,4042,0.985701,0.7803411111111112,0.648321547,46.9
2030,4043,0.977385,0.7142577777777778,0.650166002,36.54
2030,4044,0.972904,0.6709166666666667,0.657121774,34.59
2030,4045,0.969677,0.7056355555555556,0.678036984,39.45
2030,4046,0.963899,0.6808111111111111,0.682896426,46.15
2030,4047,0.955597,0.6211888888888889,0.684715579,54.07
2030,4048,0.953721,0.5380477777777778,0.708117049,77.54
2030,4049,0.962423,0.41779222222222223,0.683910753,101.36
2030,4050,0.963635,0.21858,0.661766624,139.0
2030,4051,0.96152,0.06285555555555555,0.643224392,181.54
2030,4052,0.95675,0.006975555555555556,0.615602158,196.93
2030,4053,0.952743,0.0,0.601286368,126.61
2030,4054,0.950235,0.0,0.571887594,103.39
2030,4055,0.95106,0.0,0.529517146,88.07
2030,4056,0.949508,0.0,0.50738685,84.9
2030,4057,0.940793,0.0,0.543495045,87.27
2030,4058,0.929302,0.0,0.537178875,84.6
2030,4059,0.923015,0.0,0.535600568,86.6
2030,4060,0.929121,0.0,0.539154998,94.9
2030,4061,0.944173,0.024211111111111107,0.576062464,117.44
2030,4062,0.956082,0.0914788888888889,0.588849794,115.89
2030,4063,0.95793,0.2678722222222222,0.632046773,90.0
2030,4064,0.953908,0.42631777777777774,0.651331364,87.05
2030,4065,0.947074,0.39896333333333334,0.652208075,81.01
2030,4066,0.932321,0.4346588888888888,0.66963378,68.34
2030,4067,0.912635,0.5786366666666666,0.682821177,66.91
2030,4068,0.884976,0.6193666666666665,0.694055718,77.1
2030,4069,0.844444,0.6574044444444445,0.702543577,85.05
2030,4070,0.778185,0.6786233333333334,0.694521835,90.0
2030,4071,0.689166,0.6885466666666666,0.682836513,91.0
2030,4072,0.608195,0.5843788888888888,0.701907007,94.65
2030,4073,0.535096,0.4242488888888889,0.676742318,115.17
2030,4074,0.4748,0.2902711111111111,0.659437791,141.6
2030,4075,0.443566,0.13877777777777778,0.64308944,150.8
2030,4076,0.442644,0.029131111111111108,0.618535302,113.09
2030,4077,0.459868,0.0,0.604653422,95.19
2030,4078,0.473548,0.0,0.573719801,86.35
2030,4079,0.484978,0.0,0.527924525,100.05
2030,4080,0.506039,0.0,0.50555244,89.24
2030,4081,0.502955,0.0,0.542036661,79.7
2030,4082,0.493833,0.0,0.536077396,77.06
2030,4083,0.493843,0.0,0.535110088,81.17
2030,4084,0.457254,0.010443333333333332,0.538517931,77.32
2030,4085,0.373026,0.22908111111111112,0.571274017,101.9
2030,4086,0.277075,0.4890433333333334,0.581897131,112.14
2030,4087,0.217159,0.6469022222222222,0.627565305,104.23
2030,4088,0.195218,0.7247977777777778,0.647807769,81.73
2030,4089,0.183399,0.7555477777777778,0.649809419,72.49
2030,4090,0.15593,0.7089544444444446,0.660950136,60.26
2030,4091,0.116711,0.6970899999999999,0.663191641,45.0
2030,4092,0.083114,0.7228344444444446,0.671537467,33.56
2030,4093,0.057875,0.7457433333333334,0.682728095,21.87
2030,4094,0.044195,0.7486111111111111,0.686507837,13.44
2030,4095,0.036086,0.70634,0.685085654,30.03
2030,4096,0.043706,0.7034966666666667,0.707484662,64.16
2030,4097,0.057731,0.5319555555555555,0.680466807,79.78
2030,4098,0.022642,0.3599966666666667,0.659367972,99.89
2030,4099,0.004027,0.09894888888888889,0.64291825,122.69
2030,4100,0.011256,0.02319444444444444,0.622143365,117.7
2030,4101,0.012953,0.0,0.605330097,109.2
2030,4102,0.023578,0.0,0.576938338,93.31
2030,4103,0.062375,0.0,0.531260885,86.09
2030,4104,0.101882,0.0,0.508081337,81.56
2030,4105,0.124357,0.0,0.544581847,78.96
2030,4106,0.181489,0.0,0.538859201,79.05
2030,4107,0.341372,0.0,0.538039586,83.6
2030,4108,0.576476,0.0,0.541361274,87.72
2030,4109,0.726854,0.027474444444444444,0.575866007,111.36
2030,4110,0.786438,0.0846711111111111,0.588672502,112.63
2030,4111,0.787074,0.1923122222222222,0.631918489,102.99
2030,4112,0.806066,0.4493755555555556,0.650014012,81.09
2030,4113,0.826345,0.6566355555555554,0.656714525,70.0
2030,4114,0.832382,0.6783244444444444,0.673273893,60.08
2030,4115,0.833815,0.7554566666666667,0.670360251,56.87
2030,4116,0.837821,0.8404322222222222,0.680275529,55.21
2030,4117,0.859633,0.6457777777777779,0.700142017,58.59
2030,4118,0.869042,0.6989233333333332,0.706504507,67.72
2030,4119,0.881507,0.7436133333333332,0.704165054,76.39
2030,4120,0.885892,0.6551977777777778,0.721245735,89.04
2030,4121,0.898808,0.5367177777777777,0.693566034,107.48
2030,4122,0.898802,0.1726088888888889,0.675680948,138.38
2030,4123,0.878628,0.05361,0.659839136,170.48
2030,4124,0.870819,0.006608888888888889,0.63434803,129.93
2030,4125,0.86379,0.0,0.61751195,112.2
2030,4126,0.852187,0.0,0.590376671,95.32
2030,4127,0.835442,0.0,0.546074104,100.94
2030,4128,0.813502,0.0,0.522328116,90.88
2030,4129,0.803976,0.0,0.556033235,89.95
2030,4130,0.796452,0.0,0.548534582,87.46
2030,4131,0.772755,0.0,0.546584098,84.5
2030,4132,0.74795,0.0,0.549354576,85.38
2030,4133,0.714362,0.03852888888888889,0.584505877,96.0
2030,4134,0.6627,0.10461,0.596257667,120.9
2030,4135,0.610629,0.1833311111111111,0.642345765,120.85
2030,4136,0.561897,0.38954,0.667064094,111.67
2030,4137,0.638249,0.3834244444444444,0.66745728,100.65
2030,4138,0.67898,0.2837388888888889,0.676588477,89.94
2030,4139,0.605059,0.47339777777777775,0.675245013,88.54
2030,4140,0.749171,0.5851566666666667,0.686711112,81.9
2030,4141,0.843441,0.6571122222222221,0.698093425,73.77
2030,4142,0.876473,0.7828488888888888,0.695002352,74.32
2030,4143,0.921048,0.738511111111111,0.682599542,78.75
2030,4144,0.952626,0.5832122222222221,0.700208482,91.72
2030,4145,0.971378,0.5400522222222222,0.680470976,99.74
2030,4146,0.975227,0.4625488888888889,0.662746868,109.56
2030,4147,0.968032,0.24011444444444444,0.644303079,112.0
2030,4148,0.955083,0.05272,0.616642264,105.53
2030,4149,0.938777,0.0,0.606657911,96.3
2030,4150,0.928027,0.0,0.575107673,82.69
2030,4151,0.910721,0.0,0.532934464,80.78
2030,4152,0.895342,0.0,0.508441437,70.87
2030,4153,0.846201,0.0,0.480846572,61.8
2030,4154,0.779093,0.0,0.472159319,50.5
2030,4155,0.716048,0.0,0.467423425,49.62
2030,4156,0.663505,0.006193333333333333,0.462294581,46.47
2030,4157,0.626009,0.1908822222222222,0.472552493,58.15
2030,4158,0.638889,0.41613,0.485089651,48.71
2030,4159,0.684673,0.6072333333333334,0.501356609,43.79
2030,4160,0.691804,0.6866444444444445,0.520160362,34.65
2030,4161,0.680128,0.7345522222222222,0.53616569,12.54
2030,4162,0.672897,0.7612444444444444,0.54010218,3.59
2030,4163,0.669821,0.7219966666666666,0.534616445,2.65
2030,4164,0.657979,0.6783155555555554,0.530829003,0.03
2030,4165,0.636245,0.6436977777777778,0.521560578,-0.01
2030,4166,0.616418,0.65436,0.516633132,0.08
2030,4167,0.597649,0.6012811111111112,0.524231179,4.51
2030,4168,0.589143,0.5370766666666668,0.542305385,38.48
2030,4169,0.586646,0.44847777777777775,0.546878223,75.3
2030,4170,0.556427,0.30854777777777775,0.552829801,107.8
2030,4171,0.503752,0.16711444444444445,0.547997175,122.36
2030,4172,0.506061,0.03271,0.533937585,124.05
2030,4173,0.542798,0.0,0.539523201,111.25
2030,4174,0.586497,0.0,0.520248748,90.99
2030,4175,0.625161,0.0,0.493395525,98.06
2030,4176,0.655572,0.0,0.473867026,85.26
2030,4177,0.619645,0.0,0.462213091,84.96
2030,4178,0.569676,0.0,0.455783692,80.19
2030,4179,0.483472,0.0,0.452528312,78.3
2030,4180,0.364731,0.005078888888888889,0.446388499,75.6
2030,4181,0.261296,0.15731333333333333,0.449711033,71.45
2030,4182,0.20045,0.34652555555555553,0.451086144,48.15
2030,4183,0.200878,0.45842333333333335,0.456096338,17.97
2030,4184,0.24606,0.507191111111111,0.462788664,4.24
2030,4185,0.309633,0.5297611111111111,0.472685763,0.0
2030,4186,0.37135,0.5722566666666665,0.480393939,-0.05
2030,4187,0.40981,0.6473855555555555,0.477513433,-0.1
2030,4188,0.440572,0.7198922222222222,0.483189502,-1.03
2030,4189,0.449282,0.7532933333333334,0.480029806,-2.21
2030,4190,0.412948,0.7216899999999998,0.485057068,-2.04
2030,4191,0.319021,0.4806322222222223,0.499671826,-0.23
2030,4192,0.215046,0.3077833333333333,0.524697429,18.97
2030,4193,0.143518,0.25817555555555555,0.540061393,63.6
2030,4194,0.092007,0.2091444444444444,0.553536853,91.72
2030,4195,0.066922,0.10543666666666668,0.552300421,113.5
2030,4196,0.085058,0.013537777777777779,0.544374847,125.01
2030,4197,0.155072,0.0,0.546076618,120.1
2030,4198,0.243836,0.0,0.527522258,99.9
2030,4199,0.368017,0.0,0.495302054,105.63
2030,4200,0.514161,0.0,0.475844029,95.1
2030,4201,0.588892,0.0,0.52589131,89.93
2030,4202,0.655579,0.0,0.522506507,84.9
2030,4203,0.677814,0.0,0.523909405,87.45
2030,4204,0.63259,0.0006144444444444445,0.528900227,98.71
2030,4205,0.598678,0.04153888888888888,0.565289548,133.14
2030,4206,0.611298,0.05975444444444445,0.576821278,129.35
2030,4207,0.664017,0.08818222222222222,0.622316112,98.64
2030,4208,0.742341,0.11526444444444443,0.643041285,75.6
2030,4209,0.799418,0.13111777777777778,0.6478361,50.62
2030,4210,0.820387,0.14983777777777782,0.657787048,34.3
2030,4211,0.799244,0.18331444444444445,0.659128763,31.08
2030,4212,0.756524,0.24014555555555553,0.667477943,27.54
2030,4213,0.738216,0.31173111111111107,0.676697126,26.0
2030,4214,0.751591,0.34719777777777777,0.678098931,31.84
2030,4215,0.736974,0.3357611111111111,0.677754451,62.23
2030,4216,0.694931,0.2762633333333333,0.697787541,79.89
2030,4217,0.65798,0.1683833333333333,0.67867531,93.1
2030,4218,0.672011,0.1282722222222222,0.66399067,151.9
2030,4219,0.697199,0.07086,0.649338018,203.34
2030,4220,0.676479,0.011274444444444446,0.621855186,156.07
2030,4221,0.651272,0.0,0.607697262,117.4
2030,4222,0.664894,0.0,0.577255339,92.35
2030,4223,0.690296,0.0,0.533441811,88.8
2030,4224,0.706883,0.0,0.510225373,84.8
2030,4225,0.694471,0.0,0.545304502,84.78
2030,4226,0.6519,0.0,0.538954497,85.22
2030,4227,0.569855,0.0,0.537864988,85.5
2030,4228,0.441749,0.009201111111111113,0.54091735,94.9
2030,4229,0.290927,0.23847666666666667,0.575729312,114.8
2030,4230,0.183988,0.5178244444444444,0.584110794,122.0
2030,4231,0.121356,0.6872822222222222,0.628399454,103.8
2030,4232,0.072843,0.7649911111111112,0.644367859,74.64
2030,4233,0.052031,0.7935833333333334,0.645546632,35.69
2030,4234,0.0607,0.816641111111111,0.654481908,11.8
2030,4235,0.075719,0.8532688888888889,0.655380197,-9.1
2030,4236,0.080901,0.8515311111111111,0.664213412,-20.0
2030,4237,0.069131,0.8437377777777778,0.679281621,-12.89
2030,4238,0.048347,0.8274744444444444,0.681324369,9.5
2030,4239,0.026767,0.7739655555555555,0.679620555,25.0
2030,4240,0.017912,0.7154599999999999,0.70053292,62.9
2030,4241,0.030863,0.6663244444444445,0.679808325,78.9
2030,4242,0.083821,0.5714477777777778,0.662956838,107.74
2030,4243,0.190391,0.3765633333333333,0.646685672,125.89
2030,4244,0.367493,0.10172777777777779,0.622068948,122.09
2030,4245,0.566505,0.0,0.60930009,106.57
2030,4246,0.684682,0.0,0.578518483,89.95
2030,4247,0.726202,0.0,0.533868009,107.27
2030,4248,0.727647,0.0,0.511307145,99.91
2030,4249,0.709002,0.0,0.54738006,95.32
2030,4250,0.689151,0.0,0.540510717,95.46
2030,4251,0.671605,0.0,0.538721715,91.69
2030,4252,0.648082,0.014414444444444447,0.54184773,97.05
2030,4253,0.605044,0.2949333333333333,0.574444449,108.74
2030,4254,0.548438,0.5523788888888889,0.583524082,130.0
2030,4255,0.542371,0.6987144444444445,0.631768704,121.1
2030,4256,0.547755,0.7789377777777776,0.649766738,101.76
2030,4257,0.555295,0.8199244444444446,0.651554985,89.88
2030,4258,0.593547,0.8297344444444444,0.65626352,84.17
2030,4259,0.655583,0.8238466666666666,0.654788085,78.64
2030,4260,0.699406,0.8223566666666665,0.662496183,76.54
2030,4261,0.704686,0.8297911111111111,0.677904555,80.0
2030,4262,0.67898,0.8236255555555556,0.680643587,90.49
2030,4263,0.64002,0.7973633333333332,0.68378453,99.91
2030,4264,0.621102,0.7088377777777777,0.702673922,105.86
2030,4265,0.583243,0.4439011111111111,0.681098127,107.31
2030,4266,0.508113,0.19221,0.663361872,134.26
2030,4267,0.407134,0.06712222222222222,0.647873434,144.06
2030,4268,0.288556,0.010344444444444446,0.623376064,130.48
2030,4269,0.174938,0.0,0.611048725,117.48
2030,4270,0.144471,0.0,0.583667166,110.0
2030,4271,0.205855,0.0,0.539047092,96.0
2030,4272,0.281766,0.0,0.515305537,86.91
2030,4273,0.314165,0.0,0.550849305,80.5
2030,4274,0.301784,0.0,0.544745612,82.84
2030,4275,0.265308,0.0,0.54340242,78.0
2030,4276,0.209717,0.00553,0.546941575,83.24
2030,4277,0.153745,0.16211222222222224,0.577997466,114.0
2030,4278,0.108839,0.4009855555555556,0.589806483,124.01
2030,4279,0.07964,0.576891111111111,0.645688153,115.0
2030,4280,0.089759,0.6824355555555555,0.670470774,88.88
2030,4281,0.168558,0.673448888888889,0.67183618,67.08
2030,4282,0.484945,0.37297777777777774,0.684077973,49.61
2030,4283,0.506049,0.21928555555555554,0.674413694,25.0
2030,4284,0.219193,0.23378777777777776,0.678636892,0.0
2030,4285,0.04508,0.36248222222222226,0.687431677,-0.07
2030,4286,0.027102,0.4826022222222222,0.688989031,0.0
2030,4287,0.028625,0.2824388888888889,0.687745407,19.52
2030,4288,0.121776,0.1717977777777778,0.707815221,45.44
2030,4289,0.277912,0.19968666666666662,0.685903394,70.73
2030,4290,0.172977,0.07140444444444444,0.670118594,99.0
2030,4291,0.193998,0.008,0.656407682,132.0
2030,4292,0.348042,0.0,0.63051422,125.0
2030,4293,0.440845,0.0,0.614056164,106.9
2030,4294,0.478324,0.0,0.584671644,99.48
2030,4295,0.5195700000000001,0.0,0.539776231,90.71
2030,4296,0.550135,0.0,0.515680485,89.91
2030,4297,0.607183,0.0,0.550075072,80.45
2030,4298,0.653573,0.0,0.543691271,74.77
2030,4299,0.71752,0.0,0.54287483,78.3
2030,4300,0.757883,0.0,0.546140234,84.9
2030,4301,0.684749,0.004837777777777778,0.578880179,110.75
2030,4302,0.65113,0.020974444444444445,0.587080765,90.92
2030,4303,0.609494,0.08480999999999998,0.631332517,75.57
2030,4304,0.562518,0.2708088888888889,0.655989504,25.8
2030,4305,0.584588,0.5915422222222222,0.660817657,0.0
2030,4306,0.636493,0.8076211111111111,0.669895497,-10.06
2030,4307,0.672295,0.8710955555555555,0.672040539,-20.0
2030,4308,0.67669,0.8768077777777776,0.672426341,-30.0
2030,4309,0.65827,0.8770799999999999,0.685429144,-30.0
2030,4310,0.637363,0.8760711111111111,0.685087682,-15.1
2030,4311,0.612444,0.8569100000000002,0.682748444,-7.92
2030,4312,0.559397,0.8172166666666667,0.699926455,1.0
2030,4313,0.468689,0.7440066666666666,0.677477638,45.0
2030,4314,0.360774,0.6207311111111111,0.657432019,87.02
2030,4315,0.259457,0.39890333333333333,0.637910614,110.13
2030,4316,0.211062,0.10326555555555555,0.610715239,137.48
2030,4317,0.191166,0.0,0.597251441,126.2
2030,4318,0.162154,0.0,0.572720037,108.85
2030,4319,0.140655,0.0,0.532644153,110.71
2030,4320,0.137708,0.0,0.509580451,108.29
2030,4321,0.148435,0.0,0.482676766,107.95
2030,4322,0.165835,0.0,0.474407154,107.19
2030,4323,0.174977,0.0,0.469843909,105.34
2030,4324,0.164519,0.010583333333333333,0.464869315,102.13
2030,4325,0.142757,0.23837333333333335,0.477209225,94.97
2030,4326,0.117179,0.46075777777777777,0.487073735,82.2
2030,4327,0.109471,0.5750088888888888,0.503711067,65.86
2030,4328,0.122311,0.6603566666666666,0.519962153,29.58
2030,4329,0.151514,0.71448,0.532168103,5.04
2030,4330,0.193525,0.6889555555555554,0.534646751,0.04
2030,4331,0.251639,0.6866999999999999,0.529693746,-0.01
2030,4332,0.31948,0.7152855555555555,0.530234993,-0.24
2030,4333,0.383194,0.7333111111111111,0.527051576,-0.08
2030,4334,0.424127,0.7366655555555555,0.527626783,1.36
2030,4335,0.437055,0.7411466666666666,0.539323627,12.1
2030,4336,0.419242,0.7325222222222222,0.550974741,68.34
2030,4337,0.38456,0.6951244444444444,0.55545866,103.25
2030,4338,0.339133,0.5698011111111112,0.557006095,126.93
2030,4339,0.2803,0.29529999999999995,0.551409385,139.0
2030,4340,0.237554,0.03334444444444445,0.543106184,113.5
2030,4341,0.209905,0.0,0.543042337,100.1
2030,4342,0.20187,0.0,0.525459493,93.81
2030,4343,0.213294,0.0,0.497611954,80.7
2030,4344,0.236181,0.0,0.477512444,83.0
2030,4345,0.26175400000000004,0.0,0.468460434,75.3
2030,4346,0.280256,0.0,0.46114945,67.05
2030,4347,0.299388,0.0,0.457630409,64.36
2030,4348,0.312803,0.0006388888888888887,0.452298625,51.39
2030,4349,0.321435,0.08885777777777776,0.456283839,51.56
2030,4350,0.33409,0.30456222222222223,0.454986422,20.42
2030,4351,0.380377,0.5077266666666667,0.460091997,6.83
2030,4352,0.446274,0.6543844444444445,0.471291037,0.82
2030,4353,0.498015,0.7529911111111112,0.483476381,0.0
2030,4354,0.514969,0.8072366666666666,0.489274329,0.0
2030,4355,0.511454,0.8302255555555554,0.488532196,-0.02
2030,4356,0.51415,0.8312188888888888,0.495192467,-1.51
2030,4357,0.514842,0.8253266666666667,0.495428023,-1.09
2030,4358,0.514158,0.8198733333333332,0.502147525,0.0
2030,4359,0.511452,0.8041344444444444,0.516203234,0.92
2030,4360,0.5168630000000001,0.7688933333333334,0.540168191,30.92
2030,4361,0.522974,0.7034233333333333,0.556158399,75.75
2030,4362,0.514155,0.5890444444444444,0.572921504,87.26
2030,4363,0.476303,0.39129111111111103,0.578978178,99.9
2030,4364,0.435992,0.1079211111111111,0.577377796,104.0
2030,4365,0.389522,0.0,0.573453315,107.28
2030,4366,0.346016,0.0,0.541275757,93.2
2030,4367,0.313513,0.0,0.508654663,94.73
2030,4368,0.294158,0.0,0.489374042,85.7
2030,4369,0.292286,0.0,0.538376339,78.19
2030,4370,0.301809,0.0,0.533670196,78.01
2030,4371,0.330246,0.0,0.534117518,79.04
2030,4372,0.366882,0.016583333333333332,0.539801746,80.23
2030,4373,0.38585,0.3440022222222222,0.574308562,121.66
2030,4374,0.388515,0.5908166666666668,0.582145812,136.51
2030,4375,0.411755,0.7235922222222221,0.629705821,132.4
2030,4376,0.440839,0.8113966666666665,0.654235599,109.6
2030,4377,0.457101,0.8533955555555556,0.658622135,100.6
2030,4378,0.453761,0.8506933333333334,0.669504759,86.09
2030,4379,0.431746,0.80683,0.671780422,73.79
2030,4380,0.446274,0.8057733333333332,0.678472339,66.63
2030,4381,0.466663,0.80283,0.692325889,37.74
2030,4382,0.493847,0.8765122222222221,0.698392188,29.46
2030,4383,0.499271,0.8525488888888888,0.697936265,31.06
2030,4384,0.496547,0.8039566666666668,0.715065641,55.0
2030,4385,0.488614,0.7197477777777778,0.692601654,71.91
2030,4386,0.46726,0.5773944444444444,0.673834068,98.72
2030,4387,0.433083,0.3416444444444444,0.656774541,162.52
2030,4388,0.412511,0.09293555555555555,0.636668124,126.36
2030,4389,0.398207,0.0,0.621900544,108.2
2030,4390,0.397124,0.0,0.592220522,87.65
2030,4391,0.406894,0.0,0.549038667,83.0
2030,4392,0.419251,0.0,0.52619972,76.36
2030,4393,0.440843,0.0,0.561779715,76.38
2030,4394,0.464828,0.0,0.555170723,75.74
2030,4395,0.494996,0.0,0.554034327,76.37
2030,4396,0.514158,0.017974444444444446,0.558013379,77.09
2030,4397,0.506041,0.3763277777777778,0.588515585,91.6
2030,4398,0.470469,0.6367099999999999,0.593135258,98.23
2030,4399,0.446274,0.7636355555555556,0.64218319,102.84
2030,4400,0.420857,0.8385111111111111,0.660020544,100.0
2030,4401,0.39394,0.8814277777777777,0.662345934,87.81
2030,4402,0.358632,0.90213,0.675014816,71.0
2030,4403,0.312795,0.9031433333333333,0.678956404,63.75
2030,4404,0.270512,0.89424,0.691381774,60.36
2030,4405,0.24052,0.8927466666666666,0.709184908,52.32
2030,4406,0.221926,0.8917377777777777,0.714617439,50.72
2030,4407,0.211036,0.87535,0.712562017,62.7
2030,4408,0.212479,0.8383544444444444,0.726756792,64.84
2030,4409,0.22051,0.772588888888889,0.695393537,78.16
2030,4410,0.22608,0.6623022222222222,0.668974061,99.95
2030,4411,0.227326,0.45906444444444444,0.646187231,111.45
2030,4412,0.22805,0.15733333333333333,0.630399165,110.25
2030,4413,0.205888,0.0,0.613470859,108.94
2030,4414,0.16381,0.0,0.582046252,98.65
2030,4415,0.120156,0.0,0.539527172,167.25
2030,4416,0.08178,0.0,0.517397379,109.9
2030,4417,0.054767,0.0,0.553775891,94.9
2030,4418,0.042527,0.0,0.547577082,82.7
2030,4419,0.042014,0.0,0.546675611,82.7
2030,4420,0.050261,0.013426666666666667,0.550901914,79.9
2030,4421,0.061151,0.3235733333333333,0.580949585,95.68
2030,4422,0.066415,0.516638888888889,0.585399663,113.29
2030,4423,0.069603,0.68711,0.627942391,113.0
2030,4424,0.073328,0.8310355555555554,0.652852568,98.0
2030,4425,0.0761,0.8743755555555555,0.660074506,87.88
2030,4426,0.075094,0.8938366666666666,0.67085106,90.41
2030,4427,0.074145,0.894641111111111,0.671373205,89.9
2030,4428,0.078167,0.8850766666666666,0.675809655,80.0
2030,4429,0.087422,0.8815066666666667,0.692666324,61.64
2030,4430,0.097917,0.8783866666666666,0.692593251,59.47
2030,4431,0.106017,0.8594833333333333,0.687828573,60.09
2030,4432,0.112487,0.8208211111111111,0.704444893,79.17
2030,4433,0.123162,0.7527777777777778,0.680772499,93.56
2030,4434,0.138948,0.6388144444444446,0.66178724,111.45
2030,4435,0.162537,0.4284055555555556,0.644919006,154.18
2030,4436,0.19979,0.13841777777777775,0.623979483,105.13
2030,4437,0.221123,0.0,0.612370891,87.39
2030,4438,0.222255,0.0,0.583063366,69.37
2030,4439,0.221834,0.0,0.539587863,58.5
2030,4440,0.219204,0.0,0.514948199,35.0
2030,4441,0.218649,0.0,0.550075395,16.35
2030,4442,0.215328,0.0,0.543106235,10.0
2030,4443,0.204441,0.0,0.541576673,7.43
2030,4444,0.189469,0.009453333333333333,0.545496556,7.35
2030,4445,0.161658,0.2443533333333333,0.580135469,31.25
2030,4446,0.120036,0.4827666666666666,0.582280307,34.91
2030,4447,0.100407,0.6348544444444444,0.624816163,32.86
2030,4448,0.079375,0.7151877777777778,0.647005898,22.23
2030,4449,0.060291,0.7588733333333334,0.650527538,-10.0
2030,4450,0.04556,0.7984811111111112,0.660308966,-35.69
2030,4451,0.041195,0.82829,0.660975273,-70.0
2030,4452,0.044012,0.84842,0.668768245,-137.8
2030,4453,0.054435,0.8554144444444446,0.686024655,-149.0
2030,4454,0.070091,0.8452411111111111,0.690844675,-80.0
2030,4455,0.090509,0.80641,0.689898204,-51.34
2030,4456,0.115842,0.6709655555555556,0.711508487,-31.18
2030,4457,0.148445,0.44404111111111105,0.690279656,-5.0
2030,4458,0.210933,0.24519777777777776,0.67093721,40.77
2030,4459,0.330259,0.12041555555555555,0.656966628,81.86
2030,4460,0.502745,0.03384222222222222,0.633224557,107.98
2030,4461,0.651819,0.0,0.61646189,82.8
2030,4462,0.713773,0.0,0.587277595,61.27
2030,4463,0.688098,0.0,0.543856723,13.54
2030,4464,0.56549,0.0,0.521488366,6.37
2030,4465,0.401133,0.0,0.557924535,4.0
2030,4466,0.26979,0.0,0.551785894,2.67
2030,4467,0.162871,0.0,0.551206089,2.92
2030,4468,0.121842,0.0,0.555566906,5.72
2030,4469,0.161292,0.021127777777777777,0.584622274,20.18
2030,4470,0.307882,0.0841911111111111,0.58992224,30.95
2030,4471,0.563596,0.1665011111111111,0.632508383,39.7
2030,4472,0.753933,0.32149,0.653404654,18.56
2030,4473,0.821925,0.6710055555555554,0.656592509,2.96
2030,4474,0.829298,0.8291766666666667,0.667581511,0.42
2030,4475,0.818342,0.8324366666666666,0.665614589,0.1
2030,4476,0.816596,0.8265444444444444,0.668447665,-0.55
2030,4477,0.81798,0.7836144444444444,0.6835627,-0.77
2030,4478,0.816677,0.73078,0.68183494,-0.01
2030,4479,0.799468,0.662588888888889,0.675670073,1.97
2030,4480,0.792654,0.5712811111111111,0.693076004,16.97
2030,4481,0.791143,0.571188888888889,0.674335301,64.26
2030,4482,0.764217,0.4923533333333333,0.654177797,90.81
2030,4483,0.723508,0.3547822222222222,0.636567721,132.64
2030,4484,0.693948,0.10100111111111108,0.608760983,132.12
2030,4485,0.655607,0.0,0.597657278,105.65
2030,4486,0.566231,0.0,0.5745606,85.29
2030,4487,0.458821,0.0,0.534710643,85.52
2030,4488,0.407131,0.0,0.511470474,66.06
2030,4489,0.425977,0.0,0.48490056,58.94
2030,4490,0.50329,0.0,0.476306128,43.35
2030,4491,0.566222,0.0,0.472276527,35.82
2030,4492,0.558807,0.0,0.468717697,15.03
2030,4493,0.52997,0.03107444444444444,0.478336609,5.93
2030,4494,0.510798,0.17925888888888886,0.490338678,5.37
2030,4495,0.526068,0.41901222222222223,0.503047342,3.4
2030,4496,0.605047,0.6872277777777778,0.521480473,0.0
2030,4497,0.680399,0.81853,0.534171749,-10.0
2030,4498,0.725438,0.8532533333333334,0.537294407,-29.03
2030,4499,0.720105,0.8517711111111111,0.529940265,-34.32
2030,4500,0.672417,0.8406644444444444,0.528642019,-52.74
2030,4501,0.578343,0.8316988888888889,0.526626992,-69.79
2030,4502,0.48501,0.8135611111111112,0.5314836,-116.61
2030,4503,0.425158,0.7605955555555555,0.536722809,-92.44
2030,4504,0.387236,0.663511111111111,0.552622562,-49.71
2030,4505,0.34648,0.5157733333333333,0.552490376,-10.0
2030,4506,0.274456,0.40038,0.556362047,-2.5
2030,4507,0.193991,0.22992333333333334,0.546503719,6.61
2030,4508,0.169653,0.05198111111111111,0.536182222,9.59
2030,4509,0.21715,0.0,0.538923803,18.47
2030,4510,0.312716,0.0,0.52435583,14.92
2030,4511,0.29937,0.0,0.49902024,0.46
2030,4512,0.376074,0.0,0.480377604,0.35
2030,4513,0.469539,0.0,0.472005319,-0.32
2030,4514,0.508459,0.0,0.464548642,0.0
2030,4515,0.560956,0.0,0.460544157,0.34
2030,4516,0.584177,0.0024411111111111113,0.455644966,0.25
2030,4517,0.56263,0.19387444444444446,0.458747399,0.04
2030,4518,0.590929,0.44477888888888883,0.456826087,0.0
2030,4519,0.697424,0.56613,0.460051951,-0.6
2030,4520,0.768171,0.5828411111111111,0.468817123,-6.61
2030,4521,0.807537,0.665088888888889,0.481121431,-10.1
2030,4522,0.814976,0.7808077777777777,0.492922454,-12.92
2030,4523,0.813021,0.8363066666666668,0.498929752,-13.65
2030,4524,0.812018,0.8314911111111112,0.497757709,-22.62
2030,4525,0.809601,0.8037855555555554,0.498928497,-21.0
2030,4526,0.810385,0.7136877777777777,0.496424885,-12.21
2030,4527,0.81089,0.5765566666666666,0.50096403,-6.28
2030,4528,0.79798,0.5688588888888889,0.524696813,-1.59
2030,4529,0.773692,0.5423766666666666,0.535468932,58.56
2030,4530,0.735431,0.4177122222222222,0.543629975,86.31
2030,4531,0.67351,0.20749555555555554,0.54235794,119.05
2030,4532,0.680287,0.03452444444444444,0.536863969,127.05
2030,4533,0.714226,0.0,0.542219729,114.44
2030,4534,0.725678,0.0,0.524306594,96.86
2030,4535,0.69616,0.0,0.494399164,81.67
2030,4536,0.634401,0.0,0.476620811,76.65
2030,4537,0.569131,0.0,0.527504678,73.3
2030,4538,0.486214,0.0,0.52441764,76.59
2030,4539,0.498407,0.0,0.525826729,75.49
2030,4540,0.600787,0.0,0.532436632,79.44
2030,4541,0.665971,0.016446666666666665,0.564870785,110.0
2030,4542,0.663793,0.08558333333333334,0.572292365,123.36
2030,4543,0.665776,0.14510111111111113,0.615835108,101.24
2030,4544,0.670122,0.20367555555555555,0.637262747,77.86
2030,4545,0.671754,0.3220544444444444,0.643977601,54.2
2030,4546,0.678945,0.5908722222222221,0.658751105,38.98
2030,4547,0.699211,0.78875,0.664545871,32.14
2030,4548,0.716543,0.8272577777777779,0.670959463,29.87
2030,4549,0.746674,0.83778,0.687305963,29.9
2030,4550,0.786095,0.8395977777777778,0.693442674,37.27
2030,4551,0.813602,0.8155244444444444,0.692329918,63.42
2030,4552,0.827122,0.7704666666666666,0.713448818,81.37
2030,4553,0.835122,0.6782511111111112,0.686474272,101.52
2030,4554,0.83369,0.5611022222222222,0.663393854,135.0
2030,4555,0.817275,0.3335833333333334,0.64879545,249.01
2030,4556,0.800625,0.07811555555555556,0.621898477,169.23
2030,4557,0.789598,0.0,0.60390799,113.73
2030,4558,0.788733,0.0,0.574395763,91.88
2030,4559,0.766465,0.0,0.533260368,101.69
2030,4560,0.735396,0.0,0.512773212,91.07
2030,4561,0.691686,0.0,0.550043718,86.98
2030,4562,0.636669,0.0,0.544563133,83.52
2030,4563,0.560958,0.0,0.544150871,80.17
2030,4564,0.456797,0.0,0.549661383,88.89
2030,4565,0.350671,0.04096444444444445,0.579870282,101.92
2030,4566,0.272106,0.1140288888888889,0.586457839,100.12
2030,4567,0.236702,0.20791666666666667,0.632388517,91.7
2030,4568,0.212281,0.2591422222222222,0.659455866,67.02
2030,4569,0.215051,0.3402433333333333,0.666986148,46.63
2030,4570,0.23444,0.5154144444444444,0.678956368,33.71
2030,4571,0.255257,0.6725833333333334,0.683629606,21.95
2030,4572,0.264041,0.70925,0.69065432,6.57
2030,4573,0.252198,0.669671111111111,0.718170913,4.34
2030,4574,0.21844,0.6269244444444444,0.713609166,11.17
2030,4575,0.176778,0.57275,0.708382795,49.32
2030,4576,0.135936,0.48538333333333333,0.723005585,79.47
2030,4577,0.106853,0.3843888888888889,0.687409916,101.49
2030,4578,0.089848,0.31956777777777773,0.663095339,143.6
2030,4579,0.08256,0.26701777777777774,0.644543206,143.13
2030,4580,0.083446,0.06095444444444445,0.631219973,108.68
2030,4581,0.087178,0.0,0.611788623,87.39
2030,4582,0.087427,0.0,0.580269973,100.0
2030,4583,0.085407,0.0,0.536142075,99.9
2030,4584,0.083121,0.0,0.514007122,79.9
2030,4585,0.079725,0.0,0.550468838,95.0
2030,4586,0.075588,0.0,0.54414434,76.3
2030,4587,0.07061,0.0,0.543255738,60.1
2030,4588,0.056682,0.0024488888888888885,0.548125533,65.32
2030,4589,0.04098,0.22112666666666667,0.579732273,83.37
2030,4590,0.029508,0.46209,0.585606074,104.57
2030,4591,0.024673,0.6246066666666665,0.628299856,102.0
2030,4592,0.026988,0.7147788888888889,0.649849717,84.93
2030,4593,0.032119999999999996,0.7879533333333334,0.657707319,65.0
2030,4594,0.037292,0.7977199999999999,0.672002633,55.77
2030,4595,0.044781,0.7909922222222222,0.671399647,47.13
2030,4596,0.051649,0.7356122222222222,0.680459391,36.68
2030,4597,0.05186,0.7533611111111111,0.693159694,27.15
2030,4598,0.047662,0.69255,0.695199105,-1.0
2030,4599,0.039924,0.6414533333333332,0.688488085,1.33
2030,4600,0.034388,0.5829488888888888,0.70470999,35.22
2030,4601,0.037125,0.5144144444444445,0.680677768,79.77
2030,4602,0.055889,0.3595544444444444,0.660959483,99.72
2030,4603,0.097624,0.21117444444444441,0.641638381,117.0
2030,4604,0.156197,0.049572222222222226,0.619239121,150.51
2030,4605,0.205882,0.0,0.608313424,113.34
2030,4606,0.23817,0.0,0.57965059,93.55
2030,4607,0.26404,0.0,0.536665707,95.91
2030,4608,0.274446,0.0,0.513762459,79.7
2030,4609,0.272108,0.0,0.549919648,77.0
2030,4610,0.266922,0.0,0.543361704,78.48
2030,4611,0.270738,0.0,0.542326341,78.58
2030,4612,0.285413,0.0,0.547354779,81.89
2030,4613,0.307877,0.058138888888888886,0.578070335,107.46
2030,4614,0.319732,0.11434,0.581406079,112.91
2030,4615,0.361332,0.21546666666666664,0.627686282,105.15
2030,4616,0.455288,0.3714311111111111,0.652933836,89.43
2030,4617,0.584328,0.5313411111111112,0.656855605,80.81
2030,4618,0.690185,0.6701344444444444,0.663462927,67.39
2030,4619,0.725579,0.6239066666666666,0.663001301,58.0
2030,4620,0.747175,0.6314677777777777,0.667198231,47.96
2030,4621,0.799548,0.52838,0.68151875,44.39
2030,4622,0.852422,0.3232033333333333,0.679858462,51.06
2030,4623,0.886159,0.1468033333333333,0.679287545,62.12
2030,4624,0.894418,0.07510000000000001,0.696435878,79.34
2030,4625,0.909843,0.048773333333333335,0.675415021,91.99
2030,4626,0.938549,0.029869999999999997,0.657368859,117.0
2030,4627,0.950044,0.011606666666666666,0.642219269,178.12
2030,4628,0.95071,0.0,0.619224039,162.17
2030,4629,0.947422,0.0,0.606298714,121.3
2030,4630,0.945355,0.0,0.576459265,98.69
2030,4631,0.942329,0.0,0.534090087,100.3
2030,4632,0.936422,0.0,0.511991743,84.38
2030,4633,0.935524,0.0,0.548151249,80.6
2030,4634,0.940789,0.0,0.542014811,79.98
2030,4635,0.95004,0.0,0.541475994,76.4
2030,4636,0.946758,0.0,0.546058306,79.37
2030,4637,0.933473,0.004878888888888889,0.576663621,100.12
2030,4638,0.920198,0.028141111111111113,0.580634831,106.09
2030,4639,0.925634,0.06674666666666668,0.623658751,105.54
2030,4640,0.940025,0.1281122222222222,0.642064443,97.85
2030,4641,0.946595,0.21100333333333335,0.646767651,89.29
2030,4642,0.936188,0.25375333333333333,0.656338529,85.5
2030,4643,0.921014,0.2734744444444444,0.659479767,80.0
2030,4644,0.915807,0.358751111111111,0.668889154,74.71
2030,4645,0.917012,0.42065,0.680715997,74.78
2030,4646,0.914962,0.38318555555555567,0.677291819,75.59
2030,4647,0.902328,0.2702555555555555,0.668003812,74.01
2030,4648,0.889699,0.18125888888888886,0.689640481,77.01
2030,4649,0.889646,0.12590222222222222,0.667850981,87.94
2030,4650,0.900697,0.07968,0.646913276,96.62
2030,4651,0.912644,0.03305777777777777,0.626723189,91.6
2030,4652,0.921012,0.0023899999999999993,0.601277228,95.0
2030,4653,0.917458,0.0,0.590897436,86.15
2030,4654,0.914558,0.0,0.566936576,79.43
2030,4655,0.917464,0.0,0.528283248,90.0
2030,4656,0.93085,0.0,0.50588193,75.0
2030,4657,0.940806,0.0,0.480909694,71.25
2030,4658,0.94739,0.0,0.472898663,38.0
2030,4659,0.953814,0.0,0.469178266,32.9
2030,4660,0.962644,0.0,0.465877597,31.22
2030,4661,0.967685,0.04836333333333333,0.475164668,31.1
2030,4662,0.967665,0.11206,0.48454602,27.97
2030,4663,0.956099,0.15301,0.499306557,26.6
2030,4664,0.945748,0.20425333333333334,0.516760069,20.97
2030,4665,0.960288,0.22617888888888887,0.528767555,5.16
2030,4666,0.975621,0.26439888888888885,0.530986067,0.04
2030,4667,0.988195,0.30415222222222227,0.525922096,-0.01
2030,4668,0.984433,0.3067733333333333,0.530498758,-4.98
2030,4669,0.96305,0.2656488888888889,0.529143611,-14.84
2030,4670,0.929666,0.21080555555555552,0.526828683,-11.35
2030,4671,0.901606,0.1519977777777778,0.535662218,-3.23
2030,4672,0.887989,0.10672555555555555,0.548299177,0.38
2030,4673,0.912741,0.05884888888888888,0.549668513,29.39
2030,4674,0.949321,0.02578,0.554118256,51.44
2030,4675,0.976219,0.006493333333333333,0.547324215,75.96
2030,4676,0.987929,0.0,0.53675684,76.59
2030,4677,0.987916,0.0,0.540117368,79.27
2030,4678,0.980707,0.0,0.525476079,67.37
2030,4679,0.965865,0.0,0.499207314,89.06
2030,4680,0.942878,0.0,0.480859496,63.34
2030,4681,0.914616,0.0,0.469599546,55.56
2030,4682,0.882137,0.0,0.462617812,44.43
2030,4683,0.836976,0.0,0.45886966,37.97
2030,4684,0.785684,0.0,0.454941955,37.0
2030,4685,0.706841,0.1938077777777778,0.455511465,31.77
2030,4686,0.593572,0.4852788888888888,0.456599804,14.28
2030,4687,0.501974,0.6680855555555556,0.465090813,0.29
2030,4688,0.42371,0.7909355555555555,0.480880961,-3.3
2030,4689,0.359072,0.8608177777777778,0.494156142,-21.0
2030,4690,0.314955,0.8859977777777778,0.503344936,-39.96
2030,4691,0.290945,0.8887811111111111,0.503875104,-59.42
2030,4692,0.288543,0.8762844444444444,0.513011169,-73.63
2030,4693,0.296966,0.8659877777777778,0.517350147,-73.85
2030,4694,0.301655,0.8535911111111112,0.518631114,-51.63
2030,4695,0.296635,0.8136477777777777,0.522959828,-19.46
2030,4696,0.272125,0.7014444444444444,0.539786585,-0.51
2030,4697,0.234815,0.5414311111111112,0.549275543,40.61
2030,4698,0.198885,0.3060266666666666,0.552852175,87.76
2030,4699,0.181401,0.13133666666666668,0.550566254,112.8
2030,4700,0.197008,0.021195555555555554,0.549422269,108.03
2030,4701,0.238685,0.0,0.548208074,106.61
2030,4702,0.293363,0.0,0.527520535,87.33
2030,4703,0.356483,0.0,0.497183719,79.63
2030,4704,0.403603,0.0,0.480137208,68.8
2030,4705,0.409838,0.0,0.531899536,68.8
2030,4706,0.410971,0.0,0.529131279,72.0
2030,4707,0.450946,0.0,0.530867613,89.9
2030,4708,0.474218,0.0,0.538615583,94.9
2030,4709,0.460842,0.03762111111111111,0.56848712,113.6
2030,4710,0.462558,0.12237111111111111,0.573559921,130.2
2030,4711,0.50197,0.2122655555555555,0.627296045,89.23
2030,4712,0.596118,0.2768422222222222,0.654161016,60.37
2030,4713,0.704692,0.2884855555555556,0.657935834,36.35
2030,4714,0.825884,0.29015777777777774,0.671005745,12.15
2030,4715,0.873176,0.2700433333333333,0.677147761,0.64
2030,4716,0.878307,0.21998222222222222,0.677678649,-0.84
2030,4717,0.876448,0.17533333333333334,0.686645755,-1.52
2030,4718,0.909152,0.13854999999999998,0.679553182,3.54
2030,4719,0.946035,0.10098222222222222,0.669315988,41.05
2030,4720,0.96638,0.059263333333333335,0.687897507,77.06
2030,4721,0.97066,0.03873555555555555,0.669275575,108.82
2030,4722,0.9722,0.019847777777777773,0.651145841,191.77
2030,4723,0.965847,0.005988888888888888,0.634503313,214.24
2030,4724,0.949476,0.0,0.61241282,140.16
2030,4725,0.924643,0.0,0.601292372,93.09
2030,4726,0.890453,0.0,0.570745282,80.18
2030,4727,0.867854,0.0,0.529327108,72.59
2030,4728,0.8353,0.0,0.508832485,58.16
2030,4729,0.813474,0.0,0.546341209,49.9
2030,4730,0.787717,0.0,0.540744019,36.2
2030,4731,0.766494,0.0,0.54038145,36.28
2030,4732,0.755084,0.0,0.546273335,47.04
2030,4733,0.754953,0.16124888888888886,0.576467203,74.56
2030,4734,0.77467,0.3960188888888889,0.580392575,79.48
2030,4735,0.800863,0.5982977777777778,0.627687819,76.17
2030,4736,0.827112,0.7320744444444445,0.659546205,10.0
2030,4737,0.854711,0.7720588888888887,0.662989944,-3.0
2030,4738,0.873154,0.7509799999999999,0.677521874,-10.0
2030,4739,0.888834,0.7029399999999999,0.684444764,-10.09
2030,4740,0.908416,0.65698,0.691964252,-10.1
2030,4741,0.921846,0.6281488888888888,0.706530493,-10.07
2030,4742,0.928163,0.5821933333333333,0.706237737,-10.08
2030,4743,0.936951,0.6300933333333333,0.702356873,-10.0
2030,4744,0.946919,0.5086033333333333,0.71903982,24.9
2030,4745,0.950383,0.3309511111111111,0.693464509,63.98
2030,4746,0.951836,0.21684888888888887,0.675678964,89.1
2030,4747,0.951867,0.13564444444444446,0.654946491,121.37
2030,4748,0.944304,0.021085555555555555,0.630675436,114.68
2030,4749,0.932347,0.0,0.601663145,106.25
2030,4750,0.927269,0.0,0.572858897,85.1
2030,4751,0.942085,0.0,0.53028981,87.6
2030,4752,0.951326,0.0,0.509306661,73.08
2030,4753,0.948056,0.0,0.547341953,72.87
2030,4754,0.941412,0.0,0.541654832,70.56
2030,4755,0.939857,0.0,0.541526457,71.08
2030,4756,0.937576,0.0,0.547597197,77.51
2030,4757,0.936177,0.01854888888888889,0.575907993,90.05
2030,4758,0.943613,0.08032777777777778,0.581641499,100.12
2030,4759,0.956128,0.17534444444444444,0.635045872,105.7
2030,4760,0.965364,0.30347888888888885,0.667200789,78.04
2030,4761,0.971153,0.41172777777777775,0.680535608,59.34
2030,4762,0.973932,0.4797033333333333,0.692309134,42.65
2030,4763,0.973559,0.5226466666666666,0.689128474,33.53
2030,4764,0.970047,0.4882255555555556,0.686361102,22.71
2030,4765,0.963654,0.5201466666666666,0.69542622,11.89
2030,4766,0.95416,0.5442022222222223,0.696245541,14.29
2030,4767,0.944523,0.6155588888888889,0.691913275,40.13
2030,4768,0.939906,0.604858888888889,0.70356986,63.0
2030,4769,0.937048,0.47586111111111107,0.680657106,84.93
2030,4770,0.9295,0.33857666666666664,0.659714207,109.63
2030,4771,0.920591,0.15568555555555552,0.641404779,182.61
2030,4772,0.912643,0.015875555555555552,0.621887931,142.63
2030,4773,0.899341,0.0,0.608420355,115.97
2030,4774,0.871025,0.0,0.577760957,92.17
2030,4775,0.819783,0.0,0.534242761,90.26
2030,4776,0.762617,0.0,0.512324199,80.34
2030,4777,0.707013,0.0,0.549514586,77.43
2030,4778,0.660561,0.0,0.543657676,78.01
2030,4779,0.623878,0.0,0.543226842,77.52
2030,4780,0.580002,0.0,0.549502474,90.22
2030,4781,0.5397,0.13304888888888888,0.577970293,116.0
2030,4782,0.490526,0.3902422222222222,0.586099912,106.56
2030,4783,0.463604,0.4406288888888889,0.638230482,97.22
2030,4784,0.407133,0.4509311111111111,0.661878781,79.9
2030,4785,0.344229,0.6117088888888889,0.66507664,64.82
2030,4786,0.270361,0.7202688888888887,0.671205932,48.13
2030,4787,0.193959,0.7188122222222222,0.668594222,35.85
2030,4788,0.134881,0.7014611111111112,0.672944838,34.86
2030,4789,0.091258,0.6276477777777779,0.694473451,38.02
2030,4790,0.062845,0.5061122222222222,0.690165566,49.91
2030,4791,0.042964,0.36056111111111105,0.679606122,68.59
2030,4792,0.033223,0.23164555555555552,0.698243064,86.07
2030,4793,0.03097,0.15207,0.677323724,96.11
2030,4794,0.032974,0.08857333333333332,0.658770504,130.36
2030,4795,0.035589,0.03733555555555555,0.643966954,212.02
2030,4796,0.037269,0.004222222222222223,0.621054425,176.73
2030,4797,0.035297,0.0,0.607874294,119.96
2030,4798,0.030318,0.0,0.576748996,102.0
2030,4799,0.028336,0.0,0.53423048,90.32
2030,4800,0.024297,0.0,0.512624567,80.52
2030,4801,0.019545,0.0,0.549106955,79.98
2030,4802,0.020817,0.0,0.542714437,78.21
2030,4803,0.027184,0.0,0.542245138,81.28
2030,4804,0.031315,0.0,0.547827832,89.41
2030,4805,0.028936,0.24359666666666666,0.576675594,110.89
2030,4806,0.026363,0.544392222222222,0.580963968,108.67
2030,4807,0.03131,0.7080022222222222,0.624580868,98.4
2030,4808,0.044781,0.7948033333333333,0.648386691,81.43
2030,4809,0.061919,0.842671111111111,0.654631062,70.28
2030,4810,0.073291,0.8538699999999999,0.665861887,59.52
2030,4811,0.069527,0.830401111111111,0.668820656,45.13
2030,4812,0.055888,0.7976811111111112,0.669579487,37.09
2030,4813,0.046356,0.7578644444444445,0.681701229,36.81
2030,4814,0.043119,0.6905255555555555,0.678193987,43.25
2030,4815,0.043722,0.5746555555555556,0.667917626,65.0
2030,4816,0.045424,0.4688655555555556,0.684041746,77.59
2030,4817,0.043104,0.2919244444444445,0.666466928,91.15
2030,4818,0.034791,0.1808833333333333,0.644086359,119.04
2030,4819,0.026479,0.06905555555555556,0.624688939,181.12
2030,4820,0.021067,0.004770000000000001,0.60048982,120.96
2030,4821,0.015325,0.0,0.589762348,107.06
2030,4822,0.013526,0.0,0.563386625,91.67
2030,4823,0.016886,0.0,0.525000684,95.0
2030,4824,0.02335,0.0,0.503499025,89.66
2030,4825,0.033445,0.0,0.478421489,88.0
2030,4826,0.049207,0.0,0.470493503,89.88
2030,4827,0.067571,0.0,0.467015862,94.24
2030,4828,0.081396,0.0,0.465285825,93.8
2030,4829,0.083181,0.012075555555555555,0.471196609,88.45
2030,4830,0.080612,0.05976333333333333,0.482238518,81.68
2030,4831,0.088429,0.13459555555555552,0.502336423,68.11
2030,4832,0.111013,0.23097777777777775,0.528710902,49.89
2030,4833,0.136911,0.33640333333333333,0.549269379,5.15
2030,4834,0.150033,0.4116288888888889,0.561190016,-0.97
2030,4835,0.158138,0.4249033333333333,0.562889252,-5.4
2030,4836,0.172212,0.4134611111111111,0.559448323,-5.07
2030,4837,0.205726,0.3860911111111111,0.55753719,-4.0
2030,4838,0.26181,0.3314366666666667,0.539952594,-3.3
2030,4839,0.327729,0.2718611111111111,0.539326905,1.43
2030,4840,0.388497,0.24565222222222222,0.549039543,52.29
2030,4841,0.435799,0.20501777777777777,0.55033357,85.0
2030,4842,0.456512,0.1548711111111111,0.549939579,107.95
2030,4843,0.465282,0.08262555555555555,0.541259529,136.36
2030,4844,0.472405,0.00730888888888889,0.53629504,112.54
2030,4845,0.467513,0.0,0.534396232,126.3
2030,4846,0.453052,0.0,0.518677695,90.93
2030,4847,0.439218,0.0,0.493116234,89.0
2030,4848,0.43597,0.0,0.475108486,91.1
2030,4849,0.440835,0.0,0.464356875,83.0
2030,4850,0.450352,0.0,0.457399981,90.0
2030,4851,0.460187,0.0,0.454193975,86.4
2030,4852,0.472085,0.0,0.451428687,100.0
2030,4853,0.484328,0.0758311111111111,0.452167422,73.9
2030,4854,0.497405,0.28599444444444444,0.451809089,56.53
2030,4855,0.541023,0.5021311111111111,0.461510018,64.9
2030,4856,0.578172,0.6366466666666666,0.478676118,19.7
2030,4857,0.601306,0.7505755555555554,0.487635689,0.09
2030,4858,0.613558,0.826017777777778,0.496439748,0.03
2030,4859,0.63188,0.8423577777777778,0.502879488,0.02
2030,4860,0.667847,0.8400766666666666,0.506326818,-0.06
2030,4861,0.704573,0.8397955555555555,0.502773842,-0.18
2030,4862,0.733159,0.8413299999999999,0.499857802,0.07
2030,4863,0.741372,0.8157077777777777,0.503822327,0.27
2030,4864,0.744632,0.7637288888888888,0.527116732,51.72
2030,4865,0.742656,0.6584888888888888,0.532970874,80.45
2030,4866,0.735215,0.5134211111111111,0.54166534,98.5
2030,4867,0.725383,0.2908122222222222,0.542010752,122.51
2030,4868,0.721766,0.02976444444444444,0.540324519,124.53
2030,4869,0.722635,0.0,0.541256693,107.92
2030,4870,0.724785,0.0,0.520775189,90.16
2030,4871,0.723413,0.0,0.491442329,116.11
2030,4872,0.721775,0.0,0.474847285,91.51
2030,4873,0.720931,0.0,0.519568659,83.7
2030,4874,0.71652,0.0,0.516976333,85.0
2030,4875,0.71448,0.0,0.519043577,81.84
2030,4876,0.721994,0.0,0.528181033,79.32
2030,4877,0.727554,0.08317999999999999,0.554455515,108.71
2030,4878,0.731105,0.23763777777777775,0.554563909,120.09
2030,4879,0.75802,0.41527222222222226,0.597089749,114.28
2030,4880,0.780872,0.5754033333333334,0.623726613,87.1
2030,4881,0.794726,0.7055522222222222,0.631785569,50.0
2030,4882,0.79436,0.7639777777777778,0.643226565,14.23
2030,4883,0.798118,0.7846333333333333,0.646463384,25.61
2030,4884,0.82516,0.76822,0.653139311,21.12
2030,4885,0.863085,0.6703422222222221,0.665806167,17.42
2030,4886,0.896612,0.46716444444444444,0.668403754,17.49
2030,4887,0.920809,0.2693244444444444,0.662437378,21.8
2030,4888,0.937359,0.14002,0.681795613,63.32
2030,4889,0.94837,0.06426666666666667,0.662831124,79.9
2030,4890,0.9538,0.027665555555555554,0.642305473,99.91
2030,4891,0.956139,0.007517777777777778,0.622645963,139.87
2030,4892,0.96133,0.0,0.601000542,140.26
2030,4893,0.966782,0.0,0.59029672,109.97
2030,4894,0.972554,0.0,0.559874702,95.52
2030,4895,0.977378,0.0,0.519339741,82.85
2030,4896,0.981277,0.0,0.499711405,73.65
2030,4897,0.983359,0.0,0.537457529,73.39
2030,4898,0.984852,0.0,0.530988498,68.13
2030,4899,0.98619,0.0,0.530421375,70.56
2030,4900,0.986536,0.0,0.537312476,73.68
2030,4901,0.985562,0.0015511111111111107,0.562928029,99.9
2030,4902,0.983672,0.01729666666666667,0.562266725,116.0
2030,4903,0.981134,0.047023333333333334,0.593641344,110.45
2030,4904,0.9775,0.10266111111111109,0.612660047,86.48
2030,4905,0.97363,0.1990011111111111,0.621458459,68.87
2030,4906,0.96858,0.3111,0.634057847,58.2
2030,4907,0.963876,0.4244566666666667,0.635466207,36.48
2030,4908,0.959491,0.4786477777777777,0.643485344,32.43
2030,4909,0.952932,0.4343688888888889,0.658277075,29.32
2030,4910,0.942552,0.3573455555555556,0.663449124,32.72
2030,4911,0.922999,0.28897666666666666,0.663520237,46.2
2030,4912,0.896116,0.25654,0.68530423,75.4
2030,4913,0.854536,0.2522844444444445,0.665701341,82.41
2030,4914,0.783844,0.18049666666666667,0.650260232,96.03
2030,4915,0.692151,0.0972011111111111,0.632781705,116.93
2030,4916,0.585199,0.004977777777777778,0.610007885,102.01
2030,4917,0.466049,0.0,0.600498128,100.35
2030,4918,0.356526,0.0,0.570498035,91.7
2030,4919,0.277968,0.0,0.528120827,83.51
2030,4920,0.226167,0.0,0.507789934,78.33
2030,4921,0.190393,0.0,0.546228439,73.0
2030,4922,0.158836,0.0,0.538929855,73.6
2030,4923,0.123961,0.0,0.537840959,84.8
2030,4924,0.09113,0.0,0.54453717,73.62
2030,4925,0.068404,0.214,0.569588066,94.72
2030,4926,0.055713,0.5124066666666667,0.567618604,112.94
2030,4927,0.047384,0.688,0.600446872,99.05
2030,4928,0.046815,0.7870766666666668,0.621770495,72.86
2030,4929,0.048713,0.8171133333333334,0.62934981,54.64
2030,4930,0.054786,0.8022466666666667,0.642201979,20.09
2030,4931,0.06411700000000001,0.7398044444444444,0.645554306,0.0
2030,4932,0.066035,0.6842055555555555,0.656924269,-1.97
2030,4933,0.060873,0.6310655555555554,0.670475781,-10.0
2030,4934,0.069287,0.5462255555555554,0.674568325,-3.59
2030,4935,0.104046,0.44028444444444437,0.675031055,1.81
2030,4936,0.172214,0.3127833333333333,0.697885034,39.68
2030,4937,0.252252,0.20642444444444444,0.678089966,68.7
2030,4938,0.306242,0.13095777777777778,0.662078504,96.87
2030,4939,0.323265,0.05073555555555555,0.648891448,110.51
2030,4940,0.310318,0.0004811111111111111,0.627352858,121.47
2030,4941,0.282121,0.0,0.615242082,109.01
2030,4942,0.25931,0.0,0.585007745,93.66
2030,4943,0.256531,0.0,0.541810274,92.55
2030,4944,0.284543,0.0,0.518359077,87.2
2030,4945,0.33371,0.0,0.554120036,84.9
2030,4946,0.385855,0.0,0.546517305,79.92
2030,4947,0.428482,0.0,0.545692021,76.4
2030,4948,0.451025,0.0,0.552368596,92.53
2030,4949,0.452113,0.011424444444444445,0.576521537,106.16
2030,4950,0.42597,0.053026666666666666,0.572869484,109.03
2030,4951,0.389319,0.1011588888888889,0.606300861,90.98
2030,4952,0.355765,0.1503611111111111,0.629285577,71.98
2030,4953,0.327612,0.2196377777777778,0.643468566,55.08
2030,4954,0.300703,0.29933333333333334,0.659438034,36.95
2030,4955,0.289698,0.3955633333333333,0.654159178,24.31
2030,4956,0.310355,0.4800522222222222,0.66227539,17.36
2030,4957,0.351795,0.512498888888889,0.672961513,13.27
2030,4958,0.388976,0.5491177777777778,0.676283336,26.2
2030,4959,0.412392,0.4791233333333333,0.676277338,53.8
2030,4960,0.399079,0.4802366666666667,0.693492603,80.0
2030,4961,0.350997,0.39815555555555554,0.676631011,97.0
2030,4962,0.279658,0.2579677777777778,0.662496672,119.9
2030,4963,0.199777,0.0813288888888889,0.650063734,148.3
2030,4964,0.142491,0.0010799999999999998,0.626494775,129.97
2030,4965,0.093213,0.0,0.606141682,100.0
2030,4966,0.058937,0.0,0.579620693,84.95
2030,4967,0.039646,0.0,0.540523972,81.0
2030,4968,0.030599,0.0,0.519247678,73.5
2030,4969,0.026731,0.0,0.555203504,75.01
2030,4970,0.02637,0.0,0.548209531,77.5
2030,4971,0.028761,0.0,0.54778418,76.9
2030,4972,0.039184,0.0,0.554367043,79.99
2030,4973,0.0522,0.05269,0.577243855,94.76
2030,4974,0.063129,0.2195411111111111,0.570752565,110.2
2030,4975,0.072676,0.4189788888888889,0.605067122,100.56
2030,4976,0.076769,0.6283288888888888,0.632283631,94.8
2030,4977,0.070602,0.7475466666666667,0.646329241,88.72
2030,4978,0.055278,0.7917188888888889,0.656292022,78.19
2030,4979,0.043757,0.7341977777777778,0.655662407,69.16
2030,4980,0.039892,0.7234411111111112,0.661029572,59.4
2030,4981,0.04056,0.6779622222222222,0.673995938,50.0
2030,4982,0.049214,0.6026233333333334,0.672923006,60.49
2030,4983,0.068564,0.4747355555555556,0.671436579,71.14
2030,4984,0.098913,0.3989588888888889,0.689913114,88.19
2030,4985,0.134353,0.2713355555555556,0.670500529,94.99
2030,4986,0.172206,0.20989333333333332,0.655619018,109.9
2030,4987,0.215075,0.09147999999999999,0.638022922,146.09
2030,4988,0.254661,0.0023488888888888886,0.61523524,138.39
2030,4989,0.272129,0.0,0.603472191,106.46
2030,4990,0.277903,0.0,0.578834922,97.9
2030,4991,0.26742,0.0,0.540496627,103.88
2030,4992,0.241679,0.0,0.519036081,103.03
2030,4993,0.211822,0.0,0.501519521,96.89
2030,4994,0.186857,0.0,0.492971637,94.81
2030,4995,0.174975,0.0,0.489121303,92.79
2030,4996,0.174953,0.0,0.487885385,90.19
2030,4997,0.181526,0.03644999999999999,0.492648095,87.09
2030,4998,0.178216,0.19693555555555553,0.501011478,82.41
2030,4999,0.172887,0.44632777777777777,0.520048975,84.69
2030,5000,0.187197,0.6109844444444444,0.537392711,66.38
2030,5001,0.198884,0.7297644444444444,0.548932858,59.83
2030,5002,0.196098,0.7820222222222222,0.55506023,39.9
2030,5003,0.190125,0.7957488888888887,0.546690728,28.0
2030,5004,0.198875,0.7874444444444445,0.546918331,17.8
2030,5005,0.217104,0.767582222222222,0.543185614,17.92
2030,5006,0.236203,0.7363188888888889,0.542716744,32.2
2030,5007,0.257024,0.6746122222222221,0.551639698,58.56
2030,5008,0.293333,0.5616077777777778,0.568988946,84.04
2030,5009,0.341331,0.4744399999999999,0.569430332,103.01
2030,5010,0.3888,0.3651166666666667,0.576771381,115.66
2030,5011,0.433125,0.1571211111111111,0.573657754,121.76
2030,5012,0.454079,0.0042833333333333334,0.566687303,120.43
2030,5013,0.433515,0.0,0.566081619,107.51
2030,5014,0.381769,0.0,0.549349646,97.43
2030,5015,0.334582,0.0,0.521490436,107.0
2030,5016,0.302012,0.0,0.501591264,94.59
2030,5017,0.28198,0.0,0.489140491,87.6
2030,5018,0.277934,0.0,0.480988582,81.53
2030,5019,0.29694,0.0,0.476058415,80.55
2030,5020,0.341673,0.0,0.472996725,77.24
2030,5021,0.391026,0.09549444444444444,0.472428082,75.53
2030,5022,0.409814,0.22322444444444445,0.47121217,67.45
2030,5023,0.418439,0.3697233333333333,0.478758588,25.49
2030,5024,0.418447,0.5151766666666666,0.488057396,4.84
2030,5025,0.419249,0.6462911111111111,0.499319836,0.0
2030,5026,0.41652,0.7066522222222221,0.504906465,-4.9
2030,5027,0.425772,0.6700544444444444,0.503728541,-32.91
2030,5028,0.453096,0.7553222222222222,0.510463756,-64.13
2030,5029,0.484062,0.76364,0.513507884,-60.0
2030,5030,0.506042,0.7573377777777778,0.510916037,-33.6
2030,5031,0.517376,0.71287,0.522163594,-13.2
2030,5032,0.530358,0.6235888888888889,0.539938948,-1.91
2030,5033,0.539701,0.5331177777777777,0.547765225,40.0
2030,5034,0.542372,0.3687222222222223,0.556644278,90.4
2030,5035,0.539698,0.12379111111111112,0.558771607,109.38
2030,5036,0.530975,0.0009711111111111112,0.556715823,112.38
2030,5037,0.506044,0.0,0.554641763,103.12
2030,5038,0.477285,0.0,0.534201341,83.01
2030,5039,0.449236,0.0,0.504692584,78.06
2030,5040,0.42866,0.0,0.486791374,74.42
2030,5041,0.441131,0.0,0.530756407,70.8
2030,5042,0.472095,0.0,0.527629101,73.04
2030,5043,0.500634,0.0,0.529636288,76.42
2030,5044,0.501973,0.0,0.538898392,96.95
2030,5045,0.47208,0.008085555555555556,0.56326632,130.9
2030,5046,0.419244,0.03860555555555555,0.557743219,109.2
2030,5047,0.371391,0.0885188888888889,0.594374681,90.19
2030,5048,0.350618,0.1813422222222222,0.619397929,63.2
2030,5049,0.3506,0.32647777777777776,0.628723312,12.0
2030,5050,0.353861,0.41966999999999993,0.641620688,-3.45
2030,5051,0.356379,0.5005955555555556,0.641974121,-0.23
2030,5052,0.35576,0.55727,0.651989253,-3.0
2030,5053,0.338569,0.5466111111111112,0.667243497,-0.98
2030,5054,0.307869,0.5620511111111112,0.669546087,-0.39
2030,5055,0.288575,0.5168955555555556,0.666812705,13.4
2030,5056,0.299349,0.3916188888888889,0.68970106,64.16
2030,5057,0.318989,0.23903666666666665,0.664506278,95.7
2030,5058,0.312804,0.11315222222222222,0.642463505,119.72
2030,5059,0.27441,0.01807555555555556,0.624019399,172.2
2030,5060,0.230471,0.0,0.604632247,130.1
2030,5061,0.19758,0.0,0.590398082,106.97
2030,5062,0.175814,0.0,0.562609633,90.2
2030,5063,0.152441,0.0,0.521548667,76.32
2030,5064,0.135358,0.0,0.503244015,74.19
2030,5065,0.138326,0.0,0.537770767,76.18
2030,5066,0.148435,0.0,0.531332081,80.82
2030,5067,0.148444,0.0,0.530217247,85.38
2030,5068,0.138938,0.0,0.538521836,100.24
2030,5069,0.12361,0.005375555555555556,0.565808516,110.88
2030,5070,0.101314,0.042699999999999995,0.565705452,108.95
2030,5071,0.074967,0.10520222222222222,0.600217555,98.41
2030,5072,0.050369,0.20939,0.62383443,67.1
2030,5073,0.031313,0.3904988888888889,0.631422161,37.52
2030,5074,0.021297,0.5099944444444444,0.638494863,7.84
2030,5075,0.018459,0.7553688888888889,0.640595051,1.0
2030,5076,0.019605,0.8263299999999999,0.645681918,-0.06
2030,5077,0.019585,0.8455122222222222,0.656824518,-0.06
2030,5078,0.020647,0.8521088888888889,0.664237693,13.11
2030,5079,0.021279,0.8334844444444445,0.680438615,40.74
2030,5080,0.017894,0.7931244444444444,0.711719883,77.31
2030,5081,0.012104,0.7059422222222222,0.69276329,102.19
2030,5082,0.007012,0.5455,0.665423024,126.76
2030,5083,0.005167,0.26962444444444444,0.631746831,164.68
2030,5084,0.006468,0.005994444444444443,0.615976674,144.62
2030,5085,0.012269,0.0,0.601261744,114.59
2030,5086,0.028611,0.0,0.575618547,99.04
2030,5087,0.045887,0.0,0.534332429,98.55
2030,5088,0.06129,0.0,0.514747203,86.2
2030,5089,0.074719,0.0,0.54616347,83.82
2030,5090,0.088818,0.0,0.538555579,77.32
2030,5091,0.102314,0.0,0.536996688,85.1
2030,5092,0.108838,0.0,0.547446519,94.12
2030,5093,0.108837,0.18547111111111114,0.570130163,105.05
2030,5094,0.099897,0.4922233333333333,0.5605594,109.69
2030,5095,0.084216,0.7073477777777779,0.600398716,95.26
2030,5096,0.083537,0.8137088888888888,0.626482233,78.83
2030,5097,0.084231,0.8670755555555556,0.63276713,55.89
2030,5098,0.082378,0.889531111111111,0.643500423,33.46
2030,5099,0.076382,0.8899855555555555,0.640234352,22.83
2030,5100,0.068556,0.87548,0.643329123,11.36
2030,5101,0.06491500000000001,0.8672633333333334,0.651856271,18.37
2030,5102,0.068249,0.8585577777777778,0.652958673,30.6
2030,5103,0.078244,0.8286455555555554,0.650102806,34.06
2030,5104,0.087348,0.7697022222222222,0.672686012,75.8
2030,5105,0.094582,0.6692466666666667,0.653344617,95.89
2030,5106,0.115999,0.49358,0.635577123,114.62
2030,5107,0.16513,0.21165888888888887,0.618087823,133.63
2030,5108,0.254302,0.0027555555555555554,0.604568835,112.64
2030,5109,0.354912,0.0,0.58908585,104.44
2030,5110,0.429943,0.0,0.558055575,96.56
2030,5111,0.468679,0.0,0.517023864,96.72
2030,5112,0.47211,0.0,0.495749572,89.8
2030,5113,0.442046,0.0,0.531966063,86.76
2030,5114,0.383188,0.0,0.525922957,80.4
2030,5115,0.310344,0.0,0.524751293,86.1
2030,5116,0.252777,0.0,0.534110265,99.1
2030,5117,0.212139,0.11794777777777778,0.556874792,114.22
2030,5118,0.174991,0.3422955555555555,0.548291708,106.99
2030,5119,0.138179,0.41658777777777767,0.584123889,105.95
2030,5120,0.122759,0.44697999999999993,0.608610405,90.1
2030,5121,0.148444,0.5445866666666667,0.616619266,76.95
2030,5122,0.201163,0.6322244444444444,0.626342595,67.64
2030,5123,0.241643,0.6471722222222223,0.629997887,64.03
2030,5124,0.241665,0.6884744444444444,0.641003002,60.34
2030,5125,0.217131,0.7452566666666667,0.654970073,62.13
2030,5126,0.189282,0.76166,0.655425643,70.55
2030,5127,0.137669,0.6874799999999999,0.655731448,74.24
2030,5128,0.070485,0.5675733333333333,0.677024421,93.78
2030,5129,0.0207,0.4541311111111111,0.660013758,99.9
2030,5130,0.031512,0.2745911111111111,0.640687475,115.2
2030,5131,0.130645,0.07305444444444444,0.627998049,140.1
2030,5132,0.223812,0.0,0.620997449,123.36
2030,5133,0.296927,0.0,0.593086933,111.73
2030,5134,0.344765,0.0,0.562480185,105.33
2030,5135,0.385851,0.0,0.522875498,93.93
2030,5136,0.412763,0.0,0.502689687,88.87
2030,5137,0.378394,0.0,0.538113186,87.8
2030,5138,0.318763,0.0,0.531520404,82.26
2030,5139,0.314697,0.0,0.530110268,86.1
2030,5140,0.392168,0.0,0.539154267,94.44
2030,5141,0.425955,0.01567333333333333,0.561786578,109.51
2030,5142,0.389361,0.061426666666666664,0.550394925,119.79
2030,5143,0.329351,0.1040788888888889,0.584823773,112.75
2030,5144,0.25158,0.12412333333333332,0.611403884,104.42
2030,5145,0.164575,0.14473999999999998,0.622606275,65.1
2030,5146,0.087225,0.18007222222222222,0.636808745,69.08
2030,5147,0.037501,0.21784333333333333,0.640415751,63.84
2030,5148,0.015463,0.23012666666666665,0.646196741,51.7
2030,5149,0.012688,0.21031666666666665,0.668208663,50.23
2030,5150,0.02446,0.17613555555555555,0.674117788,50.05
2030,5151,0.047096,0.15222666666666665,0.664157224,64.72
2030,5152,0.064968,0.12889777777777778,0.677937804,76.91
2030,5153,0.074576,0.10550666666666665,0.655777776,99.9
2030,5154,0.083122,0.07863111111111111,0.634678574,128.76
2030,5155,0.098528,0.04145666666666666,0.615670615,145.73
2030,5156,0.122912,0.0,0.601970844,116.92
2030,5157,0.156129,0.0,0.58009504,110.9
2030,5158,0.196902,0.0,0.55463257,99.4
2030,5159,0.231821,0.0,0.517543551,100.16
2030,5160,0.243851,0.0,0.49633268,96.33
2030,5161,0.239369,0.0,0.477412314,90.7
2030,5162,0.236186,0.0,0.46895794,86.54
2030,5163,0.243843,0.0,0.464411316,83.74
2030,5164,0.270878,0.0,0.465763563,92.1
2030,5165,0.3079,0.09008666666666668,0.470044461,99.9
2030,5166,0.327717,0.38801111111111103,0.472805893,92.05
2030,5167,0.346917,0.6110188888888889,0.492879316,81.19
2030,5168,0.385828,0.7397288888888889,0.512821711,62.91
2030,5169,0.419223,0.80226,0.519939856,32.44
2030,5170,0.426869,0.822431111111111,0.521232314,20.36
2030,5171,0.425953,0.794151111111111,0.513696841,14.66
2030,5172,0.441697,0.7243022222222222,0.513847739,6.41
2030,5173,0.470022,0.6339277777777776,0.508387555,4.1
2030,5174,0.470802,0.3901088888888889,0.508578633,12.02
2030,5175,0.459416,0.17562555555555553,0.519141739,28.8
2030,5176,0.443666,0.11435555555555556,0.536061719,70.7
2030,5177,0.48593,0.10243333333333333,0.543285437,99.9
2030,5178,0.573333,0.05033,0.543781362,106.85
2030,5179,0.666515,0.007765555555555556,0.540615179,119.9
2030,5180,0.736721,0.0,0.544304631,130.85
2030,5181,0.789544,0.0,0.538072737,115.05
2030,5182,0.827538,0.0,0.519278801,99.9
2030,5183,0.852554,0.0,0.49296221,106.89
2030,5184,0.824104,0.0,0.473986153,97.65
2030,5185,0.806299,0.0,0.46088737,93.88
2030,5186,0.779189,0.0,0.453715343,88.05
2030,5187,0.726314,0.0,0.449782095,85.5
2030,5188,0.601231,0.0,0.449848675,79.06
2030,5189,0.476782,0.12049333333333334,0.448703062,77.7
2030,5190,0.396258,0.49279,0.439692489,69.83
2030,5191,0.369372,0.6885933333333334,0.449724187,58.98
2030,5192,0.34567,0.7863988888888889,0.461209203,26.87
2030,5193,0.334282,0.8369733333333332,0.473128697,8.05
2030,5194,0.315548,0.8636133333333332,0.480462138,2.05
2030,5195,0.281411,0.8667366666666666,0.482033683,0.06
2030,5196,0.236275,0.8644288888888888,0.488182911,-0.04
2030,5197,0.183394,0.8592455555555556,0.489558591,-2.14
2030,5198,0.125799,0.8571188888888889,0.488119597,-0.01
2030,5199,0.073105,0.8325311111111111,0.499687148,1.03
2030,5200,0.035615,0.7713388888888889,0.524808908,22.45
2030,5201,0.01465,0.6587844444444444,0.537088419,72.15
2030,5202,0.005654,0.4533788888888889,0.548171196,104.0
2030,5203,0.004631,0.17384444444444447,0.553898244,118.8
2030,5204,0.011942,0.0,0.567256825,122.65
2030,5205,0.027556,0.0,0.552878913,111.88
2030,5206,0.052478,0.0,0.530102857,102.93
2030,5207,0.084031,0.0,0.50017107,103.52
2030,5208,0.128122,0.0,0.481929087,85.72
2030,5209,0.168196,0.0,0.524271779,82.3
2030,5210,0.205573,0.0,0.520852318,85.12
2030,5211,0.243861,0.0,0.521407682,82.81
2030,5212,0.275169,0.0,0.532657758,97.02
2030,5213,0.283945,0.0,0.556041969,118.98
2030,5214,0.261747,0.029991111111111107,0.545179045,137.29
2030,5215,0.238016,0.14929888888888887,0.586299012,113.42
2030,5216,0.236965,0.26696444444444445,0.60603054,102.83
2030,5217,0.26402,0.3638133333333333,0.613808751,73.18
2030,5218,0.293366,0.4672266666666667,0.624598164,51.44
2030,5219,0.302564,0.4808766666666667,0.631523011,31.0
2030,5220,0.284897,0.36341333333333337,0.640046132,26.0
2030,5221,0.264022,0.24925333333333335,0.654799765,3.31
2030,5222,0.26181,0.32079555555555556,0.660241583,27.1
2030,5223,0.299381,0.39128222222222225,0.660005208,53.89
2030,5224,0.361765,0.36123111111111106,0.68103545,83.6
2030,5225,0.405388,0.12150999999999998,0.659910166,102.0
2030,5226,0.44626,0.03669222222222222,0.643123248,151.34
2030,5227,0.533544,0.006747777777777778,0.630684105,245.23
2030,5228,0.607219,0.0,0.619841636,170.93
2030,5229,0.672851,0.0,0.602588883,119.94
2030,5230,0.70613,0.0,0.571849934,102.75
2030,5231,0.696287,0.0,0.532605759,101.6
2030,5232,0.716229,0.0,0.512276274,93.52
2030,5233,0.758245,0.0,0.547867887,86.61
2030,5234,0.796399,0.0,0.540944145,82.41
2030,5235,0.784658,0.0,0.539635201,83.24
2030,5236,0.754062,0.0,0.549685282,92.44
2030,5237,0.74272,0.11565555555555555,0.57314074,118.84
2030,5238,0.74963,0.4831277777777777,0.559577869,124.52
2030,5239,0.812005,0.6629855555555556,0.598124312,84.33
2030,5240,0.873983,0.7464300000000001,0.631480182,73.69
2030,5241,0.911643,0.80443,0.640418513,36.04
2030,5242,0.933096,0.8457788888888889,0.656919497,21.11
2030,5243,0.942125,0.8604422222222222,0.654246823,15.84
2030,5244,0.943622,0.8524655555555556,0.660059051,2.93
2030,5245,0.94029,0.8479677777777778,0.672406869,4.76
2030,5246,0.936195,0.8409777777777778,0.676630093,19.24
2030,5247,0.933772,0.8038933333333333,0.685108649,38.84
2030,5248,0.932365,0.7289833333333334,0.699929581,80.75
2030,5249,0.92723,0.6174544444444444,0.670047182,105.0
2030,5250,0.913314,0.3788122222222222,0.642543554,161.39
2030,5251,0.89815,0.15545999999999996,0.628671577,228.2
2030,5252,0.878222,0.0,0.622046319,168.9
2030,5253,0.840064,0.0,0.600841538,118.03
2030,5254,0.785395,0.0,0.568847055,99.22
2030,5255,0.71008,0.0,0.528254686,90.1
2030,5256,0.619711,0.0,0.507482113,84.12
2030,5257,0.547703,0.0,0.543195372,79.1
2030,5258,0.469682,0.0,0.536306841,84.47
2030,5259,0.381789,0.0,0.534366264,87.7
2030,5260,0.320109,0.0,0.543099174,104.36
2030,5261,0.299422,0.004163333333333333,0.565360007,126.07
2030,5262,0.310356,0.06491222222222222,0.552857374,128.32
2030,5263,0.36114,0.13154888888888888,0.589605224,108.15
2030,5264,0.43138,0.2097111111111111,0.613070719,87.84
2030,5265,0.524501,0.34327444444444444,0.62702333,72.05
2030,5266,0.627626,0.5670344444444445,0.641033509,61.48
2030,5267,0.719608,0.6989,0.652793614,36.88
2030,5268,0.789377,0.74409,0.651067696,-2.88
2030,5269,0.849574,0.7087188888888888,0.669369367,-10.06
2030,5270,0.898946,0.72291,0.668716463,-10.06
2030,5271,0.933724,0.6935366666666666,0.661629604,0.0
2030,5272,0.949475,0.5886422222222222,0.676657361,55.0
2030,5273,0.938511,0.34845333333333334,0.655595614,105.0
2030,5274,0.915392,0.13938444444444445,0.632574327,97.94
2030,5275,0.900144,0.023167777777777777,0.621155749,125.93
2030,5276,0.890882,0.0,0.612318096,134.25
2030,5277,0.891708,0.0,0.595450138,112.74
2030,5278,0.900872,0.0,0.563441371,102.78
2030,5279,0.920237,0.0,0.523269347,96.63
2030,5280,0.925504,0.0,0.501121103,88.79
2030,5281,0.909559,0.0,0.536527072,88.52
2030,5282,0.876037,0.0,0.529872376,88.06
2030,5283,0.827189,0.0,0.528271192,88.41
2030,5284,0.796442,0.0,0.536447347,96.11
2030,5285,0.806702,0.05488888888888888,0.55900226,110.91
2030,5286,0.828541,0.2862411111111111,0.545561588,124.95
2030,5287,0.863526,0.45589777777777774,0.581103233,117.76
2030,5288,0.888708,0.6781377777777778,0.601685508,106.84
2030,5289,0.899945,0.7798899999999999,0.614162563,86.1
2030,5290,0.907151,0.8279788888888889,0.631289416,71.6
2030,5291,0.917969,0.8497244444444443,0.636286209,50.26
2030,5292,0.926018,0.8371822222222222,0.643944998,40.49
2030,5293,0.929122,0.8298944444444444,0.655745321,29.99
2030,5294,0.933534,0.8206566666666666,0.668333604,38.21
2030,5295,0.936197,0.7365544444444445,0.671267499,57.45
2030,5296,0.931447,0.6758255555555556,0.685728003,80.22
2030,5297,0.918565,0.5717744444444444,0.66762522,101.77
2030,5298,0.894335,0.3565077777777778,0.650890892,100.0
2030,5299,0.86362,0.11048666666666668,0.64418302,138.77
2030,5300,0.816655,0.0,0.629571524,135.0
2030,5301,0.735066,0.0,0.597414149,102.0
2030,5302,0.612599,0.0,0.564758886,93.56
2030,5303,0.46697,0.0,0.525088033,98.12
2030,5304,0.343011,0.0,0.50437264,73.76
2030,5305,0.261731,0.0,0.53990604,51.88
2030,5306,0.222321,0.0,0.534012073,36.28
2030,5307,0.212783,0.0,0.533503379,52.8
2030,5308,0.236418,0.0,0.544240044,33.49
2030,5309,0.269773,0.020593333333333328,0.569027109,79.35
2030,5310,0.330248,0.1174111111111111,0.561565068,82.72
2030,5311,0.416049,0.38073111111111113,0.597616417,52.48
2030,5312,0.511458,0.6531355555555556,0.62631202,30.97
2030,5313,0.619667,0.6226677777777778,0.648849545,8.53
2030,5314,0.714298,0.5798433333333334,0.6656836,0.21
2030,5315,0.807656,0.6325233333333332,0.66704233,-0.48
2030,5316,0.876346,0.6850366666666666,0.661900086,-0.89
2030,5317,0.898875,0.5410666666666666,0.663405169,-3.0
2030,5318,0.899497,0.3387,0.6520436,-10.0
2030,5319,0.91263,0.3001788888888889,0.643964399,-8.88
2030,5320,0.93502,0.28237666666666666,0.659590758,-0.9
2030,5321,0.959478,0.23066666666666666,0.644565982,40.2
2030,5322,0.971076,0.16439666666666666,0.626030109,83.83
2030,5323,0.973207,0.05906222222222222,0.612934814,127.01
2030,5324,0.974964,0.0,0.602185832,132.32
2030,5325,0.973124,0.0,0.582639297,119.9
2030,5326,0.965604,0.0,0.555188076,116.0
2030,5327,0.956763,0.0,0.518869361,87.5
2030,5328,0.950831,0.0,0.497649836,96.63
2030,5329,0.950967,0.0,0.479219603,91.93
2030,5330,0.960616,0.0,0.471113378,89.07
2030,5331,0.965064,0.0,0.466547291,86.4
2030,5332,0.95347,0.0,0.46791617,88.92
2030,5333,0.944524,0.011487777777777777,0.473315123,97.93
2030,5334,0.945528,0.10765,0.47424873,77.13
2030,5335,0.953636,0.16358444444444445,0.495344368,31.95
2030,5336,0.957842,0.19989444444444446,0.514525749,0.2
2030,5337,0.959484,0.22833777777777778,0.523654223,-3.0
2030,5338,0.956161,0.4883333333333333,0.528761894,-12.2
2030,5339,0.954109,0.6515344444444444,0.519786063,-22.49
2030,5340,0.953169,0.6799422222222222,0.525918916,-47.56
2030,5341,0.952855,0.6786777777777777,0.517500076,-52.04
2030,5342,0.955615,0.6755566666666666,0.51633454,-30.0
2030,5343,0.959943,0.5600844444444445,0.527645956,-10.08
2030,5344,0.960337,0.35936666666666667,0.542804505,-1.3
2030,5345,0.951919,0.19318444444444446,0.548639808,48.77
2030,5346,0.931494,0.10959666666666666,0.548466442,107.98
2030,5347,0.906518,0.026722222222222224,0.544629408,128.49
2030,5348,0.864855,0.0,0.551737312,136.91
2030,5349,0.824185,0.0,0.54118783,119.9
2030,5350,0.769296,0.0,0.520902872,107.95
2030,5351,0.725585,0.0,0.496501303,109.41
2030,5352,0.697345,0.0,0.477608104,107.81
2030,5353,0.654766,0.0,0.4644414,105.29
2030,5354,0.588339,0.0,0.456632976,101.46
2030,5355,0.508755,0.0,0.452424789,105.49
2030,5356,0.409819,0.0,0.453002983,117.98
2030,5357,0.30788,0.007367777777777777,0.452933504,114.34
2030,5358,0.221863,0.09194777777777777,0.442975095,84.0
2030,5359,0.16282,0.1703,0.452381071,27.98
2030,5360,0.140689,0.2530077777777778,0.463734647,0.0
2030,5361,0.119409,0.33418333333333333,0.478616034,-5.01
2030,5362,0.110813,0.446061111111111,0.495557082,-14.99
2030,5363,0.110069,0.5310522222222223,0.509292589,-32.93
2030,5364,0.111131,0.5960588888888888,0.50937855,-59.97
2030,5365,0.118535,0.711401111111111,0.504943219,-50.1
2030,5366,0.127717,0.7138555555555556,0.491849632,-31.4
2030,5367,0.126656,0.5982411111111111,0.496380771,-5.24
2030,5368,0.108111,0.4275222222222222,0.516728185,0.66
2030,5369,0.074224,0.22001555555555555,0.529050325,90.02
2030,5370,0.039738,0.11910333333333332,0.540763957,132.0
2030,5371,0.020442,0.04128777777777778,0.545026721,138.93
2030,5372,0.006335,0.0,0.550887276,127.68
2030,5373,0.004893,0.0,0.542876207,109.99
2030,5374,0.011362,0.0,0.516458333,97.28
2030,5375,0.028627,0.0,0.486672816,104.38
2030,5376,0.06530200000000001,0.0,0.46927302,91.84
2030,5377,0.128492,0.0,0.511072948,85.3
2030,5378,0.206934,0.0,0.507584843,85.5
2030,5379,0.283713,0.0,0.508428967,86.31
2030,5380,0.333671,0.0,0.520871151,86.41
2030,5381,0.355774,0.011888888888888886,0.548363919,112.64
2030,5382,0.353181,0.11743888888888888,0.537861806,119.68
2030,5383,0.355751,0.15288000000000004,0.57234951,99.39
2030,5384,0.388654,0.18826666666666667,0.592715005,63.7
2030,5385,0.416523,0.2789022222222223,0.60438489,40.12
2030,5386,0.438151,0.3782222222222222,0.622790119,16.04
2030,5387,0.453171,0.43303555555555556,0.626369005,0.9
2030,5388,0.457055,0.44189,0.635210844,-3.0
2030,5389,0.45767,0.3904277777777777,0.65110506,-10.06
2030,5390,0.460211,0.3500866666666666,0.649622052,10.0
2030,5391,0.462582,0.2836488888888889,0.648643431,48.04
2030,5392,0.453647,0.18497333333333335,0.667987209,88.65
2030,5393,0.418056,0.09184111111111111,0.646334901,121.23
2030,5394,0.443551,0.021702222222222223,0.631735379,198.98
2030,5395,0.530318,0.0024077777777777773,0.61857658,219.99
2030,5396,0.566231,0.0,0.610636384,128.92
2030,5397,0.575407,0.0,0.58742788,106.55
2030,5398,0.558953,0.0,0.553742994,99.99
2030,5399,0.533035,0.0,0.514790536,99.38
2030,5400,0.511234,0.0,0.494901594,87.72
2030,5401,0.454955,0.0,0.529741229,85.59
2030,5402,0.367719,0.0,0.523424132,87.2
2030,5403,0.280729,0.0,0.522361463,89.0
2030,5404,0.222374,0.0,0.533242154,99.36
2030,5405,0.191227,0.0,0.559873734,124.21
2030,5406,0.150101,0.010228888888888886,0.550447424,132.32
2030,5407,0.13281,0.03430777777777778,0.582753417,117.89
2030,5408,0.138608,0.09128555555555555,0.604282734,100.1
2030,5409,0.162582,0.20942000000000002,0.610427045,73.98
2030,5410,0.204514,0.5477722222222222,0.622691555,56.03
2030,5411,0.255387,0.7393277777777778,0.622942642,43.01
2030,5412,0.312836,0.6671733333333333,0.632555612,40.5
2030,5413,0.341667,0.5794944444444444,0.645097148,48.0
2030,5414,0.316,0.5399655555555555,0.647434352,64.16
2030,5415,0.264052,0.48389777777777765,0.64707908,85.1
2030,5416,0.252005,0.4346044444444444,0.667442752,102.93
2030,5417,0.293871,0.350118888888889,0.647432842,118.3
2030,5418,0.339113,0.2583066666666667,0.630122941,189.46
2030,5419,0.396954,0.07813777777777776,0.618568438,192.84
2030,5420,0.460481,0.0,0.611525654,126.69
2030,5421,0.503212,0.0,0.588256649,112.0
2030,5422,0.534456,0.0,0.554078616,104.92
2030,5423,0.50875,0.0,0.514010832,87.88
2030,5424,0.442797,0.0,0.494156873,89.9
2030,5425,0.348751,0.0,0.531305855,86.6
2030,5426,0.282295,0.0,0.524974174,90.3
2030,5427,0.260618,0.0,0.5240166,90.42
2030,5428,0.26632,0.0,0.534224538,103.11
2030,5429,0.25719299999999995,0.00797888888888889,0.55980316,124.38
2030,5430,0.233494,0.22286777777777775,0.548382776,132.43
2030,5431,0.210523,0.5047855555555556,0.581274222,122.61
2030,5432,0.215081,0.7025344444444445,0.604088116,113.29
2030,5433,0.249355,0.7996477777777778,0.61430337,100.0
2030,5434,0.299372,0.8480722222222222,0.623134889,94.3
2030,5435,0.358639,0.8654588888888889,0.626655505,83.04
2030,5436,0.386845,0.8508711111111111,0.635296171,77.0
2030,5437,0.385871,0.8426655555555554,0.646086624,74.74
2030,5438,0.356654,0.8495144444444445,0.649974327,79.32
2030,5439,0.296979,0.8334977777777778,0.649327958,91.02
2030,5440,0.221361,0.76739,0.667327812,100.8
2030,5441,0.138677,0.5521133333333333,0.648357937,111.48
2030,5442,0.088512,0.2799266666666667,0.630556869,155.0
2030,5443,0.083609,0.026024444444444444,0.61797224,205.38
2030,5444,0.124725,0.0,0.610306435,143.89
2030,5445,0.236232,0.0,0.587737018,118.65
2030,5446,0.383221,0.0,0.553896637,108.0
2030,5447,0.504464,0.0,0.514435114,104.5
2030,5448,0.563593,0.0,0.494012181,102.71
2030,5449,0.571557,0.0,0.531322053,98.37
2030,5450,0.521632,0.0,0.52525639,89.37
2030,5451,0.428686,0.0,0.524193007,90.0
2030,5452,0.341674,0.0,0.534080362,102.05
2030,5453,0.336767,0.003415555555555555,0.559678298,112.16
2030,5454,0.39249,0.12372333333333332,0.549238827,112.66
2030,5455,0.438152,0.32946333333333333,0.581208468,104.84
2030,5456,0.5093,0.5227622222222222,0.602218053,80.11
2030,5457,0.560958,0.6338611111111112,0.611081408,52.59
2030,5458,0.555914,0.70096,0.620954821,18.31
2030,5459,0.530318,0.7784666666666668,0.621398552,9.91
2030,5460,0.532651,0.8421633333333333,0.633005069,-0.14
2030,5461,0.557829,0.8395922222222222,0.648470878,-0.2
2030,5462,0.54836,0.8362633333333332,0.651684314,-3.0
2030,5463,0.533804,0.7820388888888888,0.647874476,-10.05
2030,5464,0.542372,0.7129088888888888,0.673146852,29.9
2030,5465,0.527633,0.46998,0.654601606,100.59
2030,5466,0.487957,0.24207666666666666,0.640573589,109.4
2030,5467,0.474815,0.08108444444444443,0.628259836,126.95
2030,5468,0.521554,0.0,0.620102844,121.47
2030,5469,0.58595,0.0,0.591437309,111.4
2030,5470,0.643171,0.0,0.557226661,93.54
2030,5471,0.670771,0.0,0.517046208,84.0
2030,5472,0.647214,0.0,0.496629262,73.11
2030,5473,0.581174,0.0,0.532673576,83.45
2030,5474,0.468941,0.0,0.526256435,82.1
2030,5475,0.34789,0.0,0.525397668,84.22
2030,5476,0.234051,0.0,0.536512227,89.03
2030,5477,0.167226,0.008736666666666667,0.56318361,120.42
2030,5478,0.131659,0.1558411111111111,0.553364334,126.53
2030,5479,0.115432,0.2911255555555556,0.586703727,120.0
2030,5480,0.124277,0.5256877777777778,0.613405724,110.01
2030,5481,0.14102,0.6842911111111111,0.622571496,100.0
2030,5482,0.150056,0.7223622222222221,0.635782522,89.6
2030,5483,0.150335,0.76842,0.635392672,74.39
2030,5484,0.156892,0.7525866666666666,0.641511051,53.5
2030,5485,0.16966,0.7076155555555556,0.649223549,47.71
2030,5486,0.179691,0.7163366666666666,0.652021104,54.25
2030,5487,0.190476,0.7364966666666666,0.645142678,78.49
2030,5488,0.203041,0.6494822222222221,0.669059607,96.97
2030,5489,0.196884,0.436571111111111,0.649122364,125.76
2030,5490,0.202183,0.16707333333333335,0.630717984,208.73
2030,5491,0.245489,0.030312222222222223,0.613526701,219.25
2030,5492,0.266329,0.0,0.605076123,160.79
2030,5493,0.249044,0.0,0.576383187,131.75
2030,5494,0.238103,0.0,0.547932277,116.18
2030,5495,0.231905,0.0,0.511772708,107.1
2030,5496,0.225763,0.0,0.491738298,105.74
2030,5497,0.23164,0.0,0.47476276,100.81
2030,5498,0.249595,0.0,0.467354254,98.0
2030,5499,0.26666,0.0,0.463588801,103.02
2030,5500,0.281138,0.0,0.466433828,103.29
2030,5501,0.318803,0.0,0.474707851,100.83
2030,5502,0.358688,0.06654666666666667,0.482850742,98.23
2030,5503,0.324496,0.18832,0.498474404,99.75
2030,5504,0.292338,0.18577666666666665,0.5211097,81.67
2030,5505,0.251785,0.20776999999999998,0.532772905,68.99
2030,5506,0.284191,0.2530822222222222,0.532296396,48.0
2030,5507,0.348591,0.31818444444444444,0.522706691,33.0
2030,5508,0.401111,0.37536444444444445,0.523862371,27.1
2030,5509,0.421962,0.35912222222222223,0.522740639,19.28
2030,5510,0.412708,0.32115222222222223,0.530874935,30.55
2030,5511,0.425061,0.29016222222222227,0.550047623,56.06
2030,5512,0.477532,0.22585444444444447,0.558284289,84.59
2030,5513,0.563598,0.11539777777777778,0.555202468,112.58
2030,5514,0.616462,0.03628,0.553176078,132.77
2030,5515,0.572783,0.004164444444444445,0.549545138,141.82
2030,5516,0.446281,0.0,0.557385455,125.03
2030,5517,0.325293,0.0,0.538489298,116.11
2030,5518,0.302127,0.0,0.516698501,105.69
2030,5519,0.396601,0.0,0.491240188,107.44
2030,5520,0.487564,0.0,0.473220742,106.14
2030,5521,0.519269,0.0,0.461728029,100.0
2030,5522,0.548107,0.0,0.455287317,98.61
2030,5523,0.610031,0.0,0.452240308,96.7
2030,5524,0.656023,0.0,0.454584342,96.1
2030,5525,0.655581,0.0006377777777777778,0.458798453,92.3
2030,5526,0.607586,0.1329433333333333,0.457145371,86.93
2030,5527,0.567371,0.44997777777777775,0.461917374,83.15
2030,5528,0.547175,0.6651977777777778,0.470159188,75.35
2030,5529,0.535508,0.7488866666666666,0.478872033,62.56
2030,5530,0.515796,0.7636622222222222,0.484768984,15.3
2030,5531,0.481644,0.8714577777777778,0.485508544,8.93
2030,5532,0.453073,0.8722122222222221,0.48777478,10.0
2030,5533,0.489923,0.8129077777777778,0.485637598,0.0
2030,5534,0.519615,0.6220611111111112,0.49250984,0.0
2030,5535,0.480524,0.3019711111111111,0.499187102,17.3
2030,5536,0.347456,0.17303333333333334,0.519983393,68.41
2030,5537,0.222182,0.3577311111111111,0.533152939,83.96
2030,5538,0.180746,0.21935555555555553,0.542345014,104.78
2030,5539,0.192051,0.024959999999999996,0.546129179,111.73
2030,5540,0.210189,0.0,0.558846423,109.97
2030,5541,0.255861,0.0,0.540613542,111.45
2030,5542,0.327712,0.0,0.513528529,99.51
2030,5543,0.395138,0.0,0.483842503,97.39
2030,5544,0.454524,0.0,0.467413945,90.1
2030,5545,0.5230650000000001,0.0,0.518526205,88.7
2030,5546,0.552071,0.0,0.516163134,84.86
2030,5547,0.557557,0.0,0.51826623,84.5
2030,5548,0.54237,0.0,0.532221277,86.77
2030,5549,0.508752,0.003921111111111111,0.565782773,122.85
2030,5550,0.450339,0.13037777777777776,0.571827996,149.77
2030,5551,0.37735,0.20463888888888887,0.615329105,128.65
2030,5552,0.333367,0.3656011111111111,0.638022884,112.58
2030,5553,0.307894,0.5566211111111111,0.639949498,96.08
2030,5554,0.324146,0.64553,0.649451259,88.71
2030,5555,0.360776,0.6614611111111112,0.652129646,83.22
2030,5556,0.35955,0.6732077777777776,0.662129913,77.99
2030,5557,0.304498,0.6696155555555554,0.671183502,78.95
2030,5558,0.236091,0.6468677777777779,0.675336166,79.2
2030,5559,0.173311,0.5340633333333332,0.669421401,80.3
2030,5560,0.130457,0.2711033333333333,0.690420206,98.67
2030,5561,0.091979,0.14599555555555552,0.667891635,107.04
2030,5562,0.031305,0.1011088888888889,0.652354985,160.0
2030,5563,0.010701,0.048091111111111105,0.641900654,200.94
2030,5564,0.033733,0.0,0.63636065,138.98
2030,5565,0.103564,0.0,0.60123275,101.05
2030,5566,0.211833,0.0,0.562940064,86.33
2030,5567,0.340624,0.0,0.521431708,92.86
2030,5568,0.455589,0.0,0.501024943,88.36
2030,5569,0.53444,0.0,0.537886246,86.77
2030,5570,0.581285,0.0,0.532833161,86.23
2030,5571,0.591879,0.0,0.532347101,83.14
2030,5572,0.560959,0.0,0.544133805,86.79
2030,5573,0.490733,0.0,0.576615637,119.76
2030,5574,0.472405,0.02631,0.581413872,120.71
2030,5575,0.511452,0.04948777777777778,0.622118285,109.29
2030,5576,0.520497,0.07319111111111111,0.646110348,102.24
2030,5577,0.496557,0.17725222222222217,0.648620838,60.58
2030,5578,0.577272,0.5469044444444444,0.659266547,46.91
2030,5579,0.682967,0.7221111111111111,0.66593957,32.85
2030,5580,0.698095,0.76653,0.679083604,16.07
2030,5581,0.655581,0.78903,0.681621767,8.25
2030,5582,0.552887,0.7568522222222223,0.678328242,27.21
2030,5583,0.449201,0.5135544444444444,0.67712515,49.92
2030,5584,0.394528,0.3268955555555556,0.696941825,100.26
2030,5585,0.328085,0.3874855555555556,0.675572575,116.84
2030,5586,0.24741,0.29289,0.654454761,123.66
2030,5587,0.181478,0.06023666666666667,0.644544813,145.08
2030,5588,0.157699,0.0,0.640116677,120.0
2030,5589,0.176828,0.0,0.605149527,103.42
2030,5590,0.205908,0.0,0.566834029,94.69
2030,5591,0.196885,0.0,0.52403704,84.9
2030,5592,0.166662,0.0,0.503149048,76.4
2030,5593,0.155963,0.0,0.54054027,62.14
2030,5594,0.155608,0.0,0.535131899,51.36
2030,5595,0.151114,0.0,0.534757442,49.9
2030,5596,0.14809,0.0,0.546519461,54.0
2030,5597,0.141037,0.0021511111111111115,0.578483201,80.59
2030,5598,0.142136,0.2290277777777778,0.582737056,87.15
2030,5599,0.142132,0.4371788888888889,0.625835905,86.5
2030,5600,0.137249,0.4991866666666666,0.65021049,51.0
2030,5601,0.134072,0.5628055555555554,0.655294443,-4.24
2030,5602,0.135032,0.7210488888888889,0.662340054,-10.5
2030,5603,0.143595,0.6725477777777777,0.660797362,-19.0
2030,5604,0.129252,0.6183877777777778,0.668747295,-31.73
2030,5605,0.120021,0.5713644444444445,0.68463821,-29.1
2030,5606,0.148427,0.5166533333333333,0.69133369,-21.04
2030,5607,0.190114,0.36046999999999996,0.692782724,-16.56
2030,5608,0.207154,0.18442444444444445,0.711649241,-2.0
2030,5609,0.217138,0.08778444444444444,0.683569098,67.21
2030,5610,0.251643,0.03408888888888889,0.657143307,102.1
2030,5611,0.312839,0.004742222222222222,0.645140206,136.67
2030,5612,0.353163,0.0,0.637726228,128.63
2030,5613,0.38992,0.0,0.602138026,102.37
2030,5614,0.425965,0.0,0.564419413,85.49
2030,5615,0.404707,0.0,0.522155031,77.87
2030,5616,0.334843,0.0,0.499542616,70.59
2030,5617,0.261787,0.0,0.536271102,76.07
2030,5618,0.26079500000000005,0.0,0.530659545,58.0
2030,5619,0.341413,0.0,0.530180007,49.9
2030,5620,0.407128,0.0,0.541779232,62.4
2030,5621,0.453048,0.0,0.574124546,89.0
2030,5622,0.519377,0.026765555555555556,0.578330704,62.74
2030,5623,0.552406,0.06559888888888889,0.618219123,46.6
2030,5624,0.535849,0.09669222222222222,0.6417515,16.0
2030,5625,0.524362,0.11691888888888889,0.642923064,-6.96
2030,5626,0.48434,0.21464111111111112,0.655400238,-19.43
2030,5627,0.407171,0.4353811111111111,0.655636072,-21.0
2030,5628,0.345783,0.586311111111111,0.663296802,-28.96
2030,5629,0.351723,0.5077377777777777,0.680224317,-26.75
2030,5630,0.43076,0.4344966666666667,0.681778717,-15.53
2030,5631,0.5765,0.5431855555555555,0.676788439,-10.05
2030,5632,0.596143,0.5378288888888888,0.696481482,0.0
2030,5633,0.469561,0.37488,0.672600948,90.0
2030,5634,0.319369,0.15574444444444444,0.65653214,112.65
2030,5635,0.225744,0.016646666666666664,0.646820659,114.7
2030,5636,0.17173,0.0,0.641310455,111.18
2030,5637,0.13368,0.0,0.602945564,96.07
2030,5638,0.126764,0.0,0.564342837,79.15
2030,5639,0.136482,0.0,0.522264444,51.28
2030,5640,0.142102,0.0,0.500917778,40.7
2030,5641,0.153205,0.0,0.537629631,33.02
2030,5642,0.167325,0.0,0.532084331,17.0
2030,5643,0.192031,0.0,0.531773484,9.4
2030,5644,0.212677,0.0,0.543439218,6.85
2030,5645,0.236581,0.0,0.575281054,15.08
2030,5646,0.258503,0.03731555555555555,0.578576155,27.73
2030,5647,0.269802,0.1071811111111111,0.618472982,29.99
2030,5648,0.320114,0.2037344444444444,0.640834168,1.26
2030,5649,0.362459,0.31241444444444444,0.644359427,-0.79
2030,5650,0.350601,0.3959277777777777,0.654636044,-3.97
2030,5651,0.302138,0.6841311111111111,0.654063683,-0.08
2030,5652,0.273696,0.5506999999999999,0.659492723,-1.0
2030,5653,0.238118,0.34175777777777777,0.677315896,-10.0
2030,5654,0.222375,0.3352233333333334,0.683163054,-10.08
2030,5655,0.212827,0.3729555555555556,0.682870419,-10.06
2030,5656,0.212601,0.3632055555555555,0.69465119,-2.0
2030,5657,0.209909,0.24371222222222225,0.674581776,50.2
2030,5658,0.190673,0.1398411111111111,0.65397727,98.85
2030,5659,0.202546,0.021304444444444442,0.643547966,118.7
2030,5660,0.246058,0.0,0.626699252,123.99
2030,5661,0.277428,0.0,0.590289188,119.86
2030,5662,0.293319,0.0,0.55779136,100.84
2030,5663,0.315774,0.0,0.519036791,94.4
2030,5664,0.314459,0.0,0.497898259,102.0
2030,5665,0.310452,0.0,0.473068729,98.38
2030,5666,0.299392,0.0,0.465547773,97.89
2030,5667,0.282636,0.0,0.462277871,98.93
2030,5668,0.28243,0.0,0.466223246,102.81
2030,5669,0.332752,0.0,0.477870259,99.9
2030,5670,0.385424,0.10548222222222223,0.48887304,99.07
2030,5671,0.355762,0.23839555555555555,0.49982895,73.31
2030,5672,0.323769,0.4844277777777778,0.517895492,15.0
2030,5673,0.343017,0.6439611111111112,0.531189988,-0.02
2030,5674,0.412071,0.6604322222222222,0.531168585,-6.84
2030,5675,0.493832,0.5619166666666666,0.52124426,-18.64
2030,5676,0.53974,0.5351277777777778,0.519928037,-40.35
2030,5677,0.553688,0.4951877777777777,0.513114571,-44.92
2030,5678,0.537842,0.45184444444444444,0.516720431,-29.07
2030,5679,0.484336,0.3933877777777777,0.530225036,-10.05
2030,5680,0.412533,0.38633,0.543418934,-3.66
2030,5681,0.293353,0.2810033333333333,0.548707895,67.56
2030,5682,0.188823,0.09080444444444444,0.555148062,90.1
2030,5683,0.111821,0.003281111111111111,0.55701506,80.19
2030,5684,0.052782,0.0,0.561483157,71.3
2030,5685,0.030753,0.0,0.539968519,64.14
2030,5686,0.020784,0.0,0.517570268,49.39
2030,5687,0.020624,0.0,0.491634028,0.39
2030,5688,0.029016,0.0,0.474019155,0.92
2030,5689,0.065763,0.0,0.462651605,0.0
2030,5690,0.138641,0.0,0.456315643,-0.75
2030,5691,0.246085,0.0,0.453510232,-0.57
2030,5692,0.465407,0.0,0.456909717,0.0
2030,5693,0.506453,0.0,0.463373745,0.05
2030,5694,0.557962,0.0018188888888888888,0.46483416,-0.01
2030,5695,0.783446,0.01397111111111111,0.467668141,0.0
2030,5696,0.876962,0.036068888888888886,0.477425024,-1.39
2030,5697,0.88231,0.20700444444444444,0.487590358,-6.07
2030,5698,0.912126,0.3678588888888889,0.50011413,-10.1
2030,5699,0.884995,0.3240788888888889,0.500931945,-15.5
2030,5700,0.847035,0.41104444444444443,0.508094956,-19.37
2030,5701,0.782668,0.15583111111111111,0.505940827,-20.47
2030,5702,0.699441,0.14222333333333334,0.50570118,-10.07
2030,5703,0.586268,0.18130111111111114,0.51536502,-5.35
2030,5704,0.483712,0.1818677777777778,0.534753611,-2.5
2030,5705,0.336197,0.13297111111111112,0.541912948,59.2
2030,5706,0.224873,0.12297666666666665,0.555620148,106.6
2030,5707,0.247461,0.00016222222222222218,0.560979135,122.23
2030,5708,0.441274,0.0,0.564274732,107.92
2030,5709,0.633496,0.0,0.543035344,101.05
2030,5710,0.647416,0.0,0.515749605,92.49
2030,5711,0.712228,0.0,0.4860016,92.11
2030,5712,0.744195,0.0,0.469690925,81.56
2030,5713,0.759739,0.0,0.521522861,79.87
2030,5714,0.722293,0.0,0.519164898,75.97
2030,5715,0.674656,0.0,0.521150149,79.02
2030,5716,0.662864,0.0,0.535668433,82.6
2030,5717,0.65167,0.0,0.571115173,112.09
2030,5718,0.636257,0.2236922222222222,0.578513198,109.04
2030,5719,0.588245,0.5086622222222222,0.621221171,90.0
2030,5720,0.56096,0.6252322222222221,0.642326704,72.5
2030,5721,0.535945,0.6189766666666666,0.645965191,32.0
2030,5722,0.496558,0.7039966666666666,0.662047855,13.38
2030,5723,0.459854,0.6954444444444445,0.667543931,5.0
2030,5724,0.446287,0.6566944444444446,0.676753654,5.0
2030,5725,0.439579,0.5805233333333333,0.692223082,16.34
2030,5726,0.431115,0.4850588888888889,0.695242908,24.39
2030,5727,0.438144,0.47700444444444434,0.688637606,38.24
2030,5728,0.417573,0.36002,0.707292365,98.85
2030,5729,0.367503,0.26304333333333335,0.680747652,114.09
2030,5730,0.350642,0.14343444444444445,0.666314174,186.0
2030,5731,0.413642,0.011652222222222222,0.657751365,224.28
2030,5732,0.519962,0.0,0.639574379,142.35
2030,5733,0.607577,0.0,0.60303508,111.0
2030,5734,0.652723,0.0,0.564703932,106.6
2030,5735,0.656499,0.0,0.523870806,98.58
2030,5736,0.651147,0.0,0.503859241,89.69
2030,5737,0.658061,0.0,0.541210334,85.3
2030,5738,0.673732,0.0,0.536325277,85.3
2030,5739,0.691419,0.0,0.536581123,86.0
2030,5740,0.712248,0.0,0.549573548,96.2
2030,5741,0.736572,0.0,0.58438996,120.36
2030,5742,0.761511,0.1568188888888889,0.591583473,133.26
2030,5743,0.785429,0.3855411111111111,0.634146235,110.31
2030,5744,0.810775,0.5095977777777777,0.655134344,83.98
2030,5745,0.813459,0.5639477777777778,0.653722111,72.32
2030,5746,0.794081,0.5011688888888889,0.664114226,28.37
2030,5747,0.763955,0.4488122222222222,0.664351812,4.01
2030,5748,0.738255,0.49926111111111104,0.671691959,0.19
2030,5749,0.714432,0.5178844444444444,0.688403015,1.13
2030,5750,0.70558,0.4833988888888889,0.692519601,23.12
2030,5751,0.705964,0.4275544444444444,0.684124909,45.4
2030,5752,0.719465,0.3846666666666666,0.699079004,88.93
2030,5753,0.733019,0.33882111111111113,0.677960951,116.06
2030,5754,0.749012,0.1819111111111111,0.660131845,225.0
2030,5755,0.76472,0.011417777777777778,0.654721407,211.77
2030,5756,0.780896,0.0,0.645242098,120.95
2030,5757,0.794782,0.0,0.608487131,105.43
2030,5758,0.814395,0.0,0.569990773,92.67
2030,5759,0.83514,0.0,0.527080487,90.75
2030,5760,0.856044,0.0,0.506508185,91.5
2030,5761,0.870775,0.0,0.544137124,87.7
2030,5762,0.87869,0.0,0.539039631,88.98
2030,5763,0.883079,0.0,0.539295912,91.22
2030,5764,0.88758,0.0,0.552409418,91.73
2030,5765,0.889775,0.0,0.586696305,113.96
2030,5766,0.880196,0.046086666666666665,0.593374236,128.4
2030,5767,0.868386,0.07247888888888888,0.636629827,121.0
2030,5768,0.860254,0.19106777777777778,0.662475459,105.4
2030,5769,0.859886,0.6351811111111112,0.667857729,87.65
2030,5770,0.855537,0.7981055555555555,0.676502528,68.97
2030,5771,0.852291,0.8278477777777777,0.672166013,34.95
2030,5772,0.849173,0.8187644444444445,0.677042837,10.04
2030,5773,0.837083,0.8158877777777778,0.690069847,4.87
2030,5774,0.809374,0.80204,0.688445945,54.88
2030,5775,0.755949,0.7642077777777778,0.683678466,78.57
2030,5776,0.698525,0.6971344444444445,0.70328391,91.77
2030,5777,0.648433,0.4910522222222222,0.680001422,110.61
2030,5778,0.583777,0.21487888888888887,0.660755415,196.29
2030,5779,0.515362,0.012066666666666667,0.651206381,198.89
2030,5780,0.451858,0.0,0.645397194,125.29
2030,5781,0.416127,0.0,0.607771851,112.0
2030,5782,0.404469,0.0,0.569006908,100.01
2030,5783,0.408532,0.0,0.526525431,93.91
2030,5784,0.405263,0.0,0.504366354,94.3
2030,5785,0.401606,0.0,0.541419795,89.9
2030,5786,0.392457,0.0,0.535673211,88.9
2030,5787,0.380946,0.0,0.535392342,89.55
2030,5788,0.353244,0.0,0.547275545,100.45
2030,5789,0.321512,0.0,0.580786753,113.91
2030,5790,0.291497,0.008784444444444445,0.585832416,133.26
2030,5791,0.271031,0.05478,0.622646342,126.24
2030,5792,0.256774,0.11698333333333331,0.643085091,108.71
2030,5793,0.252018,0.15974888888888888,0.644599651,92.22
2030,5794,0.250173,0.23461111111111113,0.655651325,84.44
2030,5795,0.239717,0.4007611111111111,0.655625481,65.69
2030,5796,0.221881,0.61966,0.662629794,44.9
2030,5797,0.20587,0.6430066666666666,0.676060864,51.49
2030,5798,0.18465,0.6946822222222223,0.67701874,79.46
2030,5799,0.166091,0.6690555555555555,0.676869885,89.65
2030,5800,0.159204,0.6338666666666666,0.697832333,104.39
2030,5801,0.160237,0.4543788888888889,0.679988919,114.69
2030,5802,0.157609,0.2409277777777778,0.668594663,219.84
2030,5803,0.155914,0.014243333333333334,0.661315965,278.49
2030,5804,0.14396,0.0,0.655919203,166.0
2030,5805,0.144529,0.0,0.614803961,124.93
2030,5806,0.160643,0.0,0.575865113,109.78
2030,5807,0.185708,0.0,0.532407671,108.8
2030,5808,0.212634,0.0,0.510354222,99.15
2030,5809,0.23152,0.0,0.546065379,93.26
2030,5810,0.226296,0.0,0.539999535,91.41
2030,5811,0.199424,0.0,0.53923382,94.23
2030,5812,0.163706,0.0,0.551044746,104.16
2030,5813,0.134133,0.0,0.584278375,132.11
2030,5814,0.116242,0.07789444444444445,0.588122319,146.67
2030,5815,0.104208,0.26574,0.625636494,132.59
2030,5816,0.100206,0.5346533333333332,0.644390848,113.7
2030,5817,0.099843,0.7191666666666666,0.647787,98.25
2030,5818,0.096476,0.7834355555555554,0.659263089,89.95
2030,5819,0.095377,0.8102077777777777,0.660997928,86.19
2030,5820,0.107065,0.7833055555555555,0.670609876,80.23
2030,5821,0.117541,0.7693822222222221,0.684179027,78.97
2030,5822,0.122433,0.7885911111111111,0.684372772,81.87
2030,5823,0.125409,0.7470711111111111,0.681242482,85.46
2030,5824,0.125651,0.6191111111111113,0.701655603,99.16
2030,5825,0.126284,0.4809866666666666,0.683309271,122.2
2030,5826,0.132243,0.30085666666666666,0.667310679,142.69
2030,5827,0.148023,0.01626,0.659773889,137.29
2030,5828,0.14808,0.0,0.644846561,112.71
2030,5829,0.124646,0.0,0.606841939,96.83
2030,5830,0.083904,0.0,0.573894888,95.36
2030,5831,0.054782,0.0,0.534518787,106.58
2030,5832,0.0443,0.0,0.511341104,98.18
2030,5833,0.04843,0.0,0.485901644,96.9
2030,5834,0.06259,0.0,0.478111609,95.59
2030,5835,0.074669,0.0,0.474619655,91.4
2030,5836,0.076307,0.0,0.478836206,94.1
2030,5837,0.065171,0.0,0.497658692,96.6
2030,5838,0.048489,0.17297222222222222,0.512523122,101.8
2030,5839,0.030244,0.459518888888889,0.520590667,100.6
2030,5840,0.020845,0.6802988888888888,0.53476668,84.92
2030,5841,0.01668,0.7740144444444446,0.538659621,60.13
2030,5842,0.012906,0.8111766666666667,0.537172429,18.34
2030,5843,0.009271,0.8464833333333334,0.525971006,-5.54
2030,5844,0.007097,0.8361177777777777,0.524793003,-8.98
2030,5845,0.007247,0.85052,0.518337715,-11.57
2030,5846,0.010804,0.8517255555555555,0.515707007,-20.0
2030,5847,0.021802,0.8235844444444446,0.528504495,12.8
2030,5848,0.044391,0.755098888888889,0.548036833,75.0
2030,5849,0.086665,0.6236477777777779,0.551597555,112.41
2030,5850,0.129038,0.3523855555555555,0.559884573,136.53
2030,5851,0.177195,0.01308222222222222,0.569644123,124.75
2030,5852,0.219825,0.0,0.568424419,106.76
2030,5853,0.262108,0.0,0.541623082,99.31
2030,5854,0.301814,0.0,0.518215383,88.88
2030,5855,0.334171,0.0,0.492490385,93.89
2030,5856,0.355752,0.0,0.474310914,85.99
2030,5857,0.362646,0.0,0.462372874,80.37
2030,5858,0.352354,0.0,0.455664554,79.57
2030,5859,0.327526,0.0,0.452548191,79.87
2030,5860,0.305513,0.0,0.45642944,76.57
2030,5861,0.314347,0.0,0.470485148,73.8
2030,5862,0.323975,0.06970777777777777,0.476145238,72.09
2030,5863,0.278621,0.275458888888889,0.475307998,60.63
2030,5864,0.23575,0.4796155555555556,0.486051452,41.27
2030,5865,0.225639,0.5841,0.50054124,12.73
2030,5866,0.225726,0.6313199999999999,0.505842197,-4.83
2030,5867,0.19779,0.6969266666666667,0.511888705,-19.94
2030,5868,0.162421,0.7404944444444446,0.525573868,-40.92
2030,5869,0.131181,0.70425,0.527178907,-33.37
2030,5870,0.119205,0.6428677777777778,0.529016816,-13.32
2030,5871,0.124902,0.4744011111111111,0.533653862,23.99
2030,5872,0.156174,0.23674111111111112,0.555260077,77.19
2030,5873,0.193997,0.08775666666666666,0.563046418,110.53
2030,5874,0.222446,0.03755555555555554,0.585306307,131.27
2030,5875,0.24451,0.0011833333333333333,0.587488559,123.79
2030,5876,0.267496,0.0,0.56899254,107.71
2030,5877,0.298811,0.0,0.541899063,102.01
2030,5878,0.302331,0.0,0.512860685,91.51
2030,5879,0.276969,0.0,0.482592966,91.24
2030,5880,0.25111,0.0,0.465859092,94.77
2030,5881,0.259481,0.0,0.530057529,92.39
2030,5882,0.307902,0.0,0.527779255,92.51
2030,5883,0.383637,0.0,0.529678865,92.22
2030,5884,0.446261,0.0,0.544218597,100.89
2030,5885,0.470309,0.0,0.587426817,113.2
2030,5886,0.452723,0.043361111111111114,0.599333421,134.85
2030,5887,0.367175,0.22293999999999997,0.634182018,131.94
2030,5888,0.26098200000000005,0.5241077777777777,0.651732061,122.64
2030,5889,0.21712,0.6979011111111111,0.650206747,102.83
2030,5890,0.192039,0.7719577777777776,0.662427347,90.82
2030,5891,0.176522,0.79744,0.664136037,85.02
2030,5892,0.166397,0.7914177777777778,0.675719259,81.02
2030,5893,0.159065,0.7942577777777778,0.690674308,83.46
2030,5894,0.148471,0.7856711111111112,0.695119199,88.17
2030,5895,0.13885,0.7487322222222222,0.69457394,94.16
2030,5896,0.140789,0.657181111111111,0.711873229,112.88
2030,5897,0.146083,0.4855,0.684161346,143.19
2030,5898,0.155468,0.20879,0.666240329,255.53
2030,5899,0.143389,0.0018355555555555556,0.667511319,210.49
2030,5900,0.136112,0.0,0.650885264,133.33
2030,5901,0.142881,0.0,0.60927201,114.71
2030,5902,0.163104,0.0,0.569789721,104.0
2030,5903,0.180862,0.0,0.528761847,99.58
2030,5904,0.161411,0.0,0.509047701,93.0
2030,5905,0.148766,0.0,0.53902068,91.5
2030,5906,0.203859,0.0,0.53404295,92.97
2030,5907,0.382303,0.0,0.53436865,96.0
2030,5908,0.526241,0.0,0.548024606,102.46
2030,5909,0.580265,0.0,0.591136686,123.9
2030,5910,0.533172,0.03805333333333333,0.60302314,148.43
2030,5911,0.484728,0.17694555555555555,0.635867342,133.95
2030,5912,0.438142,0.4354377777777778,0.651485074,115.98
2030,5913,0.385241,0.5781088888888888,0.651064143,98.88
2030,5914,0.359848,0.61371,0.66230767,90.02
2030,5915,0.355777,0.5661077777777778,0.665524125,84.8
2030,5916,0.359801,0.4718544444444444,0.675498788,82.69
2030,5917,0.360525,0.3794966666666667,0.690474562,84.12
2030,5918,0.334698,0.3790844444444444,0.691917278,86.67
2030,5919,0.34601,0.42308888888888885,0.68801912,91.49
2030,5920,0.402458,0.30160222222222227,0.704650939,114.6
2030,5921,0.484331,0.1691133333333333,0.680170092,179.9
2030,5922,0.581375,0.0685388888888889,0.666356921,334.59
2030,5923,0.653679,0.0,0.671751872,340.0
2030,5924,0.719216,0.0,0.648867188,206.8
2030,5925,0.779136,0.0,0.606658121,132.47
2030,5926,0.828287,0.0,0.567007336,117.32
2030,5927,0.852137,0.0,0.523661512,108.2
2030,5928,0.85771,0.0,0.503410364,100.39
2030,5929,0.849573,0.0,0.540228498,98.1
2030,5930,0.806797,0.0,0.535278056,98.13
2030,5931,0.773856,0.0,0.535608337,96.6
2030,5932,0.774535,0.0,0.549051149,106.66
2030,5933,0.796406,0.0,0.591094227,139.4
2030,5934,0.816585,0.09541222222222222,0.60205616,174.33
2030,5935,0.816478,0.19469666666666666,0.637967415,152.58
2030,5936,0.83768,0.3108666666666666,0.65361738,124.84
2030,5937,0.843439,0.5719033333333332,0.652427459,107.21
2030,5938,0.865254,0.7884733333333332,0.666873325,95.77
2030,5939,0.914128,0.8392744444444444,0.673975509,91.89
2030,5940,0.949496,0.8001055555555556,0.691380468,90.37
2030,5941,0.961925,0.7478477777777778,0.711023084,89.25
2030,5942,0.966787,0.7542977777777778,0.710619639,92.64
2030,5943,0.973209,0.7789166666666666,0.710914942,100.45
2030,5944,0.98472,0.7170899999999999,0.737558122,121.62
2030,5945,0.987314,0.5411055555555555,0.716872181,153.43
2030,5946,0.986388,0.23965666666666666,0.699595843,303.0
2030,5947,0.984466,0.0006944444444444445,0.685909084,181.95
2030,5948,0.984002,0.0,0.650674623,129.88
2030,5949,0.986188,0.0,0.609678064,108.97
2030,5950,0.985227,0.0,0.57118133,99.89
2030,5951,0.978925,0.0,0.528026831,101.27
2030,5952,0.968384,0.0,0.507077618,94.6
2030,5953,0.961095,0.0,0.544782037,90.0
2030,5954,0.95379,0.0,0.539720028,87.11
2030,5955,0.951895,0.0,0.540248177,80.57
2030,5956,0.959943,0.0,0.554380284,84.3
2030,5957,0.972182,0.0,0.597420837,106.76
2030,5958,0.980715,0.002777777777777778,0.608580825,113.6
2030,5959,0.98761,0.020063333333333332,0.644535238,119.04
2030,5960,0.989104,0.05931888888888888,0.659830314,97.68
2030,5961,0.985989,0.12481666666666666,0.660203003,97.0
2030,5962,0.976177,0.27035222222222227,0.666665067,55.1
2030,5963,0.95684,0.26363222222222216,0.663462675,3.69
2030,5964,0.923961,0.2076511111111111,0.668226604,-13.39
2030,5965,0.89846,0.12316444444444444,0.683324195,-21.0
2030,5966,0.890409,0.07858,0.685652064,-10.1
2030,5967,0.882814,0.044844444444444444,0.68187401,-10.0
2030,5968,0.882215,0.022864444444444444,0.704369528,66.7
2030,5969,0.894586,0.010077777777777778,0.684328824,84.13
2030,5970,0.942079,0.0011666666666666668,0.675420543,107.52
2030,5971,0.976403,0.0,0.677513365,120.0
2030,5972,0.986334,0.0,0.654341008,109.65
2030,5973,0.988532,0.0,0.609346028,87.7
2030,5974,0.987729,0.0,0.569789405,87.92
2030,5975,0.984159,0.0,0.527614827,68.7
2030,5976,0.986132,0.0,0.50726839,60.25
2030,5977,0.98821,0.0,0.543248783,50.06
2030,5978,0.98732,0.0,0.538009716,48.83
2030,5979,0.984653,0.0,0.538407118,58.0
2030,5980,0.986349,0.0,0.551787658,70.0
2030,5981,0.989099,0.0,0.594202286,93.29
2030,5982,0.988125,0.04369111111111111,0.603509149,118.25
2030,5983,0.983183,0.17040444444444444,0.641853458,120.07
2030,5984,0.973992,0.22804,0.664359644,99.76
2030,5985,0.961084,0.29386111111111113,0.668728119,77.75
2030,5986,0.94143,0.3434355555555556,0.681521883,29.9
2030,5987,0.925094,0.37727,0.685320348,3.78
2030,5988,0.918775,0.4557555555555555,0.691828771,12.48
2030,5989,0.921527,0.4152944444444444,0.700618244,32.8
2030,5990,0.924493,0.3254511111111111,0.687567203,65.17
2030,5991,0.923669,0.24809777777777778,0.676643801,76.07
2030,5992,0.918259,0.18987888888888887,0.69903195,95.0
2030,5993,0.912971,0.06994666666666666,0.681384113,100.16
2030,5994,0.909372,0.021996666666666668,0.670752869,129.3
2030,5995,0.916876,0.0,0.668846973,134.47
2030,5996,0.924171,0.0,0.636448781,101.0
2030,5997,0.934078,0.0,0.594102475,95.5
2030,5998,0.945105,0.0,0.560026354,92.91
2030,5999,0.958452,0.0,0.521288546,102.3
2030,6000,0.961488,0.0,0.500378129,96.61
2030,6001,0.962484,0.0,0.476096298,94.73
2030,6002,0.962409,0.0,0.468920928,92.41
2030,6003,0.961429,0.0,0.465828035,94.4
2030,6004,0.957533,0.0,0.471475894,97.35
2030,6005,0.948341,0.0,0.492713793,100.26
2030,6006,0.937546,0.004878888888888889,0.508286137,102.55
2030,6007,0.925097,0.045169999999999995,0.518676342,95.04
2030,6008,0.913211,0.09555333333333334,0.531745479,92.0
2030,6009,0.906374,0.1612388888888889,0.540416155,51.52
2030,6010,0.901227,0.2248333333333333,0.538267578,14.24
2030,6011,0.895105,0.2968388888888888,0.526972387,5.48
2030,6012,0.894749,0.3763411111111111,0.527351764,1.02
2030,6013,0.888845,0.30270444444444444,0.519473254,0.44
2030,6014,0.870881,0.26884444444444444,0.519495186,8.28
2030,6015,0.846204,0.23417444444444444,0.530157592,47.65
2030,6016,0.802252,0.1501811111111111,0.552910344,96.67
2030,6017,0.731159,0.10496333333333333,0.555168174,124.52
2030,6018,0.665929,0.03547,0.56445066,150.44
2030,6019,0.624431,0.0,0.576678753,131.13
2030,6020,0.598678,0.0,0.565783895,101.44
2030,6021,0.599465,0.0,0.538027495,91.85
2030,6022,0.625144,0.0,0.513509465,89.29
2030,6023,0.637743,0.0,0.488521304,93.91
2030,6024,0.616883,0.0,0.470463991,89.53
2030,6025,0.562681,0.0,0.459695137,83.68
2030,6026,0.487527,0.0,0.453131406,82.0
2030,6027,0.412522,0.0,0.450109403,82.39
2030,6028,0.336239,0.0,0.453924759,85.1
2030,6029,0.273552,0.0,0.468809695,83.36
2030,6030,0.251611,0.005024444444444444,0.473368999,82.07
2030,6031,0.26393,0.18893555555555555,0.46992338,76.73
2030,6032,0.30129,0.5710799999999999,0.47427146,37.87
2030,6033,0.355744,0.6847855555555554,0.478024588,8.29
2030,6034,0.385361,0.6695377777777778,0.483298331,0.44
2030,6035,0.404534,0.7222722222222221,0.4824289,0.04
2030,6036,0.43039,0.7569455555555554,0.491366047,-0.02
2030,6037,0.451524,0.7414166666666666,0.490433346,-2.69
2030,6038,0.458932,0.6832133333333333,0.492491913,0.06
2030,6039,0.44086,0.43577666666666665,0.506143552,54.5
2030,6040,0.403464,0.14274666666666666,0.532404473,85.9
2030,6041,0.377822,0.06093888888888888,0.545359648,107.83
2030,6042,0.389018,0.020817777777777775,0.562742281,116.99
2030,6043,0.440839,0.0,0.583798497,124.31
2030,6044,0.477524,0.0,0.577647187,111.69
2030,6045,0.484323,0.0,0.549967688,102.29
2030,6046,0.483043,0.0,0.521139606,95.19
2030,6047,0.45899,0.0,0.49020727,85.31
2030,6048,0.422296,0.0,0.473543612,85.76
2030,6049,0.407513,0.0,0.526080475,79.39
2030,6050,0.413013,0.0,0.523298122,91.14
2030,6051,0.443577,0.0,0.525541365,85.59
2030,6052,0.474326,0.0,0.541375896,85.31
2030,6053,0.531208,0.0,0.586198964,113.43
2030,6054,0.588777,0.021622222222222223,0.596576752,143.87
2030,6055,0.616411,0.10048222222222222,0.637055383,163.97
2030,6056,0.621817,0.18968555555555555,0.650500389,124.5
2030,6057,0.638518,0.4490877777777777,0.645853863,107.6
2030,6058,0.717256,0.6573855555555556,0.656043661,96.75
2030,6059,0.787158,0.5178922222222223,0.65637803,86.29
2030,6060,0.815521,0.4036333333333333,0.667869551,82.91
2030,6061,0.804089,0.3352477777777778,0.680241895,73.61
2030,6062,0.808351,0.19750555555555552,0.683770378,75.99
2030,6063,0.836981,0.12930333333333335,0.686522404,67.27
2030,6064,0.844817,0.12548222222222222,0.708236427,78.49
2030,6065,0.816559,0.07485,0.686165167,110.0
2030,6066,0.772977,0.010025555555555555,0.672607852,115.18
2030,6067,0.748041,0.0,0.678167808,112.0
2030,6068,0.726294,0.0,0.650147113,96.13
2030,6069,0.708425,0.0,0.607801881,88.0
2030,6070,0.696233,0.0,0.568003781,79.93
2030,6071,0.680448,0.0,0.525614708,69.0
2030,6072,0.734873,0.0,0.505280042,72.0
2030,6073,0.738258,0.0,0.543453568,61.4
2030,6074,0.739216,0.0,0.538643165,67.64
2030,6075,0.728728,0.0,0.539518233,65.33
2030,6076,0.726401,0.0,0.553396321,77.35
2030,6077,0.777001,0.0,0.597028048,98.42
2030,6078,0.829119,0.009974444444444444,0.606798873,125.44
2030,6079,0.835467,0.04896888888888889,0.646566129,110.43
2030,6080,0.843443,0.1563022222222222,0.661780093,76.01
2030,6081,0.876113,0.3675255555555556,0.66069271,40.37
2030,6082,0.876015,0.60196,0.670792717,7.86
2030,6083,0.881125,0.6089977777777777,0.671260601,-0.63
2030,6084,0.867723,0.55576,0.679205502,0.16
2030,6085,0.833847,0.36906111111111106,0.694815497,-1.06
2030,6086,0.827108,0.2417688888888889,0.699374318,-1.83
2030,6087,0.812896,0.24252444444444446,0.697936348,0.0
2030,6088,0.808681,0.23843555555555554,0.717725074,23.26
2030,6089,0.829729,0.1641211111111111,0.695623079,80.74
2030,6090,0.844846,0.07487333333333332,0.682213956,99.9
2030,6091,0.8599,0.0,0.688603836,119.6
2030,6092,0.890666,0.0,0.661652108,126.3
2030,6093,0.915543,0.0,0.618895467,94.0
2030,6094,0.931053,0.0,0.578310536,74.9
2030,6095,0.936212,0.0,0.534023004,50.0
2030,6096,0.931782,0.0,0.51284926,40.0
2030,6097,0.93173,0.0,0.550453765,39.84
2030,6098,0.935501,0.0,0.545241105,33.96
2030,6099,0.943549,0.0,0.545046315,40.0
2030,6100,0.942306,0.0,0.558392869,48.48
2030,6101,0.948922,0.0,0.601174172,100.5
2030,6102,0.976559,0.006303333333333333,0.610214991,103.5
2030,6103,0.988578,0.11545666666666665,0.649465816,110.1
2030,6104,0.987598,0.32246,0.667489238,97.45
2030,6105,0.979727,0.34818111111111105,0.671776422,76.58
2030,6106,0.975719,0.34995888888888893,0.681988645,43.68
2030,6107,0.969225,0.4290144444444444,0.684334449,31.91
2030,6108,0.947936,0.5192144444444444,0.696273762,20.0
2030,6109,0.924248,0.49688666666666664,0.716062299,2.02
2030,6110,0.930554,0.5690977777777778,0.720459703,55.1
2030,6111,0.954661,0.6352755555555556,0.718771383,69.91
2030,6112,0.974087,0.5876333333333333,0.739268416,98.79
2030,6113,0.981165,0.4454944444444444,0.711943202,113.89
2030,6114,0.986459,0.19731,0.696508844,141.18
2030,6115,0.989062,0.0,0.688849091,136.31
2030,6116,0.988068,0.0,0.654473316,114.0
2030,6117,0.987019,0.0,0.612090703,102.56
2030,6118,0.986316,0.0,0.572321664,101.08
2030,6119,0.985252,0.0,0.530116787,87.68
2030,6120,0.979823,0.0,0.508319072,81.87
2030,6121,0.97543,0.0,0.559904661,82.84
2030,6122,0.975842,0.0,0.555175502,80.76
2030,6123,0.971706,0.0,0.555549887,80.51
2030,6124,0.961544,0.0,0.568597048,84.6
2030,6125,0.956866,0.0,0.611064162,105.51
2030,6126,0.957812,0.01468,0.619582333,133.55
2030,6127,0.95888,0.10337666666666667,0.659827619,134.88
2030,6128,0.956922,0.37907222222222225,0.683316743,103.43
2030,6129,0.950739,0.6731555555555556,0.689365753,85.03
2030,6130,0.938954,0.7822744444444445,0.702431681,77.99
2030,6131,0.925441,0.8351455555555555,0.696400184,77.14
2030,6132,0.921813,0.8386566666666667,0.705284376,75.8
2030,6133,0.92726,0.8610277777777778,0.708838066,76.0
2030,6134,0.936195,0.8517977777777778,0.701003114,77.04
2030,6135,0.946188,0.805691111111111,0.693292004,89.75
2030,6136,0.9538,0.7197233333333333,0.715632063,100.0
2030,6137,0.958229,0.5502066666666666,0.699522773,112.1
2030,6138,0.959946,0.2249511111111111,0.688942477,196.0
2030,6139,0.956331,0.0,0.701433516,196.16
2030,6140,0.953801,0.0,0.672692327,117.08
2030,6141,0.956358,0.0,0.627674866,99.08
2030,6142,0.962894,0.0,0.587789564,91.78
2030,6143,0.97137,0.0,0.546385966,99.73
2030,6144,0.975938,0.0,0.526281687,90.52
2030,6145,0.976001,0.0,0.568625823,84.97
2030,6146,0.976677,0.0,0.564195679,82.37
2030,6147,0.974906,0.0,0.565089873,79.78
2030,6148,0.972548,0.0,0.578780738,85.98
2030,6149,0.965073,0.0,0.621658101,99.1
2030,6150,0.951451,0.06725333333333333,0.631285626,119.55
2030,6151,0.927264,0.47274,0.66823427,131.6
2030,6152,0.901566,0.6912366666666666,0.677961146,90.4
2030,6153,0.87203,0.7771588888888888,0.669837654,99.18
2030,6154,0.838786,0.8147333333333334,0.674349169,91.15
2030,6155,0.821934,0.8352266666666667,0.668973694,45.0
2030,6156,0.814732,0.8196633333333333,0.673979636,48.0
2030,6157,0.803709,0.8370688888888889,0.68878209,10.0
2030,6158,0.784333,0.8241744444444444,0.691611189,49.91
2030,6159,0.75276,0.7836366666666666,0.691911626,66.71
2030,6160,0.721682,0.7086155555555556,0.716765392,72.98
2030,6161,0.691211,0.5582944444444444,0.699991368,95.83
2030,6162,0.678435,0.2578566666666667,0.687108739,100.1
2030,6163,0.69112,0.0,0.69237572,109.9
2030,6164,0.717484,0.0,0.659456801,103.4
2030,6165,0.753681,0.0,0.616608954,89.99
2030,6166,0.779958,0.0,0.581453285,95.32
2030,6167,0.764916,0.0,0.54286768,119.7
2030,6168,0.738741,0.0,0.522326124,107.6
2030,6169,0.68464,0.0,0.499550829,100.2
2030,6170,0.60949,0.0,0.493237495,92.8
2030,6171,0.508473,0.0,0.491135812,81.0
2030,6172,0.389984,0.0,0.496943761,73.11
2030,6173,0.27563,0.0,0.519260581,83.1
2030,6174,0.204664,0.04044333333333334,0.534493902,112.9
2030,6175,0.156226,0.40839777777777775,0.545791216,111.0
2030,6176,0.120649,0.6101999999999999,0.554411039,105.0
2030,6177,0.095812,0.6724188888888888,0.556585813,49.9
2030,6178,0.083104,0.6763844444444445,0.556112484,8.15
2030,6179,0.074223,0.67037,0.543647361,1.11
2030,6180,0.057919,0.6700722222222223,0.543356511,0.25
2030,6181,0.041838,0.740771111111111,0.542379364,-0.14
2030,6182,0.029443,0.7709366666666666,0.548284238,0.54
2030,6183,0.018659,0.7350033333333333,0.563131292,10.33
2030,6184,0.017618,0.6479477777777778,0.581349669,65.09
2030,6185,0.040467,0.42071,0.58100262,100.86
2030,6186,0.09547,0.1570622222222222,0.591869168,126.58
2030,6187,0.150558,0.0,0.608471427,121.71
2030,6188,0.196902,0.0,0.590799395,109.9
2030,6189,0.237428,0.0,0.562640557,93.75
2030,6190,0.26636,0.0,0.537063011,89.9
2030,6191,0.280303,0.0,0.512217661,81.77
2030,6192,0.296602,0.0,0.494569756,79.9
2030,6193,0.319015,0.0,0.48297163,73.28
2030,6194,0.334142,0.0,0.478154897,75.76
2030,6195,0.334994,0.0,0.476326631,71.32
2030,6196,0.341681,0.0,0.481136616,72.6
2030,6197,0.37912,0.0,0.497723019,75.94
2030,6198,0.438146,0.00795,0.502865893,99.9
2030,6199,0.484861,0.17350333333333334,0.502902413,106.0
2030,6200,0.53789,0.45540555555555556,0.503269545,54.07
2030,6201,0.596739,0.6174611111111111,0.506795597,10.92
2030,6202,0.641205,0.6240388888888888,0.505849685,0.07
2030,6203,0.670361,0.63595,0.504023071,0.0
2030,6204,0.655592,0.5947033333333333,0.50939971,-0.01
2030,6205,0.600323,0.4472011111111111,0.505890886,-0.4
2030,6206,0.572787,0.3697711111111111,0.513348815,-0.2
2030,6207,0.582775,0.354311111111111,0.519329613,19.25
2030,6208,0.596113,0.42481555555555556,0.551094163,82.25
2030,6209,0.627648,0.2729255555555556,0.564783172,109.2
2030,6210,0.655569,0.07255222222222223,0.584496323,130.5
2030,6211,0.654648,0.0,0.605803947,126.78
2030,6212,0.630115,0.0,0.589936682,110.79
2030,6213,0.595938,0.0,0.561215635,104.21
2030,6214,0.605056,0.0,0.530876386,92.6
2030,6215,0.670707,0.0,0.501496365,92.99
2030,6216,0.716431,0.0,0.486009482,81.59
2030,6217,0.741074,0.0,0.542600104,78.48
2030,6218,0.74267,0.0,0.542003359,82.42
2030,6219,0.754033,0.0,0.546152154,79.3
2030,6220,0.728707,0.0,0.562708215,80.1
2030,6221,0.698196,0.0,0.608921192,108.0
2030,6222,0.726837,0.0014177777777777778,0.620219012,128.14
2030,6223,0.763193,0.04945,0.662799344,146.06
2030,6224,0.78905,0.2544622222222222,0.678214223,126.4
2030,6225,0.825638,0.4441877777777778,0.674851948,104.6
2030,6226,0.84611,0.46683888888888886,0.681654906,95.25
2030,6227,0.875803,0.34506555555555557,0.673406813,84.42
2030,6228,0.886252,0.20638222222222222,0.676171484,74.33
2030,6229,0.881173,0.07681111111111111,0.69107878,64.68
2030,6230,0.888663,0.06527333333333335,0.69182393,59.54
2030,6231,0.905499,0.05814555555555556,0.693960073,60.25
2030,6232,0.911439,0.040585555555555555,0.721721127,79.17
2030,6233,0.911681,0.01680777777777778,0.7011675,101.66
2030,6234,0.902211,0.00153,0.694743925,108.8
2030,6235,0.882496,0.0,0.703297751,109.01
2030,6236,0.833667,0.0,0.671177044,90.1
2030,6237,0.756671,0.0,0.628397358,78.81
2030,6238,0.665141,0.0,0.58828961,75.0
2030,6239,0.572787,0.0,0.547029692,85.54
2030,6240,0.466832,0.0,0.529480999,82.3
2030,6241,0.366102,0.0,0.574630661,78.7
2030,6242,0.323351,0.0,0.572451781,77.2
2030,6243,0.308337,0.0,0.575906945,73.0
2030,6244,0.299391,0.0,0.592554296,76.93
2030,6245,0.312583,0.0,0.639095596,94.89
2030,6246,0.323906,0.0010866666666666668,0.652421292,127.44
2030,6247,0.332785,0.053947777777777775,0.691799406,129.19
2030,6248,0.35937,0.09691666666666665,0.693139869,98.19
2030,6249,0.395799,0.12699222222222223,0.678695952,79.9
2030,6250,0.395157,0.18087555555555554,0.680125057,67.46
2030,6251,0.363455,0.25602555555555556,0.670818661,48.67
2030,6252,0.32888,0.4158788888888889,0.675373773,28.0
2030,6253,0.294903,0.398,0.689542453,7.45
2030,6254,0.266509,0.45251111111111103,0.69751294,28.6
2030,6255,0.239035,0.5163577777777777,0.697714723,59.98
2030,6256,0.215808,0.5052344444444444,0.725355952,78.86
2030,6257,0.193117,0.3112222222222223,0.710196077,111.4
2030,6258,0.168763,0.09501777777777777,0.700633459,130.56
2030,6259,0.134969,0.0,0.714424888,109.9
2030,6260,0.103256,0.0,0.68557248,94.9
2030,6261,0.075402,0.0,0.643411993,87.19
2030,6262,0.062661,0.0,0.602555652,82.63
2030,6263,0.06494199999999999,0.0,0.560698242,78.05
2030,6264,0.08311,0.0,0.542106074,77.32
2030,6265,0.120005,0.0,0.579749513,78.05
2030,6266,0.160972,0.0,0.577967187,77.01
2030,6267,0.198868,0.0,0.58091747,74.65
2030,6268,0.277033,0.0,0.597063126,83.22
2030,6269,0.355793,0.0,0.643357792,99.9
2030,6270,0.37484,0.013507777777777778,0.655445252,138.92
2030,6271,0.486933,0.3529922222222222,0.696390994,131.78
2030,6272,0.570104,0.6054188888888887,0.701462788,98.55
2030,6273,0.59355,0.705232222222222,0.690352788,77.79
2030,6274,0.619984,0.7615833333333333,0.69204878,47.82
2030,6275,0.625613,0.8009033333333333,0.689024725,5.49
2030,6276,0.619573,0.8042977777777778,0.693198816,0.0
2030,6277,0.616411,0.8301466666666665,0.700470749,-0.07
2030,6278,0.576976,0.8233055555555555,0.697688145,0.69
2030,6279,0.5206280000000001,0.79315,0.696826228,34.87
2030,6280,0.493832,0.7243566666666666,0.724800405,79.12
2030,6281,0.496546,0.56966,0.707913569,109.67
2030,6282,0.535147,0.2100711111111111,0.699497069,129.92
2030,6283,0.621525,0.0,0.713262709,108.24
2030,6284,0.711813,0.0,0.682942038,88.72
2030,6285,0.755974,0.0,0.640730289,82.53
2030,6286,0.774773,0.0,0.600349205,73.79
2030,6287,0.788686,0.0,0.559002701,75.85
2030,6288,0.775418,0.0,0.5397108,76.09
2030,6289,0.762038,0.0,0.576748513,86.07
2030,6290,0.751515,0.0,0.574604536,88.74
2030,6291,0.73559,0.0,0.577656211,81.0
2030,6292,0.740526,0.0,0.593592247,88.25
2030,6293,0.764148,0.0,0.64004207,111.55
2030,6294,0.799514,0.0007566666666666668,0.652333484,141.62
2030,6295,0.813469,0.12195444444444445,0.69379817,123.7
2030,6296,0.822476,0.40853000000000006,0.695601291,97.28
2030,6297,0.866577,0.5966555555555556,0.68174243,74.81
2030,6298,0.86443,0.6388566666666666,0.682752018,45.76
2030,6299,0.854501,0.6448344444444445,0.674976267,4.97
2030,6300,0.854073,0.5557755555555556,0.680099628,-0.07
2030,6301,0.857227,0.5324322222222223,0.692687875,-0.09
2030,6302,0.855132,0.5027488888888889,0.695521797,9.0
2030,6303,0.85084,0.4170288888888889,0.698354099,51.21
2030,6304,0.848949,0.3422111111111111,0.723728622,90.83
2030,6305,0.844852,0.23012888888888888,0.709886983,114.01
2030,6306,0.841601,0.06067444444444444,0.70227188,133.94
2030,6307,0.8522,0.0,0.718071952,113.5
2030,6308,0.864477,0.0,0.684480935,91.06
2030,6309,0.864037,0.0,0.639262141,88.97
2030,6310,0.871991,0.0,0.597694624,78.87
2030,6311,0.874427,0.0,0.555322725,72.38
2030,6312,0.876092,0.0,0.53550799,74.04
2030,6313,0.87992,0.0,0.568665993,73.42
2030,6314,0.881574,0.0,0.565026236,69.97
2030,6315,0.879701,0.0,0.567099704,73.0
2030,6316,0.880023,0.0,0.581968857,79.27
2030,6317,0.866953,0.0,0.627313812,108.64
2030,6318,0.847113,0.0,0.6362206,141.45
2030,6319,0.833655,0.018235555555555557,0.679651151,108.7
2030,6320,0.812049,0.048472222222222215,0.692897773,88.92
2030,6321,0.791489,0.08756,0.686597446,62.05
2030,6322,0.776503,0.14609111111111112,0.690454533,24.69
2030,6323,0.802792,0.20848333333333333,0.681182404,8.35
2030,6324,0.836308,0.33327,0.689316016,-0.04
2030,6325,0.857818,0.2455822222222222,0.693178121,0.07
2030,6326,0.867522,0.1817033333333333,0.693273233,8.5
2030,6327,0.863571,0.14834555555555554,0.69958644,44.34
2030,6328,0.870864,0.13056222222222225,0.722672608,85.12
2030,6329,0.879656,0.09096777777777776,0.704710123,107.28
2030,6330,0.889744,0.020811111111111107,0.696328014,147.21
2030,6331,0.897827,0.0,0.698482341,109.65
2030,6332,0.900962,0.0,0.659166209,91.07
2030,6333,0.887411,0.0,0.614664981,87.8
2030,6334,0.897164,0.0,0.578148394,87.08
2030,6335,0.922788,0.0,0.538785936,88.29
2030,6336,0.932879,0.0,0.518406501,85.3
2030,6337,0.93239,0.0,0.490825688,82.0
2030,6338,0.929671,0.0,0.484373234,82.19
2030,6339,0.910018,0.0,0.482324488,86.38
2030,6340,0.866723,0.0,0.488622521,89.48
2030,6341,0.810519,0.0,0.512005087,98.07
2030,6342,0.762636,0.0016344444444444444,0.527171774,102.28
2030,6343,0.723514,0.23654555555555556,0.542603083,85.94
2030,6344,0.688377,0.5297777777777779,0.55365383,61.21
2030,6345,0.662687,0.6891244444444444,0.556902462,22.0
2030,6346,0.63012,0.7623922222222222,0.552489594,3.15
2030,6347,0.611971,0.8028866666666665,0.537843144,0.0
2030,6348,0.609114,0.7752388888888889,0.535461169,-3.36
2030,6349,0.60779,0.79227,0.53402839,-3.95
2030,6350,0.601225,0.7346411111111112,0.537824107,1.09
2030,6351,0.586359,0.6819399999999999,0.552076882,43.14
2030,6352,0.567119,0.6262644444444445,0.573511457,86.37
2030,6353,0.530322,0.39111333333333337,0.579241739,125.93
2030,6354,0.470857,0.03767555555555555,0.595404543,144.0
2030,6355,0.404457,0.0,0.609335879,113.0
2030,6356,0.361533,0.0,0.586315557,95.06
2030,6357,0.358,0.0,0.556169661,93.6
2030,6358,0.383493,0.0,0.529041396,86.72
2030,6359,0.409406,0.0,0.502418571,98.3
2030,6360,0.416875,0.0,0.484701137,90.05
2030,6361,0.395753,0.0,0.47522456,89.93
2030,6362,0.332769,0.0,0.469381802,89.56
2030,6363,0.250979,0.0,0.467376163,90.75
2030,6364,0.176151,0.0,0.472438892,91.05
2030,6365,0.124907,0.0,0.489819354,95.64
2030,6366,0.108027,3.333333333333333e-06,0.49397236,98.2
2030,6367,0.107824,0.09893111111111111,0.498639519,83.47
2030,6368,0.108651,0.32356222222222225,0.511185309,64.9
2030,6369,0.119917,0.5703777777777779,0.527994358,26.17
2030,6370,0.153853,0.7199988888888889,0.545777156,12.25
2030,6371,0.205625,0.7712555555555555,0.546466369,11.5
2030,6372,0.26014800000000005,0.7629644444444446,0.551149795,0.21
2030,6373,0.301042,0.7689744444444444,0.546259109,0.01
2030,6374,0.321346,0.7815155555555556,0.545423015,9.66
2030,6375,0.321476,0.7549522222222222,0.555844053,58.28
2030,6376,0.307895,0.6639744444444444,0.586335544,103.19
2030,6377,0.277944,0.4665922222222222,0.60040708,131.02
2030,6378,0.247601,0.08776111111111111,0.61489704,162.06
2030,6379,0.208576,0.0,0.61259315,128.0
2030,6380,0.180366,0.0,0.590586072,109.35
2030,6381,0.167273,0.0,0.559849699,98.76
2030,6382,0.164236,0.0,0.527281409,92.0
2030,6383,0.172225,0.0,0.496014042,87.3
2030,6384,0.186342,0.0,0.479602874,80.15
2030,6385,0.215093,0.0,0.531757207,81.6
2030,6386,0.261755,0.0,0.530505624,82.77
2030,6387,0.303828,0.0,0.534119084,84.03
2030,6388,0.325312,0.0,0.551030195,90.9
2030,6389,0.321491,0.0,0.59817327,130.69
2030,6390,0.305402,0.0,0.609490658,203.73
2030,6391,0.269812,0.08917555555555555,0.654811753,151.33
2030,6392,0.192039,0.20808333333333334,0.676941149,109.99
2030,6393,0.118071,0.3559455555555555,0.677243901,96.9
2030,6394,0.0831,0.5417588888888888,0.687614669,80.16
2030,6395,0.074212,0.6932666666666667,0.687257212,78.94
2030,6396,0.072839,0.7443655555555555,0.688093273,73.0
2030,6397,0.067539,0.7786633333333333,0.701597624,70.42
2030,6398,0.053469,0.7830355555555555,0.704717031,69.53
2030,6399,0.03731,0.7516611111111111,0.703080937,90.54
2030,6400,0.024367,0.6406877777777777,0.72645057,118.24
2030,6401,0.01427,0.3718166666666667,0.70641582,205.51
2030,6402,0.006445,0.05237000000000001,0.704689703,283.29
2030,6403,0.002818,0.0,0.704297657,167.99
2030,6404,0.002544,0.0,0.666484287,108.87
2030,6405,0.007241,0.0,0.621298629,90.84
2030,6406,0.015465,0.0,0.578813943,84.49
2030,6407,0.031325,0.0,0.537402922,82.9
2030,6408,0.061254,0.0,0.51819443,77.25
2030,6409,0.104745,0.0,0.560300198,76.8
2030,6410,0.156985,0.0,0.557300116,77.0
2030,6411,0.210929,0.0,0.559842504,72.11
2030,6412,0.249819,0.0,0.57512473,79.7
2030,6413,0.270921,0.0,0.621490485,101.7
2030,6414,0.282645,0.0,0.632363969,138.99
2030,6415,0.289766,0.1613711111111111,0.676814135,127.4
2030,6416,0.268361,0.44114555555555557,0.689440093,100.07
2030,6417,0.246065,0.6237477777777779,0.682615216,85.62
2030,6418,0.263339,0.7289566666666667,0.688239191,78.38
2030,6419,0.292063,0.7681888888888888,0.682655656,69.22
2030,6420,0.323995,0.7616822222222223,0.682664479,60.88
2030,6421,0.339119,0.765021111111111,0.695933949,55.11
2030,6422,0.333472,0.7416122222222222,0.702621955,68.0
2030,6423,0.32865,0.6730255555555554,0.703668839,76.93
2030,6424,0.316095,0.4882877777777777,0.72929563,92.38
2030,6425,0.320866,0.22752222222222224,0.710286994,113.64
2030,6426,0.357615,0.02418333333333333,0.704399277,124.69
2030,6427,0.40926,0.0,0.712370244,102.28
2030,6428,0.465283,0.0,0.677127051,80.5
2030,6429,0.492647,0.0,0.633494714,76.51
2030,6430,0.495488,0.0,0.590897566,67.0
2030,6431,0.462564,0.0,0.548537072,62.18
2030,6432,0.404256,0.0,0.528683661,77.0
2030,6433,0.383223,0.0,0.56868501,69.0
2030,6434,0.400306,0.0,0.564511709,56.8
2030,6435,0.463722,0.0,0.566588114,73.27
2030,6436,0.547916,0.0,0.582881106,68.77
2030,6437,0.609001,0.0,0.628152579,83.2
2030,6438,0.644432,0.0,0.639343853,95.53
2030,6439,0.639805,0.05677666666666666,0.685328182,100.39
2030,6440,0.598671,0.1798533333333333,0.694594345,101.5
2030,6441,0.58412,0.4839266666666666,0.686296891,97.0
2030,6442,0.636176,0.7066611111111112,0.687104177,85.1
2030,6443,0.72492,0.7497522222222223,0.681106154,85.55
2030,6444,0.709568,0.6943522222222223,0.686144904,76.0
2030,6445,0.662711,0.4326777777777778,0.698894893,85.0
2030,6446,0.596122,0.2065511111111111,0.701178452,79.82
2030,6447,0.46464,0.1525622222222222,0.698370158,97.58
2030,6448,0.32976,0.17757777777777775,0.723598724,118.74
2030,6449,0.224505,0.1453388888888889,0.710560189,174.08
2030,6450,0.14043,0.014633333333333332,0.704518709,199.39
2030,6451,0.072055,0.0,0.716526541,131.84
2030,6452,0.035075,0.0,0.680830617,103.5
2030,6453,0.026751,0.0,0.637861108,98.0
2030,6454,0.030691,0.0,0.596113709,88.94
2030,6455,0.04263,0.0,0.553820745,58.52
2030,6456,0.063086,0.0,0.533664959,50.82
2030,6457,0.082254,0.0,0.575622094,45.86
2030,6458,0.09395,0.0,0.573157071,43.07
2030,6459,0.11409,0.0,0.576363709,39.17
2030,6460,0.135667,0.0,0.592470612,43.4
2030,6461,0.147931,0.0,0.638515001,66.15
2030,6462,0.148468,0.0,0.648899516,85.2
2030,6463,0.146302,0.1805822222222222,0.694631345,83.4
2030,6464,0.133923,0.5250233333333333,0.703202411,64.98
2030,6465,0.131755,0.6880166666666666,0.690750066,45.96
2030,6466,0.13436,0.7496688888888888,0.690299324,31.62
2030,6467,0.13100399999999998,0.78563,0.684816861,17.0
2030,6468,0.127528,0.7787288888888888,0.687220663,11.9
2030,6469,0.118856,0.7877222222222222,0.69821444,11.6
2030,6470,0.103845,0.76806,0.700263636,30.41
2030,6471,0.078748,0.7109377777777778,0.701162088,47.0
2030,6472,0.051897,0.5950377777777778,0.727225831,63.68
2030,6473,0.030001,0.37448888888888887,0.717155854,80.0
2030,6474,0.015842,0.03891555555555555,0.712751886,95.1
2030,6475,0.011378,0.0,0.725118602,82.14
2030,6476,0.015159,0.0,0.688250513,61.04
2030,6477,0.03314,0.0,0.642843315,52.29
2030,6478,0.056732,0.0,0.601386202,36.3
2030,6479,0.082552,0.0,0.561145952,0.05
2030,6480,0.106518,0.0,0.540483896,-0.11
2030,6481,0.128145,0.0,0.575647103,-1.02
2030,6482,0.149873,0.0,0.570908354,-0.59
2030,6483,0.178547,0.0,0.572772534,-5.85
2030,6484,0.202084,0.0,0.586951792,-1.84
2030,6485,0.217136,0.0,0.63127709,0.42
2030,6486,0.229673,0.0,0.639708009,25.42
2030,6487,0.238967,0.20251888888888886,0.686621842,40.54
2030,6488,0.207894,0.5143133333333333,0.696934026,7.78
2030,6489,0.158885,0.6753611111111113,0.688419275,0.0
2030,6490,0.16282,0.7429233333333333,0.690693227,-1.62
2030,6491,0.196937,0.7789077777777779,0.68623511,0.0
2030,6492,0.199132,0.7748233333333333,0.691669071,0.3
2030,6493,0.183394,0.7956233333333333,0.705288734,3.88
2030,6494,0.165791,0.7785822222222222,0.701832173,4.93
2030,6495,0.164348,0.7345188888888888,0.705275802,18.3
2030,6496,0.186252,0.6098366666666666,0.730033228,52.97
2030,6497,0.253511,0.3935788888888889,0.717587322,72.5
2030,6498,0.368659,0.031529999999999996,0.710396557,78.96
2030,6499,0.490665,0.0,0.708763492,72.73
2030,6500,0.579646,0.0,0.667974644,44.72
2030,6501,0.625162,0.0,0.62362523,42.5
2030,6502,0.629046,0.0,0.587223258,25.2
2030,6503,0.596111,0.0,0.548762632,1.77
2030,6504,0.53032,0.0,0.527250917,3.03
2030,6505,0.450357,0.0,0.505747947,3.29
2030,6506,0.378589,0.0,0.49804754,3.16
2030,6507,0.327021,0.0,0.494978323,3.27
2030,6508,0.284552,0.0,0.500080408,4.15
2030,6509,0.261743,0.0,0.521683808,11.96
2030,6510,0.26176299999999997,0.0,0.53548826,39.9
2030,6511,0.274406,0.19021666666666665,0.553665848,42.01
2030,6512,0.250576,0.5056288888888889,0.571723667,35.17
2030,6513,0.21918,0.6713566666666666,0.58209974,9.83
2030,6514,0.222344,0.752901111111111,0.58576721,3.82
2030,6515,0.269777,0.7871111111111112,0.573687719,0.66
2030,6516,0.327371,0.7827288888888888,0.567828014,0.0
2030,6517,0.361193,0.7992766666666666,0.560658246,0.0
2030,6518,0.345812,0.7844988888888887,0.563961417,0.06
2030,6519,0.29736,0.7446455555555556,0.571180667,9.83
2030,6520,0.25946699999999995,0.6478,0.59156112,75.0
2030,6521,0.25670499999999996,0.4388433333333333,0.600326393,105.2
2030,6522,0.292509,0.03142777777777778,0.621317485,144.77
2030,6523,0.350484,0.0,0.630203057,141.98
2030,6524,0.407165,0.0,0.605360429,105.5
2030,6525,0.45034,0.0,0.573748375,94.5
2030,6526,0.486545,0.0,0.544730563,90.22
2030,6527,0.499486,0.0,0.516589033,107.4
2030,6528,0.477537,0.0,0.497428945,111.0
2030,6529,0.436591,0.0,0.481385626,82.0
2030,6530,0.38459,0.0,0.474504179,99.3
2030,6531,0.341633,0.0,0.471875235,99.97
2030,6532,0.305556,0.0,0.476522593,84.9
2030,6533,0.285488,0.0,0.493890257,75.1
2030,6534,0.278503,0.0,0.498087823,98.0
2030,6535,0.266751,0.17635555555555554,0.504499834,94.43
2030,6536,0.212193,0.4717577777777777,0.521914688,54.43
2030,6537,0.156177,0.6594066666666666,0.545473993,1.33
2030,6538,0.132121,0.7551666666666667,0.558098256,0.0
2030,6539,0.147876,0.7984911111111113,0.555811876,-0.01
2030,6540,0.175733,0.7995766666666667,0.563186367,-0.5
2030,6541,0.190101,0.8068733333333333,0.556969226,-0.45
2030,6542,0.172508,0.7876444444444444,0.553273103,0.0
2030,6543,0.141491,0.74235,0.562286189,42.63
2030,6544,0.116248,0.64505,0.58429211,96.61
2030,6545,0.10097,0.43044,0.610754095,150.6
2030,6546,0.090759,0.024471111111111107,0.627089386,166.16
2030,6547,0.085112,0.0,0.62391486,109.09
2030,6548,0.078587,0.0,0.600864892,79.64
2030,6549,0.07014,0.0,0.569219279,65.0
2030,6550,0.068155,0.0,0.535718365,37.36
2030,6551,0.067688,0.0,0.503921709,18.57
2030,6552,0.063394,0.0,0.486671152,10.82
2030,6553,0.060521,0.0,0.530362045,8.08
2030,6554,0.060157,0.0,0.52957822,5.23
2030,6555,0.060708,0.0,0.534196125,5.8
2030,6556,0.052122,0.0,0.553068087,17.32
2030,6557,0.036309,0.0,0.603098104,46.4
2030,6558,0.021645,0.0,0.626075363,83.58
2030,6559,0.012767,0.15252666666666664,0.66425972,88.91
2030,6560,0.01028,0.46438444444444443,0.682535452,63.27
2030,6561,0.012745,0.6390688888888888,0.68245146,39.09
2030,6562,0.015629,0.7254633333333333,0.702146705,18.4
2030,6563,0.018133,0.764,0.692585613,9.28
2030,6564,0.020953,0.7799144444444445,0.691565222,2.06
2030,6565,0.02024,0.77793,0.702157065,15.0
2030,6566,0.014686,0.7622766666666666,0.705787502,26.0
2030,6567,0.007974,0.7172011111111112,0.706735361,59.0
2030,6568,0.004443,0.6159577777777778,0.735447911,88.0
2030,6569,0.004865,0.39327,0.718913647,79.9
2030,6570,0.007898,0.01731,0.726406252,66.56
2030,6571,0.01069,0.0,0.716944239,50.0
2030,6572,0.015552,0.0,0.674266563,25.74
2030,6573,0.025085,0.0,0.628799591,20.86
2030,6574,0.040147,0.0,0.585868927,9.84
2030,6575,0.063686,0.0,0.543571339,3.21
2030,6576,0.090841,0.0,0.523437787,0.07
2030,6577,0.115178,0.0,0.574863564,0.05
2030,6578,0.129204,0.0,0.572383031,0.02
2030,6579,0.136248,0.0,0.575762306,0.09
2030,6580,0.131633,0.0,0.59262278,5.9
2030,6581,0.126608,0.0,0.642439601,62.8
2030,6582,0.12814099999999998,0.0,0.665632134,104.42
2030,6583,0.135585,0.1586311111111111,0.704563477,114.92
2030,6584,0.144473,0.47533555555555557,0.71329975,100.32
2030,6585,0.148124,0.64626,0.706227312,76.41
2030,6586,0.160356,0.72837,0.708530678,68.69
2030,6587,0.177141,0.7678188888888888,0.705011501,58.8
2030,6588,0.200672,0.7728066666666666,0.711396727,55.6
2030,6589,0.231873,0.7862733333333333,0.729044629,56.45
2030,6590,0.264014,0.7723766666666666,0.735499217,61.63
2030,6591,0.298488,0.7321133333333334,0.74497757,93.33
2030,6592,0.332861,0.6422088888888889,0.77055742,105.42
2030,6593,0.383231,0.42780444444444443,0.754995184,130.6
2030,6594,0.438196,0.015462222222222221,0.761162807,139.25
2030,6595,0.487679,0.0,0.746085719,119.37
2030,6596,0.542372,0.0,0.704379035,92.57
2030,6597,0.597835,0.0,0.659691007,91.45
2030,6598,0.660325,0.0,0.616558305,76.24
2030,6599,0.709368,0.0,0.572549567,85.38
2030,6600,0.727198,0.0,0.552602284,88.0
2030,6601,0.727809,0.0,0.597354935,85.6
2030,6602,0.723633,0.0,0.595055812,81.0
2030,6603,0.725237,0.0,0.598219626,78.38
2030,6604,0.718508,0.0,0.615327184,80.8
2030,6605,0.706831,0.0,0.664786333,97.65
2030,6606,0.689203,0.0,0.688987764,119.9
2030,6607,0.658387,0.03251222222222222,0.729207233,133.72
2030,6608,0.609002,0.1994277777777778,0.737112357,116.23
2030,6609,0.581811,0.42545777777777766,0.728839544,97.0
2030,6610,0.580081,0.5249266666666668,0.728272524,95.4
2030,6611,0.632576,0.5452088888888889,0.721118576,88.0
2030,6612,0.672053,0.5563622222222221,0.726632952,80.57
2030,6613,0.719139,0.5498966666666666,0.736633624,79.0
2030,6614,0.76489,0.5954044444444445,0.741787915,81.43
2030,6615,0.801402,0.6034111111111111,0.743448242,81.58
2030,6616,0.840512,0.4997211111111111,0.773529139,99.09
2030,6617,0.886025,0.2808777777777777,0.756331401,117.01
2030,6618,0.918978,0.006708888888888889,0.765469008,130.07
2030,6619,0.931423,0.0,0.7568841,114.37
2030,6620,0.932144,0.0,0.71394768,96.41
2030,6621,0.925481,0.0,0.665788486,93.42
2030,6622,0.90749,0.0,0.621267133,85.0
2030,6623,0.873222,0.0,0.576647319,66.0
2030,6624,0.819787,0.0,0.554586253,63.8
2030,6625,0.749155,0.0,0.589321071,79.9
2030,6626,0.672345,0.0,0.587115035,80.0
2030,6627,0.601238,0.0,0.59167063,80.1
2030,6628,0.527632,0.0,0.609584953,86.0
2030,6629,0.425972,0.0,0.659358791,88.67
2030,6630,0.36403,0.0,0.683856176,125.9
2030,6631,0.369883,0.028847777777777778,0.725002854,143.48
2030,6632,0.392461,0.1692955555555556,0.734456053,107.68
2030,6633,0.489537,0.43449,0.72592068,70.1
2030,6634,0.54237,0.5784711111111112,0.728454945,62.22
2030,6635,0.607594,0.6731177777777779,0.720054861,47.01
2030,6636,0.700199,0.7352011111111112,0.72496896,34.99
2030,6637,0.718436,0.7314811111111111,0.739011283,38.34
2030,6638,0.711798,0.7346333333333334,0.737845803,47.13
2030,6639,0.666583,0.6663144444444445,0.746058593,70.27
2030,6640,0.615428,0.4702,0.775057004,99.9
2030,6641,0.564715,0.21413888888888888,0.762052241,121.46
2030,6642,0.575405,0.002643333333333333,0.770106699,140.0
2030,6643,0.62162,0.0,0.749090503,123.6
2030,6644,0.684769,0.0,0.703197792,101.0
2030,6645,0.692144,0.0,0.653459838,97.62
2030,6646,0.699226,0.0,0.610451613,90.0
2030,6647,0.728954,0.0,0.567083829,75.1
2030,6648,0.775711,0.0,0.54624679,72.52
2030,6649,0.813485,0.0,0.568948793,76.6
2030,6650,0.803618,0.0,0.564257942,79.9
2030,6651,0.800635,0.0,0.565749027,72.33
2030,6652,0.815829,0.0,0.581331289,77.1
2030,6653,0.832688,0.0,0.628888418,103.0
2030,6654,0.852166,0.0,0.65009369,127.08
2030,6655,0.862344,0.0734211111111111,0.689071016,141.42
2030,6656,0.86379,0.2520777777777778,0.716989925,116.43
2030,6657,0.888671,0.4629,0.736205343,100.15
2030,6658,0.911207,0.659781111111111,0.754610824,83.98
2030,6659,0.927245,0.7324155555555555,0.754723653,74.13
2030,6660,0.939687,0.7150077777777778,0.757378426,71.44
2030,6661,0.950792,0.6956688888888888,0.763007106,72.44
2030,6662,0.955591,0.6563033333333332,0.761464298,74.98
2030,6663,0.950666,0.623092222222222,0.756390754,85.67
2030,6664,0.952916,0.40432888888888896,0.783930958,104.42
2030,6665,0.962483,0.20838666666666666,0.765857261,129.18
2030,6666,0.974335,0.0012077777777777775,0.747748406,148.0
2030,6667,0.981239,0.0,0.714945075,123.7
2030,6668,0.982662,0.0,0.669769244,99.9
2030,6669,0.986833,0.0,0.623861547,99.9
2030,6670,0.98896,0.0,0.587189032,90.0
2030,6671,0.983128,0.0,0.547878872,93.1
2030,6672,0.97225,0.0,0.526557824,84.64
2030,6673,0.958994,0.0,0.501848851,81.4
2030,6674,0.958798,0.0,0.496321332,75.54
2030,6675,0.96853,0.0,0.49609491,75.72
2030,6676,0.978919,0.0,0.50402347,79.82
2030,6677,0.987325,0.0,0.529002741,86.2
2030,6678,0.988195,0.0,0.555858865,100.4
2030,6679,0.977907,0.0001322222222222222,0.568587538,110.62
2030,6680,0.979201,0.03208777777777778,0.586280324,101.73
2030,6681,0.979192,0.27417444444444444,0.607356143,80.08
2030,6682,0.980967,0.5280455555555555,0.607009585,60.0
2030,6683,0.982835,0.6128466666666668,0.591378824,42.21
2030,6684,0.97926,0.6331577777777778,0.588236706,36.0
2030,6685,0.975273,0.54339,0.578901849,26.0
2030,6686,0.971371,0.4422333333333333,0.577424164,56.11
2030,6687,0.964541,0.3208488888888889,0.585441975,72.55
2030,6688,0.959482,0.24026222222222218,0.604832996,92.55
2030,6689,0.960032,0.18850222222222218,0.610460027,138.07
2030,6690,0.966133,0.0003422222222222222,0.63851247,137.97
2030,6691,0.968722,0.0,0.627478071,106.35
2030,6692,0.975367,0.0,0.600224921,94.57
2030,6693,0.983236,0.0,0.56974974,84.29
2030,6694,0.988443,0.0,0.542228005,67.0
2030,6695,0.989073,0.0,0.515991692,65.12
2030,6696,0.989011,0.0,0.497041082,60.65
2030,6697,0.98873,0.0,0.46476856,59.1
2030,6698,0.986221,0.0,0.459250139,58.13
2030,6699,0.985914,0.0,0.457875478,56.93
2030,6700,0.987274,0.0,0.463645068,58.13
2030,6701,0.988138,0.0,0.482290843,57.93
2030,6702,0.98834,0.0,0.498403936,66.35
2030,6703,0.983575,0.034262222222222215,0.500220517,70.1
2030,6704,0.957035,0.3583766666666667,0.500341526,59.9
2030,6705,0.915371,0.6526566666666667,0.502673098,35.0
2030,6706,0.898063,0.7455633333333332,0.503279126,16.68
2030,6707,0.902212,0.7108822222222221,0.502169553,5.25
2030,6708,0.912692,0.5700777777777778,0.513288005,-0.01
2030,6709,0.917947,0.37055111111111105,0.516762014,-0.01
2030,6710,0.918018,0.3100033333333333,0.525326964,0.2
2030,6711,0.922539,0.44494444444444436,0.538806927,53.1
2030,6712,0.932378,0.43271777777777776,0.566442987,82.78
2030,6713,0.937219,0.22578555555555552,0.588453428,106.3
2030,6714,0.94633,3.6666666666666666e-05,0.612834017,106.3
2030,6715,0.944799,0.0,0.60340117,97.6
2030,6716,0.9331,0.0,0.579579951,76.3
2030,6717,0.925336,0.0,0.548842778,64.9
2030,6718,0.90696,0.0,0.517166779,51.71
2030,6719,0.903713,0.0,0.48574953,34.58
2030,6720,0.903505,0.0,0.468958405,35.34
2030,6721,0.882917,0.0,0.525205051,33.25
2030,6722,0.876402,0.0,0.524289525,29.96
2030,6723,0.880007,0.0,0.528499716,33.56
2030,6724,0.876348,0.0,0.546671312,43.0
2030,6725,0.877457,0.0,0.595342925,64.08
2030,6726,0.878303,0.0,0.618750361,102.0
2030,6727,0.864315,0.0020677777777777778,0.662665668,108.32
2030,6728,0.846949,0.040067777777777785,0.682459759,91.83
2030,6729,0.828662,0.10721555555555555,0.681982892,66.05
2030,6730,0.813998,0.18007666666666666,0.68658716,60.2
2030,6731,0.806539,0.2733144444444444,0.682150828,45.88
2030,6732,0.805368,0.38571444444444436,0.687901699,43.29
2030,6733,0.815049,0.34643666666666667,0.698722874,55.0
2030,6734,0.830699,0.3012711111111111,0.69981857,61.45
2030,6735,0.850692,0.23597888888888888,0.699312262,88.79
2030,6736,0.86219,0.19182,0.727833844,112.4
2030,6737,0.862359,0.10457555555555555,0.71565102,227.65
2030,6738,0.840972,0.0,0.728458515,217.36
2030,6739,0.806302,0.0,0.713140628,127.43
2030,6740,0.735098,0.0,0.672796993,99.91
2030,6741,0.617421,0.0,0.629720648,94.33
2030,6742,0.484636,0.0,0.588777204,79.12
2030,6743,0.318712,0.0,0.549193538,68.72
2030,6744,0.155023,0.0,0.529493396,62.0
2030,6745,0.043743,0.0,0.58180633,58.23
2030,6746,0.003558,0.0,0.579764769,52.85
2030,6747,0.030114,0.0,0.584993643,52.57
2030,6748,0.140532,0.0,0.60250307,61.4
2030,6749,0.302202,0.0,0.65105951,85.49
2030,6750,0.47753,0.0,0.67497593,106.61
2030,6751,0.630102,0.0,0.717869716,110.0
2030,6752,0.744156,0.0066977777777777765,0.723059159,89.1
2030,6753,0.816621,0.020704444444444445,0.704294628,80.33
2030,6754,0.864984,0.036022222222222226,0.699737228,73.42
2030,6755,0.8781,0.04630000000000001,0.688758609,66.51
2030,6756,0.862364,0.08817555555555556,0.695981394,70.97
2030,6757,0.842142,0.08781777777777777,0.706780133,75.79
2030,6758,0.815023,0.09723,0.709902805,77.53
2030,6759,0.793404,0.07695555555555557,0.712185727,85.92
2030,6760,0.825426,0.048247777777777785,0.739635551,114.0
2030,6761,0.85478,0.013772222222222222,0.727190492,144.0
2030,6762,0.864516,0.0,0.743860676,158.27
2030,6763,0.878163,0.0,0.736492672,109.23
2030,6764,0.914962,0.0,0.701888396,94.9
2030,6765,0.927806,0.0,0.660174083,81.86
2030,6766,0.906426,0.0,0.618245275,63.53
2030,6767,0.886072,0.0,0.573637604,56.36
2030,6768,0.881732,0.0,0.550511383,52.05
2030,6769,0.888655,0.0,0.583269024,49.21
2030,6770,0.89886,0.0,0.580549542,46.3
2030,6771,0.925221,0.0,0.581677522,48.85
2030,6772,0.912684,0.0,0.596632792,54.97
2030,6773,0.923174,0.0,0.642693083,77.87
2030,6774,0.940528,0.0,0.664155871,98.88
2030,6775,0.953807,0.024766666666666663,0.706548497,101.09
2030,6776,0.967074,0.19309,0.717017161,87.0
2030,6777,0.979537,0.43535777777777773,0.704198927,66.14
2030,6778,0.987408,0.4950522222222222,0.700807859,55.28
2030,6779,0.987923,0.5153244444444444,0.690864991,55.99
2030,6780,0.989006,0.5657188888888889,0.691220067,59.0
2030,6781,0.988975,0.5920511111111112,0.702632345,68.48
2030,6782,0.9891,0.5769944444444444,0.706439026,85.27
2030,6783,0.987338,0.46467777777777775,0.708346523,95.0
2030,6784,0.986241,0.21016222222222217,0.739480887,112.0
2030,6785,0.98452,0.042511111111111104,0.728285658,128.0
2030,6786,0.978057,0.0,0.742721132,129.17
2030,6787,0.964561,0.0,0.726994355,117.4
2030,6788,0.943337,0.0,0.685798109,99.9
2030,6789,0.942264,0.0,0.640662563,97.94
2030,6790,0.944633,0.0,0.599025298,79.5
2030,6791,0.963619,0.0,0.555733897,70.0
2030,6792,0.97581,0.0,0.533759017,45.39
2030,6793,0.981374,0.0,0.5569042,39.0
2030,6794,0.98792,0.0,0.55289946,35.34
2030,6795,0.989106,0.0,0.55498232,26.3
2030,6796,0.988969,0.0,0.569864455,33.79
2030,6797,0.988026,0.0,0.615316866,56.14
2030,6798,0.988745,0.0,0.63683334,84.9
2030,6799,0.989072,0.010995555555555555,0.679659577,80.46
2030,6800,0.988193,0.08117111111111111,0.691163885,67.5
2030,6801,0.984294,0.20174666666666666,0.680500014,52.01
2030,6802,0.978743,0.2599011111111111,0.679716899,38.93
2030,6803,0.971716,0.32663666666666663,0.674140079,21.89
2030,6804,0.967178,0.35014333333333336,0.679084584,15.94
2030,6805,0.957697,0.24497333333333335,0.693588598,20.01
2030,6806,0.936539,0.19837555555555555,0.701576239,38.37
2030,6807,0.903682,0.15507555555555555,0.711348482,58.0
2030,6808,0.851613,0.11778222222222223,0.738402982,89.9
2030,6809,0.738692,0.029587777777777775,0.726943218,109.9
2030,6810,0.622042,0.0,0.736255281,145.94
2030,6811,0.575746,0.0,0.717257397,120.0
2030,6812,0.498678,0.0,0.675431717,90.41
2030,6813,0.446283,0.0,0.628251934,95.26
2030,6814,0.461637,0.0,0.586042302,86.2
2030,6815,0.476144,0.0,0.543372469,83.9
2030,6816,0.480959,0.0,0.520706205,79.9
2030,6817,0.493829,0.0,0.560857163,79.19
2030,6818,0.438129,0.0,0.556768488,67.91
2030,6819,0.354369,0.0,0.558801732,69.14
2030,6820,0.255606,0.0,0.573629148,80.29
2030,6821,0.173125,0.0,0.618325584,99.95
2030,6822,0.122454,0.0,0.637993431,140.41
2030,6823,0.090074,0.0,0.681247557,155.49
2030,6824,0.060727,0.0015155555555555558,0.703540709,110.01
2030,6825,0.032731,0.00876,0.716519128,90.0
2030,6826,0.024707,0.020917777777777775,0.719076056,72.35
2030,6827,0.03172,0.031146666666666663,0.714323886,61.65
2030,6828,0.040411,0.062315555555555555,0.711669362,57.17
2030,6829,0.042385,0.05790333333333333,0.715822607,59.56
2030,6830,0.041448,0.06352777777777778,0.71161501,66.96
2030,6831,0.035816,0.06807,0.70146261,85.35
2030,6832,0.035822,0.04954,0.73014081,106.6
2030,6833,0.05725,0.01736,0.715613508,158.35
2030,6834,0.100989,0.0,0.728443664,172.05
2030,6835,0.137703,0.0,0.706862005,120.0
2030,6836,0.169001,0.0,0.663330146,99.79
2030,6837,0.190103,0.0,0.618044425,100.0
2030,6838,0.203437,0.0,0.580873344,90.0
2030,6839,0.211738,0.0,0.540843955,91.21
2030,6840,0.214299,0.0,0.518785633,83.33
2030,6841,0.209997,0.0,0.472718849,80.54
2030,6842,0.202511,0.0,0.466359784,81.46
2030,6843,0.195733,0.0,0.464555375,77.81
2030,6844,0.187923,0.0,0.471061157,74.9
2030,6845,0.185319,0.0,0.4947758,71.63
2030,6846,0.190099,0.0,0.522403191,105.6
2030,6847,0.198898,0.03722222222222222,0.538426327,122.0
2030,6848,0.196889,0.2790066666666667,0.552431692,119.9
2030,6849,0.181799,0.5637066666666668,0.554977586,125.81
2030,6850,0.178705,0.7012411111111112,0.549426891,89.9
2030,6851,0.161824,0.7729222222222222,0.536441387,67.59
2030,6852,0.132057,0.7833855555555556,0.532656514,44.32
2030,6853,0.101222,0.8116922222222223,0.529912905,23.34
2030,6854,0.083966,0.8090333333333333,0.537298937,46.35
2030,6855,0.087433,0.7749866666666666,0.554164511,69.47
2030,6856,0.10771,0.6848966666666666,0.578560646,84.55
2030,6857,0.145248,0.4258377777777777,0.593034659,82.77
2030,6858,0.17865,0.0,0.62212118,79.44
2030,6859,0.209913,0.0,0.607398819,60.58
2030,6860,0.231909,0.0,0.580382346,45.42
2030,6861,0.222366,0.0,0.549590762,34.87
2030,6862,0.196891,0.0,0.522415392,25.37
2030,6863,0.176813,0.0,0.494358227,0.0
2030,6864,0.158564,0.0,0.474281162,-0.01
2030,6865,0.141921,0.0,0.466456785,-0.07
2030,6866,0.125142,0.0,0.460860575,-0.37
2030,6867,0.118211,0.0,0.459191778,-0.51
2030,6868,0.125807,0.0,0.464613795,-0.09
2030,6869,0.14046,0.0,0.482584457,-0.01
2030,6870,0.156179,0.0,0.499354055,1.72
2030,6871,0.17871,0.06823555555555555,0.504275325,17.96
2030,6872,0.198902,0.4172033333333333,0.513269382,9.85
2030,6873,0.196882,0.6405477777777778,0.517607742,0.0
2030,6874,0.207917,0.7277933333333333,0.51455056,-10.0
2030,6875,0.223446,0.7375488888888888,0.50708544,-10.06
2030,6876,0.223755,0.6814444444444444,0.512758195,-10.04
2030,6877,0.220873,0.6121911111111111,0.507853405,-3.01
2030,6878,0.227527,0.5630022222222222,0.511819901,7.28
2030,6879,0.253951,0.5637588888888887,0.525777226,30.14
2030,6880,0.304172,0.5510111111111111,0.559085781,115.0
2030,6881,0.410797,0.3437788888888889,0.585519382,118.74
2030,6882,0.54504,0.0,0.620562094,131.97
2030,6883,0.638067,0.0,0.610290181,108.07
2030,6884,0.674194,0.0,0.587177192,99.9
2030,6885,0.673703,0.0,0.557176501,94.0
2030,6886,0.643596,0.0,0.525064741,90.0
2030,6887,0.593537,0.0,0.493582339,104.0
2030,6888,0.530318,0.0,0.475537988,89.9
2030,6889,0.486367,0.0,0.532734407,98.0
2030,6890,0.45306,0.0,0.531072046,94.0
2030,6891,0.416523,0.0,0.534922181,72.0
2030,6892,0.378433,0.0,0.55138705,62.2
2030,6893,0.341672,0.0,0.597242674,98.74
2030,6894,0.312791,0.0,0.619682727,130.53
2030,6895,0.304252,0.07065555555555555,0.664914397,153.12
2030,6896,0.290941,0.4050566666666666,0.688531681,125.58
2030,6897,0.270032,0.6963444444444444,0.690562781,103.0
2030,6898,0.281771,0.7875722222222223,0.695047127,95.53
2030,6899,0.284536,0.8220977777777778,0.697294624,91.56
2030,6900,0.291787,0.8161988888888888,0.712664883,85.0
2030,6901,0.310766,0.843531111111111,0.730316045,74.16
2030,6902,0.353167,0.8394266666666668,0.732711408,88.32
2030,6903,0.404455,0.8075044444444445,0.735652048,105.79
2030,6904,0.446275,0.7184577777777778,0.759479322,158.51
2030,6905,0.5219550000000001,0.4245566666666667,0.749472746,250.0
2030,6906,0.601228,0.0,0.737576543,263.27
2030,6907,0.637395,0.0,0.708705178,158.0
2030,6908,0.630106,0.0,0.66682429,113.64
2030,6909,0.598666,0.0,0.622195358,99.66
2030,6910,0.556562,0.0,0.580394692,94.8
2030,6911,0.51145,0.0,0.539131392,90.4
2030,6912,0.467734,0.0,0.51922505,86.08
2030,6913,0.432492,0.0,0.572460651,88.76
2030,6914,0.409812,0.0,0.569189041,84.04
2030,6915,0.392382,0.0,0.571628285,79.94
2030,6916,0.38441,0.0,0.586551497,87.0
2030,6917,0.3847,0.0,0.631146165,109.9
2030,6918,0.385157,0.0,0.652045246,175.94
2030,6919,0.379235,0.05326777777777778,0.696020514,171.13
2030,6920,0.340655,0.42434,0.716633526,110.54
2030,6921,0.267323,0.66033,0.723846135,92.74
2030,6922,0.234023,0.7559866666666666,0.730552092,83.05
2030,6923,0.215529,0.7918044444444445,0.720219256,78.47
2030,6924,0.207892,0.7865922222222221,0.722317461,71.16
2030,6925,0.202567,0.8050322222222223,0.735156707,70.03
2030,6926,0.190984,0.79139,0.742880186,77.37
2030,6927,0.174996,0.74225,0.743961911,86.33
2030,6928,0.166338,0.624218888888889,0.766997593,116.17
2030,6929,0.167062,0.29194333333333333,0.758155629,132.18
2030,6930,0.163688,0.0,0.7717234,101.53
2030,6931,0.159043,0.0,0.748933432,76.9
2030,6932,0.14942,0.0,0.708255434,66.44
2030,6933,0.146524,0.0,0.662204789,59.24
2030,6934,0.150093,0.0,0.61765896,42.13
2030,6935,0.156125,0.0,0.573700329,25.54
2030,6936,0.159214,0.0,0.552339431,12.8
2030,6937,0.166774,0.0,0.598078937,5.3
2030,6938,0.201696,0.0,0.594141277,3.61
2030,6939,0.26404,0.0,0.597274904,2.86
2030,6940,0.319002,0.0,0.61112438,7.19
2030,6941,0.357241,0.0,0.654246861,41.36
2030,6942,0.388479,0.0,0.675872839,61.5
2030,6943,0.404981,0.0008833333333333333,0.721190435,80.1
2030,6944,0.421921,0.0957088888888889,0.738293487,54.29
2030,6945,0.45305,0.3934766666666667,0.724873418,26.68
2030,6946,0.508746,0.5774777777777778,0.727300949,14.16
2030,6947,0.590546,0.7019055555555556,0.719513439,4.09
2030,6948,0.682205,0.7309422222222222,0.72210353,2.04
2030,6949,0.75007,0.7414233333333332,0.739430224,4.0
2030,6950,0.800596,0.721,0.744051022,14.18
2030,6951,0.844835,0.6604966666666666,0.748594131,52.0
2030,6952,0.892325,0.3567922222222223,0.774933907,99.9
2030,6953,0.940625,0.034367777777777775,0.767997285,106.0
2030,6954,0.96872,0.0,0.783092283,104.0
2030,6955,0.981168,0.0,0.761139601,78.74
2030,6956,0.986553,0.0,0.72305579,67.0
2030,6957,0.987845,0.0,0.680047455,35.14
2030,6958,0.989001,0.0,0.63897964,26.54
2030,6959,0.989006,0.0,0.595280333,17.04
2030,6960,0.988272,0.0,0.572313505,12.15
2030,6961,0.987831,0.0,0.604464695,10.48
2030,6962,0.985414,0.0,0.599480253,5.61
2030,6963,0.983792,0.0,0.600806451,10.01
2030,6964,0.981152,0.0,0.613043877,28.97
2030,6965,0.961084,0.0,0.654624779,69.22
2030,6966,0.930215,0.0,0.674621881,98.94
2030,6967,0.920225,0.0,0.718542364,101.8
2030,6968,0.887825,0.014141111111111111,0.737051689,104.1
2030,6969,0.904236,0.0784188888888889,0.730873961,101.91
2030,6970,0.930135,0.2838988888888889,0.733820771,98.0
2030,6971,0.94455,0.6166111111111113,0.724872154,96.0
2030,6972,0.958063,0.7269422222222224,0.731175519,94.7
2030,6973,0.965355,0.72379,0.74468048,92.6
2030,6974,0.967565,0.6139877777777779,0.747622408,96.6
2030,6975,0.967451,0.5203733333333334,0.747707767,96.0
2030,6976,0.968239,0.25966888888888884,0.77409991,124.7
2030,6977,0.966305,0.03214444444444444,0.767176226,181.32
2030,6978,0.963424,0.0,0.780475406,171.0
2030,6979,0.963224,0.0,0.756565852,117.5
2030,6980,0.964245,0.0,0.713414948,100.0
2030,6981,0.964348,0.0,0.66500212,97.0
2030,6982,0.964959,0.0,0.620770912,88.4
2030,6983,0.965017,0.0,0.576248221,87.27
2030,6984,0.961057,0.0,0.553414597,85.92
2030,6985,0.949493,0.0,0.579036892,89.71
2030,6986,0.929079,0.0,0.574507076,82.68
2030,6987,0.902454,0.0,0.576255869,86.97
2030,6988,0.864697,0.0,0.589834192,87.05
2030,6989,0.820362,0.0,0.632237364,100.58
2030,6990,0.779114,0.0,0.651575739,146.66
2030,6991,0.743445,0.001974444444444444,0.697944668,157.67
2030,6992,0.712259,0.12759555555555555,0.720824105,118.11
2030,6993,0.695746,0.31091222222222226,0.718727171,103.45
2030,6994,0.701731,0.46670777777777767,0.720365441,89.96
2030,6995,0.715178,0.5432988888888889,0.714101074,90.33
2030,6996,0.741388,0.6301866666666667,0.717173533,86.2
2030,6997,0.755947,0.6491688888888887,0.72697384,90.53
2030,6998,0.752696,0.6436055555555554,0.726780027,86.8
2030,6999,0.755942,0.6120455555555555,0.72244999,103.29
2030,7000,0.775984,0.49049777777777775,0.751155115,133.67
2030,7001,0.796445,0.14241444444444448,0.747949434,181.0
2030,7002,0.796384,0.0,0.757183876,142.85
2030,7003,0.772561,0.0,0.728349579,103.25
2030,7004,0.731133,0.0,0.683652723,97.06
2030,7005,0.691425,0.0,0.638127322,97.13
2030,7006,0.66268,0.0,0.60073154,86.74
2030,7007,0.655586,0.0,0.561707208,91.09
2030,7008,0.662681,0.0,0.539280179,92.07
2030,7009,0.677916,0.0,0.504683533,87.88
2030,7010,0.693582,0.0,0.498614536,81.08
2030,7011,0.703652,0.0,0.497627954,84.65
2030,7012,0.695556,0.0,0.503995252,83.48
2030,7013,0.676552,0.0,0.525561625,83.21
2030,7014,0.647205,0.0,0.551297397,90.55
2030,7015,0.605049,0.00027888888888888896,0.569192594,98.7
2030,7016,0.544643,0.10078444444444445,0.585088527,91.8
2030,7017,0.459648,0.18832,0.581571248,78.59
2030,7018,0.379872,0.36548111111111103,0.573377439,72.03
2030,7019,0.334026,0.4572177777777777,0.557893445,66.0
2030,7020,0.319002,0.5399577777777778,0.552431108,60.15
2030,7021,0.315823,0.5562011111111111,0.5453961,61.0
2030,7022,0.334467,0.5828277777777777,0.548311479,75.45
2030,7023,0.350638,0.5015788888888889,0.565801864,96.0
2030,7024,0.359885,0.3430955555555556,0.594864214,106.83
2030,7025,0.346848,0.07979555555555555,0.619730341,133.13
2030,7026,0.318422,0.0,0.647000287,117.0
2030,7027,0.274079,0.0,0.628411252,95.45
2030,7028,0.222822,0.0,0.601184985,88.6
2030,7029,0.188404,0.0,0.570824211,83.41
2030,7030,0.176626,0.0,0.543568938,73.33
2030,7031,0.186059,0.0,0.516415225,54.04
2030,7032,0.215057,0.0,0.496126868,54.9
2030,7033,0.250355,0.0,0.495410581,54.58
2030,7034,0.299899,0.0,0.490476178,55.91
2030,7035,0.373737,0.0,0.489934736,59.59
2030,7036,0.438158,0.0,0.495077181,63.01
2030,7037,0.496545,0.0,0.510624166,59.95
2030,7038,0.547703,0.0,0.525790744,73.24
2030,7039,0.584349,0.0034611111111111114,0.53331819,65.8
2030,7040,0.59161,0.21688666666666664,0.547280536,44.36
2030,7041,0.584562,0.4813788888888889,0.565934763,6.37
2030,7042,0.595687,0.5618111111111111,0.570170206,0.08
2030,7043,0.613369,0.6137877777777778,0.567936881,0.0
2030,7044,0.624196,0.6469733333333333,0.56587766,-0.98
2030,7045,0.625172,0.6681233333333334,0.553373672,-2.01
2030,7046,0.612277,0.6588788888888887,0.550980194,0.0
2030,7047,0.589357,0.6075177777777778,0.565708898,5.0
2030,7048,0.564562,0.46379666666666663,0.59696312,55.55
2030,7049,0.566224,0.1020088888888889,0.628991083,60.0
2030,7050,0.582394,0.0,0.668001506,47.44
2030,7051,0.605051,0.0,0.65722025,35.09
2030,7052,0.617108,0.0,0.633797028,21.72
2030,7053,0.615967,0.0,0.604559597,12.66
2030,7054,0.60407,0.0,0.571850432,2.02
2030,7055,0.58695,0.0,0.540879335,-0.1
2030,7056,0.566033,0.0,0.522726469,-0.1
2030,7057,0.539698,0.0,0.591803138,-0.14
2030,7058,0.526742,0.0,0.591840739,-0.08
2030,7059,0.533482,0.0,0.597025789,0.0
2030,7060,0.539698,0.0,0.613816289,3.45
2030,7061,0.539826,0.0,0.656290083,61.96
2030,7062,0.551529,0.0,0.677403722,104.13
2030,7063,0.571537,0.005243333333333333,0.725639693,120.35
2030,7064,0.567614,0.26358111111111115,0.746111107,103.9
2030,7065,0.539959,0.56853,0.737144468,91.0
2030,7066,0.556464,0.6921922222222222,0.736010126,84.91
2030,7067,0.598728,0.7457955555555554,0.72405169,80.0
2030,7068,0.627894,0.7606611111111111,0.726973328,83.15
2030,7069,0.648816,0.7878866666666665,0.738862937,83.19
2030,7070,0.678944,0.7869955555555556,0.74377767,95.82
2030,7071,0.71412,0.7480044444444445,0.743920109,116.57
2030,7072,0.743979,0.6241822222222222,0.773588663,130.04
2030,7073,0.801612,0.16224444444444444,0.776367143,212.15
2030,7074,0.852167,0.0,0.79177566,188.35
2030,7075,0.872805,0.0,0.767297644,128.18
2030,7076,0.876033,0.0,0.726588864,100.56
2030,7077,0.862673,0.0,0.681087806,97.79
2030,7078,0.844868,0.0,0.636318105,92.97
2030,7079,0.816604,0.0,0.594616649,89.42
2030,7080,0.794704,0.0,0.573896842,87.04
2030,7081,0.785301,0.0,0.607208431,84.33
2030,7082,0.774625,0.0,0.603626298,83.6
2030,7083,0.777248,0.0,0.606892789,83.02
2030,7084,0.783049,0.0,0.621324434,86.0
2030,7085,0.785287,0.0,0.665094677,98.14
2030,7086,0.779589,0.0,0.68555111,150.0
2030,7087,0.775626,0.0008577777777777777,0.731606031,163.01
2030,7088,0.758885,0.18457444444444446,0.750136,113.37
2030,7089,0.729028,0.5369711111111112,0.734261737,98.79
2030,7090,0.714408,0.6659577777777778,0.72965992,88.53
2030,7091,0.672621,0.715012222222222,0.717174015,77.61
2030,7092,0.664555,0.724458888888889,0.717451707,70.88
2030,7093,0.684657,0.7353833333333334,0.728354269,71.93
2030,7094,0.701141,0.721801111111111,0.733984568,81.8
2030,7095,0.691445,0.6725366666666667,0.736118014,103.11
2030,7096,0.693118,0.5514166666666667,0.769398057,107.45
2030,7097,0.763144,0.13106444444444443,0.771326653,139.92
2030,7098,0.813489,0.0,0.783660458,158.32
2030,7099,0.815522,0.0,0.756563643,114.28
2030,7100,0.810386,0.0,0.715565823,99.59
2030,7101,0.815028,0.0,0.670500467,95.73
2030,7102,0.828946,0.0,0.626825085,88.35
2030,7103,0.842469,0.0,0.581817491,81.16
2030,7104,0.848738,0.0,0.558651231,83.78
2030,7105,0.847951,0.0,0.592784001,83.53
2030,7106,0.835737,0.0,0.587842315,85.81
2030,7107,0.821976,0.0,0.589022308,83.69
2030,7108,0.814978,0.0,0.602520183,90.64
2030,7109,0.823864,0.0,0.644357327,104.72
2030,7110,0.84354,0.0,0.665058086,137.49
2030,7111,0.862887,0.001132222222222222,0.713487177,162.41
2030,7112,0.883261,0.24504777777777778,0.741042765,127.69
2030,7113,0.906416,0.5487188888888889,0.757552168,102.2
2030,7114,0.916643,0.6776522222222221,0.770696928,91.24
2030,7115,0.932369,0.7296511111111111,0.773939052,82.36
2030,7116,0.944749,0.7417766666666668,0.7813044,77.07
2030,7117,0.95486,0.7579955555555555,0.797291472,75.42
2030,7118,0.961332,0.7457588888888889,0.79799339,84.2
2030,7119,0.964553,0.6903533333333334,0.793042585,97.37
2030,7120,0.969207,0.5371633333333332,0.820940903,139.97
2030,7121,0.973605,0.09875555555555555,0.806555051,205.36
2030,7122,0.972873,0.0,0.786106686,176.0
2030,7123,0.973201,0.0,0.755535043,113.16
2030,7124,0.975151,0.0,0.715118933,101.22
2030,7125,0.976666,0.0,0.672822375,102.93
2030,7126,0.982144,0.0,0.635142737,93.16
2030,7127,0.981507,0.0,0.59502897,86.76
2030,7128,0.976665,0.0,0.574080428,80.11
2030,7129,0.963152,0.0,0.61583608,78.1
2030,7130,0.951999,0.0,0.612244549,75.67
2030,7131,0.94208,0.0,0.615865239,76.07
2030,7132,0.928024,0.0,0.629809886,80.17
2030,7133,0.91646,0.0,0.672633604,100.35
2030,7134,0.917834,0.0,0.696237523,141.86
2030,7135,0.909552,0.0,0.745441558,165.39
2030,7136,0.906389,0.0003044444444444444,0.768928616,114.77
2030,7137,0.909321,0.008793333333333332,0.753068522,98.31
2030,7138,0.912684,0.022976666666666663,0.746336786,89.03
2030,7139,0.907033,0.04795666666666667,0.736638755,80.0
2030,7140,0.890113,0.10556222222222222,0.735447014,75.08
2030,7141,0.836302,0.06930333333333333,0.749858808,75.13
2030,7142,0.782632,0.07199666666666665,0.75227381,87.27
2030,7143,0.76805,0.06861333333333333,0.756580363,106.15
2030,7144,0.797405,0.03117333333333333,0.788283408,123.58
2030,7145,0.825708,0.0008033333333333333,0.796082145,136.37
2030,7146,0.787937,0.0,0.801694813,116.04
2030,7147,0.706282,0.0,0.772490101,96.61
2030,7148,0.652682,0.0,0.72841621,93.29
2030,7149,0.60122,0.0,0.679052256,111.46
2030,7150,0.563598,0.0,0.633418553,83.61
2030,7151,0.539114,0.0,0.587501332,82.5
2030,7152,0.52016,0.0,0.563092439,82.07
2030,7153,0.558599,0.0,0.577182032,79.69
2030,7154,0.60124,0.0,0.571017645,82.6
2030,7155,0.640975,0.0,0.571578566,84.47
2030,7156,0.6985,0.0,0.584210314,94.59
2030,7157,0.7428,0.0,0.625175982,103.43
2030,7158,0.761902,0.0,0.644441971,120.03
2030,7159,0.773328,0.0,0.69246156,143.2
2030,7160,0.78216,0.03817555555555555,0.720741357,118.74
2030,7161,0.80317,0.18407888888888888,0.734836981,105.14
2030,7162,0.829851,0.3414777777777777,0.747802909,90.71
2030,7163,0.849552,0.6017044444444445,0.752738458,79.14
2030,7164,0.859853,0.6904122222222222,0.758663882,76.17
2030,7165,0.850915,0.6995600000000001,0.773410205,79.9
2030,7166,0.840319,0.6794055555555556,0.774732592,94.2
2030,7167,0.832706,0.6244100000000001,0.769014893,110.5
2030,7168,0.816566,0.40713888888888894,0.796398012,145.48
2030,7169,0.805125,0.03965444444444445,0.784765838,209.41
2030,7170,0.813445,0.0,0.762415438,176.36
2030,7171,0.814337,0.0,0.728795765,121.68
2030,7172,0.792393,0.0,0.684200448,113.69
2030,7173,0.767263,0.0,0.638761301,111.49
2030,7174,0.749231,0.0,0.600735655,104.22
2030,7175,0.71784,0.0,0.560624879,109.95
2030,7176,0.69514,0.0,0.537431466,104.5
2030,7177,0.686929,0.0,0.532865379,102.7
2030,7178,0.678122,0.0,0.527030404,102.5
2030,7179,0.651353,0.0,0.52672209,99.23
2030,7180,0.59354,0.0,0.532634791,100.3
2030,7181,0.566354,0.0,0.552059624,105.26
2030,7182,0.580531,0.0,0.578488876,118.29
2030,7183,0.636271,0.0,0.600620754,126.0
2030,7184,0.673421,0.016343333333333335,0.624682929,121.96
2030,7185,0.666207,0.08100555555555557,0.6331633,97.0
2030,7186,0.682151,0.16283333333333333,0.619903539,78.19
2030,7187,0.746935,0.2233622222222222,0.608992228,66.11
2030,7188,0.73114,0.3343666666666667,0.599487927,62.23
2030,7189,0.699133,0.4922266666666667,0.597435708,62.7
2030,7190,0.685583,0.4493955555555556,0.600066701,75.78
2030,7191,0.646543,0.2569577777777778,0.617130107,95.63
2030,7192,0.642938,0.05793888888888889,0.64352203,124.98
2030,7193,0.673817,0.0033466666666666666,0.67739558,151.65
2030,7194,0.708188,0.0,0.706136917,118.94
2030,7195,0.678355,0.0,0.689210908,101.0
2030,7196,0.616588,0.0,0.661379469,106.4
2030,7197,0.555621,0.0,0.63127323,110.1
2030,7198,0.5149299999999999,0.0,0.604382548,85.38
2030,7199,0.5137,0.0,0.578452516,91.56
2030,7200,0.519996,0.0,0.556811341,84.0
2030,7201,0.48899,0.0,0.569270114,82.23
2030,7202,0.459855,0.0,0.5642819,80.43
2030,7203,0.439208,0.0,0.561933482,81.12
2030,7204,0.430617,0.0,0.566026183,77.08
2030,7205,0.404471,0.0,0.578883403,81.7
2030,7206,0.33472,0.0,0.594322075,91.3
2030,7207,0.226986,0.0,0.605170246,88.25
2030,7208,0.122413,0.07529666666666668,0.618858965,84.68
2030,7209,0.051613,0.3002388888888889,0.616542522,66.72
2030,7210,0.027215,0.4894855555555555,0.610953512,54.72
2030,7211,0.030869,0.5342533333333334,0.602285196,42.5
2030,7212,0.044045,0.52892,0.606385957,39.99
2030,7213,0.060016,0.4829533333333333,0.608400427,40.0
2030,7214,0.070573,0.35117333333333334,0.611658222,63.38
2030,7215,0.079026,0.20520444444444444,0.634303247,101.88
2030,7216,0.093721,0.09501222222222222,0.665904755,117.8
2030,7217,0.115269,0.00667,0.708451699,147.25
2030,7218,0.135213,0.0,0.739312634,150.71
2030,7219,0.141569,0.0,0.727403845,130.48
2030,7220,0.149055,0.0,0.704505853,118.1
2030,7221,0.159352,0.0,0.678315218,111.39
2030,7222,0.18012,0.0,0.646433587,109.96
2030,7223,0.207704,0.0,0.617440639,102.99
2030,7224,0.234059,0.0,0.598424023,93.67
2030,7225,0.265635,0.0,0.666996046,89.38
2030,7226,0.293323,0.0,0.668345367,84.14
2030,7227,0.306387,0.0,0.677083162,79.4
2030,7228,0.316868,0.0,0.693575399,79.89
2030,7229,0.341677,0.0,0.7384735,94.12
2030,7230,0.380339,0.0,0.763474285,94.3
2030,7231,0.419252,0.0,0.819223618,111.1
2030,7232,0.436412,0.014888888888888887,0.847778814,111.28
2030,7233,0.427204,0.06082,0.826047737,102.92
2030,7234,0.429132,0.11933444444444444,0.821842653,94.42
2030,7235,0.446255,0.16284555555555555,0.804347443,94.51
2030,7236,0.467368,0.2192888888888889,0.799918057,91.09
2030,7237,0.487443,0.2470544444444444,0.808738748,96.75
2030,7238,0.490808,0.21597666666666665,0.808272445,108.27
2030,7239,0.476976,0.17843555555555554,0.807772816,117.18
2030,7240,0.477529,0.11949333333333333,0.839541935,116.65
2030,7241,0.502916,0.00704,0.859479625,140.0
2030,7242,0.5205,0.0,0.872604637,149.99
2030,7243,0.568469,0.0,0.849431152,144.44
2030,7244,0.636269,0.0,0.813311079,120.1
2030,7245,0.679132,0.0,0.770378055,109.9
2030,7246,0.726084,0.0,0.728752476,108.58
2030,7247,0.751443,0.0,0.680117448,101.02
2030,7248,0.775118,0.0,0.656154782,97.69
2030,7249,0.796386,0.0,0.692243676,95.7
2030,7250,0.811362,0.0,0.691415103,94.08
2030,7251,0.814976,0.0,0.696074256,92.92
2030,7252,0.813499,0.0,0.70783456,94.62
2030,7253,0.80772,0.0,0.745825311,107.05
2030,7254,0.792717,0.0,0.763550656,120.32
2030,7255,0.767417,0.0,0.812885261,146.29
2030,7256,0.749253,0.06501888888888889,0.836705695,144.7
2030,7257,0.731126,0.23570111111111114,0.83582221,127.07
2030,7258,0.701914,0.3805155555555555,0.835314389,118.7
2030,7259,0.709912,0.4317077777777777,0.832097928,110.81
2030,7260,0.706929,0.4172855555555556,0.833121664,104.09
2030,7261,0.684669,0.31946,0.842561276,113.46
2030,7262,0.662714,0.20428,0.846872312,129.24
2030,7263,0.662715,0.12292222222222222,0.844669997,158.3
2030,7264,0.671283,0.06312888888888889,0.871749879,192.07
2030,7265,0.740009,0.0033299999999999996,0.87953752,261.07
2030,7266,0.777221,0.0,0.873675241,247.0
2030,7267,0.768624,0.0,0.845342243,196.85
2030,7268,0.735222,0.0,0.803361636,136.39
2030,7269,0.701766,0.0,0.757204154,119.9
2030,7270,0.687164,0.0,0.710751547,113.74
2030,7271,0.676147,0.0,0.664462613,98.72
2030,7272,0.684659,0.0,0.640882661,97.0
2030,7273,0.680895,0.0,0.664960596,95.3
2030,7274,0.669856,0.0,0.660152239,93.06
2030,7275,0.662639,0.0,0.66238832,91.32
2030,7276,0.650769,0.0,0.675113845,92.76
2030,7277,0.643825,0.0,0.714680875,99.87
2030,7278,0.647203,0.0,0.736188327,117.0
2030,7279,0.64388,0.0,0.789660784,129.33
2030,7280,0.628323,0.030591111111111107,0.816522901,132.05
2030,7281,0.581164,0.15425444444444447,0.8164862,119.9
2030,7282,0.547703,0.3162544444444444,0.819835309,108.93
2030,7283,0.552736,0.4855777777777777,0.814834912,104.23
2030,7284,0.576232,0.5825655555555554,0.818222872,98.34
2030,7285,0.578758,0.5850855555555554,0.834168521,102.15
2030,7286,0.56064,0.54888,0.839368015,105.78
2030,7287,0.5203,0.4214322222222222,0.841061922,118.81
2030,7288,0.484332,0.2396811111111111,0.871870741,149.79
2030,7289,0.509803,0.011694444444444447,0.873249138,181.0
2030,7290,0.558089,0.0,0.853920969,185.51
2030,7291,0.608721,0.0,0.822379134,157.02
2030,7292,0.629357,0.0,0.779979064,129.76
2030,7293,0.612336,0.0,0.734069667,115.76
2030,7294,0.601241,0.0,0.688199781,111.16
2030,7295,0.60759,0.0,0.640846849,108.92
2030,7296,0.583609,0.0,0.614896083,101.68
2030,7297,0.57809,0.0,0.654319552,95.71
2030,7298,0.585416,0.0,0.644395988,93.75
2030,7299,0.598668,0.0,0.641958793,91.87
2030,7300,0.612643,0.0,0.64857079,94.45
2030,7301,0.627624,0.0,0.673130687,99.22
2030,7302,0.640864,0.0,0.679834471,116.68
2030,7303,0.657735,0.0,0.747721591,132.09
2030,7304,0.668085,0.020321111111111113,0.784107025,131.76
2030,7305,0.654871,0.09433333333333334,0.79761078,120.76
2030,7306,0.638535,0.17712444444444445,0.813248058,103.48
2030,7307,0.660336,0.30409222222222226,0.822815048,96.33
2030,7308,0.634401,0.38529555555555556,0.831551703,88.91
2030,7309,0.605051,0.39392777777777777,0.846821234,91.55
2030,7310,0.593542,0.2927388888888889,0.843155345,97.48
2030,7311,0.572824,0.14045888888888886,0.849450515,109.28
2030,7312,0.513078,0.03221666666666667,0.874733079,121.89
2030,7313,0.446271,0.0,0.882851906,129.29
2030,7314,0.344663,0.0,0.857127432,138.7
2030,7315,0.246065,0.0,0.829645731,131.1
2030,7316,0.199734,0.0,0.788341316,110.0
2030,7317,0.161305,0.0,0.738422792,107.0
2030,7318,0.12814599999999998,0.0,0.689553893,107.4
2030,7319,0.104137,0.0,0.642745615,101.72
2030,7320,0.098677,0.0,0.615162134,127.0
2030,7321,0.117328,0.0,0.634175629,116.0
2030,7322,0.12930199999999997,0.0,0.624463284,99.93
2030,7323,0.110845,0.0,0.6218797,87.53
2030,7324,0.09336,0.0,0.628957817,75.94
2030,7325,0.123953,0.0,0.654073631,82.03
2030,7326,0.199215,0.0,0.661256183,89.4
2030,7327,0.283869,0.0,0.732687483,103.0
2030,7328,0.363435,0.07678222222222222,0.770252034,109.1
2030,7329,0.419845,0.23534333333333335,0.771512984,115.0
2030,7330,0.44356,0.4573511111111111,0.773485605,104.0
2030,7331,0.47908,0.6429244444444444,0.767015759,100.0
2030,7332,0.515429,0.6640122222222222,0.763284301,91.0
2030,7333,0.556561,0.6743088888888888,0.780478305,100.0
2030,7334,0.591161,0.63952,0.786296377,110.0
2030,7335,0.613597,0.5368100000000001,0.785198384,119.18
2030,7336,0.651428,0.3179566666666666,0.810075833,128.75
2030,7337,0.727149,0.010173333333333335,0.834576501,131.4
2030,7338,0.780917,0.0,0.818411891,135.49
2030,7339,0.792219,0.0,0.788375414,118.9
2030,7340,0.811096,0.0,0.747801559,113.68
2030,7341,0.808761,0.0,0.703307001,105.0
2030,7342,0.775902,0.0,0.662872227,102.41
2030,7343,0.742528,0.0,0.622336414,109.9
2030,7344,0.739452,0.0,0.595907905,95.85
2030,7345,0.762677,0.0,0.565080239,91.36
2030,7346,0.786571,0.0,0.553492126,88.77
2030,7347,0.806328,0.0,0.548059267,86.0
2030,7348,0.762177,0.0,0.546849181,86.85
2030,7349,0.725783,0.0,0.549582407,90.76
2030,7350,0.736443,0.0,0.56075215,96.5
2030,7351,0.722561,0.0,0.601254499,100.11
2030,7352,0.702445,0.006176666666666667,0.634529243,101.16
2030,7353,0.686933,0.07792,0.663820303,108.2
2030,7354,0.70309,0.12673111111111113,0.674800299,90.78
2030,7355,0.771275,0.10409444444444445,0.676954517,90.74
2030,7356,0.789902,0.08542888888888889,0.670589131,87.01
2030,7357,0.772778,0.06064666666666667,0.668011332,88.97
2030,7358,0.798274,0.09012,0.665454431,100.97
2030,7359,0.774238,0.14074777777777778,0.67532981,116.88
2030,7360,0.82344,0.12300888888888889,0.692957932,131.2
2030,7361,0.867405,0.0018511111111111109,0.726262525,153.18
2030,7362,0.857678,0.0,0.720913669,144.32
2030,7363,0.839019,0.0,0.703645064,132.79
2030,7364,0.828722,0.0,0.680730368,119.58
2030,7365,0.806364,0.0,0.651275916,110.97
2030,7366,0.84351,0.0,0.62098876,106.28
2030,7367,0.911663,0.0,0.594581621,100.61
2030,7368,0.954244,0.0,0.571852919,101.19
2030,7369,0.983429,0.0,0.558996634,96.29
2030,7370,0.985567,0.0,0.547960901,88.58
2030,7371,0.983948,0.0,0.542097855,85.08
2030,7372,0.978789,0.0,0.539966038,86.0
2030,7373,0.965785,0.0,0.537130769,86.91
2030,7374,0.972705,0.0,0.537533083,94.9
2030,7375,0.959938,0.0,0.567666878,96.86
2030,7376,0.948936,0.11321333333333333,0.593391808,87.25
2030,7377,0.915496,0.3885922222222223,0.614970631,93.02
2030,7378,0.896807,0.5465777777777778,0.623876806,68.43
2030,7379,0.894327,0.6158366666666667,0.623005282,59.29
2030,7380,0.886132,0.6431877777777778,0.620431427,52.63
2030,7381,0.863585,0.6275555555555554,0.616527523,58.54
2030,7382,0.77341,0.5482444444444444,0.61515859,80.92
2030,7383,0.640284,0.2696177777777778,0.624877186,93.52
2030,7384,0.601906,0.06865888888888888,0.655299482,111.0
2030,7385,0.607597,0.00048777777777777773,0.712547817,124.28
2030,7386,0.59342,0.0,0.722082036,125.15
2030,7387,0.544257,0.0,0.71091,119.9
2030,7388,0.545038,0.0,0.690915974,110.84
2030,7389,0.510155,0.0,0.661609589,102.13
2030,7390,0.511458,0.0,0.624991593,100.68
2030,7391,0.510933,0.0,0.590772246,94.71
2030,7392,0.454095,0.0,0.56746736,92.04
2030,7393,0.361642,0.0,0.604682877,89.96
2030,7394,0.306465,0.0,0.597481315,90.07
2030,7395,0.320633,0.0,0.596359671,89.18
2030,7396,0.347902,0.0,0.604708268,90.19
2030,7397,0.288512,0.0,0.629857693,97.48
2030,7398,0.257332,0.0,0.636654955,122.24
2030,7399,0.307405,0.0,0.70635692,140.0
2030,7400,0.290965,0.002354444444444445,0.742686483,137.13
2030,7401,0.185365,0.024985555555555556,0.763134353,120.13
2030,7402,0.074052,0.07729333333333333,0.782548259,99.56
2030,7403,0.068349,0.28493222222222225,0.788167562,84.2
2030,7404,0.112405,0.49543111111111104,0.797012208,83.1
2030,7405,0.130863,0.44043,0.813969392,84.2
2030,7406,0.120088,0.2639866666666667,0.816067117,94.92
2030,7407,0.089377,0.11373888888888888,0.812069554,125.63
2030,7408,0.069866,0.03772777777777778,0.839870057,174.0
2030,7409,0.064778,0.0,0.849995067,269.76
2030,7410,0.075758,0.0,0.820166655,231.51
2030,7411,0.128464,0.0,0.792749974,161.23
2030,7412,0.227007,0.0,0.754615386,123.0
2030,7413,0.33912,0.0,0.709381081,110.1
2030,7414,0.445857,0.0,0.661903793,105.0
2030,7415,0.535556,0.0,0.617223821,92.72
2030,7416,0.613133,0.0,0.590426476,83.63
2030,7417,0.674172,0.0,0.616850973,94.0
2030,7418,0.712231,0.0,0.606968378,90.68
2030,7419,0.733144,0.0,0.60432893,91.3
2030,7420,0.740677,0.0,0.610435273,94.0
2030,7421,0.757843,0.0,0.634379784,96.09
2030,7422,0.787523,0.0,0.640644468,106.0
2030,7423,0.80807,0.0,0.709489152,135.99
2030,7424,0.804328,0.016833333333333332,0.745598969,136.21
2030,7425,0.770984,0.09364333333333333,0.764392808,118.23
2030,7426,0.753472,0.19862,0.777644981,105.87
2030,7427,0.755951,0.3776555555555555,0.774905574,95.28
2030,7428,0.770967,0.3714955555555556,0.765965682,94.92
2030,7429,0.787404,0.29469111111111107,0.782309627,99.25
2030,7430,0.796457,0.22475888888888887,0.787777872,107.98
2030,7431,0.800603,0.11070555555555557,0.787826259,149.86
2030,7432,0.802257,0.03203111111111111,0.814905312,303.24
2030,7433,0.807699,0.0,0.835701606,472.99
2030,7434,0.800161,0.0,0.815083676,431.02
2030,7435,0.785298,0.0,0.789468946,320.33
2030,7436,0.76776,0.0,0.754266655,169.7
2030,7437,0.750707,0.0,0.710632287,129.9
2030,7438,0.751758,0.0,0.66365602,117.77
2030,7439,0.762942,0.0,0.618415349,110.03
2030,7440,0.78231,0.0,0.594076492,100.5
2030,7441,0.797723,0.0,0.630733078,99.05
2030,7442,0.806396,0.0,0.622156273,95.4
2030,7443,0.806285,0.0,0.621015113,95.83
2030,7444,0.80083,0.0,0.6286871,98.83
2030,7445,0.807971,0.0,0.651862639,92.91
2030,7446,0.824896,0.0,0.656473445,121.0
2030,7447,0.826802,0.0,0.727297799,215.78
2030,7448,0.82639,0.002122222222222222,0.76378032,194.0
2030,7449,0.822005,0.025837777777777775,0.769492557,141.97
2030,7450,0.809304,0.050181111111111114,0.769577333,130.92
2030,7451,0.78885,0.07084666666666666,0.76907729,122.12
2030,7452,0.776502,0.08780999999999999,0.767961899,121.47
2030,7453,0.774294,0.06887888888888888,0.785062541,124.11
2030,7454,0.780872,0.045349999999999994,0.791057784,136.88
2030,7455,0.788888,0.02273,0.793220357,190.7
2030,7456,0.792753,0.00594,0.821464022,315.69
2030,7457,0.795426,0.0,0.844715038,550.0
2030,7458,0.792601,0.0,0.820516618,545.85
2030,7459,0.774095,0.0,0.793575462,333.5
2030,7460,0.730839,0.0,0.756486962,175.62
2030,7461,0.665516,0.0,0.712389328,128.97
2030,7462,0.596115,0.0,0.666442657,113.0
2030,7463,0.54504,0.0,0.620971357,108.7
2030,7464,0.52191,0.0,0.593352759,108.14
2030,7465,0.522435,0.0,0.623873321,101.11
2030,7466,0.515482,0.0,0.615123651,98.44
2030,7467,0.478976,0.0,0.613722169,97.24
2030,7468,0.438039,0.0,0.620780511,98.46
2030,7469,0.417595,0.0,0.646156585,93.6
2030,7470,0.416074,0.0,0.653978783,99.5
2030,7471,0.426447,0.0,0.72571008,170.94
2030,7472,0.43813,0.004154444444444444,0.763298308,161.71
2030,7473,0.427293,0.03929111111111112,0.763302367,147.65
2030,7474,0.377063,0.09070777777777778,0.764391301,141.32
2030,7475,0.310339,0.17911555555555556,0.759677123,127.93
2030,7476,0.25946699999999995,0.32508333333333334,0.756416473,122.08
2030,7477,0.229753,0.3806966666666667,0.77222392,127.22
2030,7478,0.223477,0.3970766666666667,0.777334067,128.0
2030,7479,0.248464,0.25606666666666666,0.780929914,178.89
2030,7480,0.321498,0.08306,0.81113293,242.92
2030,7481,0.43214,0.0,0.844742774,371.14
2030,7482,0.524935,0.0,0.827840374,277.74
2030,7483,0.574362,0.0,0.802861068,171.19
2030,7484,0.596289,0.0,0.76395136,130.07
2030,7485,0.590522,0.0,0.716549205,113.92
2030,7486,0.549665,0.0,0.668995413,111.67
2030,7487,0.487835,0.0,0.621761267,99.87
2030,7488,0.422904,0.0,0.592171632,98.94
2030,7489,0.356714,0.0,0.613300901,99.08
2030,7490,0.318836,0.0,0.601348379,96.62
2030,7491,0.31008,0.0,0.597386727,95.6
2030,7492,0.338223,0.0,0.603063032,96.13
2030,7493,0.38322,0.0,0.627092542,97.63
2030,7494,0.412533,0.0,0.631776376,103.4
2030,7495,0.428676,0.0,0.701528909,125.98
2030,7496,0.438124,0.01680777777777778,0.741835165,132.69
2030,7497,0.414019,0.18456444444444445,0.755161776,126.19
2030,7498,0.365062,0.4249222222222222,0.758504774,117.34
2030,7499,0.348276,0.5370522222222223,0.758192232,110.94
2030,7500,0.33913,0.5786055555555555,0.758775728,105.59
2030,7501,0.323972,0.5728855555555554,0.777504597,106.81
2030,7502,0.288471,0.46123777777777775,0.783715145,112.18
2030,7503,0.244303,0.30048444444444444,0.784228561,123.59
2030,7504,0.231156,0.12350555555555556,0.809357489,129.11
2030,7505,0.257864,0.0,0.836883973,129.08
2030,7506,0.312823,0.0,0.814505464,133.09
2030,7507,0.369957,0.0,0.785222347,127.39
2030,7508,0.398948,0.0,0.743492191,115.89
2030,7509,0.400397,0.0,0.697875684,109.61
2030,7510,0.388509,0.0,0.656009297,113.0
2030,7511,0.371205,0.0,0.612201246,104.06
2030,7512,0.34788,0.0,0.582270551,105.1
2030,7513,0.341657,0.0,0.532095184,99.96
2030,7514,0.359521,0.0,0.517609039,98.0
2030,7515,0.376603,0.0,0.509674755,96.68
2030,7516,0.369677,0.0,0.506979349,98.41
2030,7517,0.352802,0.0,0.509442231,100.6
2030,7518,0.337055,0.0,0.520023567,104.31
2030,7519,0.326613,0.0,0.561387521,109.87
2030,7520,0.33586,0.0324,0.597411357,114.1
2030,7521,0.335811,0.19948333333333332,0.622536252,114.6
2030,7522,0.300465,0.48619666666666667,0.625515834,109.97
2030,7523,0.272783,0.5958077777777777,0.619119455,106.4
2030,7524,0.26331,0.62923,0.621133849,106.88
2030,7525,0.272115,0.6393322222222221,0.632587386,108.0
2030,7526,0.319436,0.6155833333333333,0.631997604,110.18
2030,7527,0.39247,0.52756,0.640037925,119.92
2030,7528,0.465301,0.3403333333333333,0.661098739,133.3
2030,7529,0.547703,0.0,0.695562246,144.8
2030,7530,0.585578,0.0,0.686020978,145.96
2030,7531,0.584686,0.0,0.668721419,139.27
2030,7532,0.554812,0.0,0.645652506,128.32
2030,7533,0.52434,0.0,0.616765349,117.96
2030,7534,0.523573,0.0,0.587172594,114.53
2030,7535,0.54658,0.0,0.557576292,110.1
2030,7536,0.569381,0.0,0.533176856,104.99
2030,7537,0.57931,0.0,0.529560444,102.28
2030,7538,0.601221,0.0,0.518546631,101.29
2030,7539,0.644425,0.0,0.513125223,99.44
2030,7540,0.676897,0.0,0.509551996,99.19
2030,7541,0.692771,0.0,0.506559023,99.89
2030,7542,0.70468,0.0,0.507721935,99.55
2030,7543,0.717177,0.0,0.541058806,102.45
2030,7544,0.733183,0.0025644444444444443,0.567490838,104.28
2030,7545,0.751039,0.032343333333333335,0.59607498,110.91
2030,7546,0.753544,0.0933011111111111,0.594167628,112.17
2030,7547,0.735213,0.21143666666666666,0.588215708,110.13
2030,7548,0.714986,0.3116022222222223,0.593115013,110.92
2030,7549,0.68468,0.4193233333333333,0.601896629,108.23
2030,7550,0.640271,0.50927,0.605785152,110.93
2030,7551,0.59793,0.46024333333333334,0.615967706,121.39
2030,7552,0.616346,0.3251666666666666,0.643542589,130.77
2030,7553,0.70899,0.0,0.704248291,145.52
2030,7554,0.773294,0.0,0.710210442,144.2
2030,7555,0.795283,0.0,0.699038066,137.57
2030,7556,0.78787,0.0,0.67912508,125.31
2030,7557,0.781636,0.0,0.650029375,115.28
2030,7558,0.76538,0.0,0.614294,111.1
2030,7559,0.728126,0.0,0.581847214,108.02
2030,7560,0.685081,0.0,0.558486066,109.55
2030,7561,0.64721,0.0,0.613042968,103.38
2030,7562,0.61954,0.0,0.606585395,99.91
2030,7563,0.593763,0.0,0.606731402,96.0
2030,7564,0.572789,0.0,0.614668077,95.01
2030,7565,0.542561,0.0,0.639405631,82.0
2030,7566,0.49695,0.0,0.646522248,91.7
2030,7567,0.454396,0.0,0.71867887,118.91
2030,7568,0.435455,0.016377777777777776,0.75708403,130.55
2030,7569,0.412514,0.11132555555555555,0.766208325,119.9
2030,7570,0.376709,0.22900555555555552,0.76768694,108.28
2030,7571,0.314778,0.33818555555555563,0.772515078,64.25
2030,7572,0.212884,0.3934888888888889,0.773549523,87.97
2030,7573,0.129803,0.443,0.792118159,101.0
2030,7574,0.088879,0.4445266666666666,0.798363563,109.0
2030,7575,0.094761,0.3621688888888889,0.797101967,102.6
2030,7576,0.134365,0.21005555555555555,0.830048563,116.2
2030,7577,0.179325,0.0,0.857831011,145.77
2030,7578,0.214944,0.0,0.833170128,144.1
2030,7579,0.223179,0.0,0.806619899,131.69
2030,7580,0.219195,0.0,0.769472717,120.0
2030,7581,0.207883,0.0,0.726467636,110.2
2030,7582,0.182163,0.0,0.681490763,107.86
2030,7583,0.162299,0.0,0.638020865,104.33
2030,7584,0.171322,0.0,0.611604255,101.2
2030,7585,0.207936,0.0,0.643059671,102.0
2030,7586,0.266338,0.0,0.635189637,95.2
2030,7587,0.323968,0.0,0.631162414,93.75
2030,7588,0.366903,0.0,0.635184598,93.16
2030,7589,0.383247,0.0,0.658224155,103.11
2030,7590,0.37378,0.0,0.662746362,89.2
2030,7591,0.361598,0.0,0.734196205,111.5
2030,7592,0.356555,0.0030311111111111116,0.770563152,180.0
2030,7593,0.344804,0.03201444444444444,0.778659531,133.2
2030,7594,0.335954,0.06591555555555556,0.77870082,158.99
2030,7595,0.324731,0.1186288888888889,0.775952392,125.52
2030,7596,0.307898,0.19511555555555554,0.775214255,124.91
2030,7597,0.29949,0.2733466666666666,0.791228012,147.31
2030,7598,0.307919,0.5199477777777778,0.793696803,160.72
2030,7599,0.346063,0.4915855555555556,0.796639871,200.0
2030,7600,0.427479,0.26442444444444446,0.831563404,245.74
2030,7601,0.530936,0.0,0.863933961,292.33
2030,7602,0.567028,0.0,0.84052074,216.0
2030,7603,0.543307,0.0,0.815796998,168.34
2030,7604,0.493842,0.0,0.778970149,146.67
2030,7605,0.434163,0.0,0.734574137,130.51
2030,7606,0.372945,0.0,0.68637211,124.44
2030,7607,0.313673,0.0,0.637700713,115.33
2030,7608,0.271415,0.0,0.608268217,114.7
2030,7609,0.251577,0.0,0.625903374,109.95
2030,7610,0.243851,0.0,0.613869641,106.56
2030,7611,0.23405,0.0,0.609770479,105.66
2030,7612,0.218742,0.0,0.614420288,107.87
2030,7613,0.186185,0.0,0.636250045,114.3
2030,7614,0.141759,0.0,0.641777359,130.31
2030,7615,0.115133,0.0,0.712776084,160.77
2030,7616,0.105266,0.00027888888888888896,0.750006343,212.71
2030,7617,0.098553,0.02415888888888889,0.774673399,213.91
2030,7618,0.076516,0.06758555555555557,0.794418008,189.78
2030,7619,0.062215,0.1361877777777778,0.801265098,169.79
2030,7620,0.068193,0.22692888888888887,0.801877976,155.7
2030,7621,0.089497,0.26754,0.819398187,153.7
2030,7622,0.11546,0.28798222222222225,0.820392044,153.42
2030,7623,0.151398,0.27712,0.816840711,162.07
2030,7624,0.193013,0.16660111111111114,0.841948816,169.59
2030,7625,0.230907,0.0,0.850538203,177.52
2030,7626,0.259262,0.0,0.817358702,175.0
2030,7627,0.272096,0.0,0.789979263,162.82
2030,7628,0.285824,0.0,0.752565554,128.5
2030,7629,0.314744,0.0,0.708481744,116.27
2030,7630,0.355751,0.0,0.662060734,114.23
2030,7631,0.394952,0.0,0.615651217,106.81
2030,7632,0.432721,0.0,0.58642748,101.7
2030,7633,0.474975,0.0,0.607038686,100.0
2030,7634,0.50054,0.0,0.595716576,96.14
2030,7635,0.504787,0.0,0.591934732,92.37
2030,7636,0.525267,0.0,0.596906375,91.63
2030,7637,0.563593,0.0,0.619076996,92.93
2030,7638,0.587594,0.0,0.624063726,105.27
2030,7639,0.600676,0.0,0.694496399,114.07
2030,7640,0.595746,0.024661111111111113,0.731358878,129.1
2030,7641,0.576182,0.2545322222222222,0.770722269,125.76
2030,7642,0.530093,0.5320944444444443,0.788263319,126.8
2030,7643,0.46792,0.6429766666666666,0.792408115,126.34
2030,7644,0.405637,0.6791633333333332,0.795503551,123.82
2030,7645,0.363588,0.6905444444444445,0.810966954,128.09
2030,7646,0.367784,0.6741766666666666,0.814085422,134.19
2030,7647,0.412909,0.59225,0.81527072,143.15
2030,7648,0.510564,0.35926111111111103,0.845372469,147.76
2030,7649,0.619897,0.0,0.855351594,157.16
2030,7650,0.669406,0.0,0.825578494,155.24
2030,7651,0.678966,0.0,0.798036575,149.12
2030,7652,0.660313,0.0,0.757587963,138.96
2030,7653,0.60989,0.0,0.706961567,129.53
2030,7654,0.576025,0.0,0.657546767,122.89
2030,7655,0.54273,0.0,0.610917759,112.56
2030,7656,0.499274,0.0,0.582996842,110.66
2030,7657,0.472759,0.0,0.62737641,106.8
2030,7658,0.464793,0.0,0.617854476,107.07
2030,7659,0.462567,0.0,0.616020318,103.7
2030,7660,0.454266,0.0,0.622787632,104.5
2030,7661,0.447816,0.0,0.646051779,108.78
2030,7662,0.446255,0.0,0.65247976,129.8
2030,7663,0.449537,0.0,0.726187255,145.23
2030,7664,0.458503,0.02468555555555555,0.767075053,158.52
2030,7665,0.453068,0.20432999999999998,0.786130193,149.97
2030,7666,0.423322,0.5219244444444445,0.791635226,137.58
2030,7667,0.383173,0.634468888888889,0.800927239,133.51
2030,7668,0.327759,0.6713788888888887,0.796755442,121.64
2030,7669,0.295886,0.6795833333333334,0.815444951,121.5
2030,7670,0.292808,0.65751,0.817354119,130.1
2030,7671,0.312792,0.5695988888888889,0.809863296,138.14
2030,7672,0.365999,0.32115666666666665,0.840702414,133.19
2030,7673,0.428681,0.0,0.867023047,137.03
2030,7674,0.473765,0.0,0.839931974,135.54
2030,7675,0.483595,0.0,0.81118058,128.0
2030,7676,0.454721,0.0,0.772530897,115.73
2030,7677,0.399884,0.0,0.730516191,110.74
2030,7678,0.352454,0.0,0.688600316,108.19
2030,7679,0.312803,0.0,0.647114209,93.55
2030,7680,0.275023,0.0,0.617909808,102.65
2030,7681,0.247633,0.0,0.601849142,99.09
2030,7682,0.239912,0.0,0.590274124,97.91
2030,7683,0.250755,0.0,0.585737135,96.07
2030,7684,0.261758,0.0,0.583476329,89.78
2030,7685,0.266354,0.0,0.584493875,86.95
2030,7686,0.261746,0.0,0.595910801,78.6
2030,7687,0.253493,0.0,0.641519071,90.1
2030,7688,0.250765,0.0,0.677512068,104.75
2030,7689,0.253131,0.004016666666666667,0.701877587,118.4
2030,7690,0.254624,0.01646444444444444,0.686940223,114.9
2030,7691,0.25163,0.036844444444444444,0.670799396,111.41
2030,7692,0.244082,0.06182222222222222,0.65804255,108.98
2030,7693,0.231909,0.07221555555555555,0.656500206,101.76
2030,7694,0.222831,0.06646555555555554,0.664585387,100.0
2030,7695,0.226217,0.03920333333333333,0.681180858,102.58
2030,7696,0.25949,0.008894444444444446,0.712910259,112.05
2030,7697,0.306883,0.0,0.766689219,126.53
2030,7698,0.359893,0.0,0.761546214,122.5
2030,7699,0.412357,0.0,0.745260453,111.0
2030,7700,0.460122,0.0,0.722009057,119.3
2030,7701,0.500225,0.0,0.691584004,119.3
2030,7702,0.5151749999999999,0.0,0.658665411,117.62
2030,7703,0.5141509999999999,0.0,0.627264863,95.96
2030,7704,0.50172,0.0,0.602122855,96.05
2030,7705,0.478724,0.0,0.574812652,90.92
2030,7706,0.452525,0.0,0.562778579,74.33
2030,7707,0.440323,0.0,0.556140031,61.18
2030,7708,0.443575,0.0,0.551178256,45.53
2030,7709,0.484322,0.0,0.544917427,39.3
2030,7710,0.542372,0.0,0.543934196,46.6
2030,7711,0.587833,0.0,0.576809213,64.04
2030,7712,0.605044,0.007346666666666667,0.603619331,85.7
2030,7713,0.586189,0.0930288888888889,0.636144052,92.8
2030,7714,0.547623,0.22641888888888884,0.655501452,45.03
2030,7715,0.506034,0.36554777777777775,0.661075092,13.8
2030,7716,0.478278,0.5258377777777777,0.663309456,24.47
2030,7717,0.453177,0.5515777777777778,0.660896613,14.93
2030,7718,0.434052,0.59659,0.655081638,59.8
2030,7719,0.412509,0.493521111111111,0.660566425,82.19
2030,7720,0.428653,0.22725888888888887,0.690210761,113.8
2030,7721,0.454796,0.0,0.740375712,130.6
2030,7722,0.495181,0.0,0.73868073,124.9
2030,7723,0.52383,0.0,0.726193858,100.0
2030,7724,0.54237,0.0,0.706384368,124.97
2030,7725,0.52903,0.0,0.675908051,115.0
2030,7726,0.470026,0.0,0.638748357,119.9
2030,7727,0.383226,0.0,0.606220463,110.0
2030,7728,0.301804,0.0,0.583523753,95.2
2030,7729,0.243596,0.0,0.620325798,82.5
2030,7730,0.205873,0.0,0.610457123,91.18
2030,7731,0.184599,0.0,0.608229595,93.5
2030,7732,0.176489,0.0,0.612828457,82.33
2030,7733,0.178728,0.0,0.63558171,91.13
2030,7734,0.192004,0.0,0.641504487,98.04
2030,7735,0.211271,0.0,0.715066627,122.96
2030,7736,0.23195,0.0009866666666666667,0.755151132,123.11
2030,7737,0.232188,0.04464777777777778,0.774883706,120.55
2030,7738,0.198909,0.1318,0.783718842,120.0
2030,7739,0.160713,0.2701633333333333,0.789161685,110.0
2030,7740,0.125014,0.3334744444444444,0.792118429,95.47
2030,7741,0.099399,0.2991433333333333,0.809309448,96.8
2030,7742,0.085485,0.21171777777777778,0.808722536,115.1
2030,7743,0.087559,0.1204488888888889,0.804399841,123.06
2030,7744,0.098061,0.03938444444444444,0.83382098,144.0
2030,7745,0.104145,0.0,0.861589788,159.7
2030,7746,0.102912,0.0,0.831644921,163.56
2030,7747,0.092412,0.0,0.804145974,154.42
2030,7748,0.076601,0.0,0.766014749,129.76
2030,7749,0.059876,0.0,0.719267456,117.81
2030,7750,0.037909,0.0,0.669540776,116.99
2030,7751,0.020649,0.0,0.62297579,108.4
2030,7752,0.010564,0.0,0.594140833,107.06
2030,7753,0.007208,0.0,0.617512646,101.4
2030,7754,0.00759,0.0,0.60671952,95.58
2030,7755,0.008831,0.0,0.603043791,86.79
2030,7756,0.010082,0.0,0.607380024,80.68
2030,7757,0.011307,0.0,0.629367432,86.79
2030,7758,0.010771,0.0,0.634137818,109.97
2030,7759,0.008671,0.0,0.704892061,125.4
2030,7760,0.006485,0.0011455555555555555,0.74302208,144.87
2030,7761,0.004917,0.056695555555555555,0.766793521,148.99
2030,7762,0.005429,0.13391666666666666,0.779146405,146.74
2030,7763,0.004152,0.21385777777777779,0.781804319,152.81
2030,7764,0.004611,0.3154388888888889,0.789920381,143.8
2030,7765,0.007761,0.41685333333333335,0.809298521,144.13
2030,7766,0.01064,0.44590444444444444,0.812573876,133.02
2030,7767,0.019529,0.3474777777777778,0.809412247,128.76
2030,7768,0.025702,0.10380333333333333,0.838396496,132.89
2030,7769,0.033538,0.0,0.85814557,139.9
2030,7770,0.042474,0.0,0.828969882,134.93
2030,7771,0.05052,0.0,0.803255267,126.3
2030,7772,0.056157,0.0,0.768002336,117.15
2030,7773,0.059416,0.0,0.724824445,109.37
2030,7774,0.06073,0.0,0.678857487,105.44
2030,7775,0.067311,0.0,0.632421629,89.9
2030,7776,0.074349,0.0,0.60377038,100.6
2030,7777,0.080774,0.0,0.652853642,91.59
2030,7778,0.080686,0.0,0.640153422,86.6
2030,7779,0.077188,0.0,0.635837442,81.53
2030,7780,0.076111,0.0,0.640550107,81.01
2030,7781,0.08364,0.0,0.663538353,91.87
2030,7782,0.099822,0.0,0.669636655,106.32
2030,7783,0.114986,0.0,0.742773983,133.34
2030,7784,0.123823,0.0,0.783848302,142.87
2030,7785,0.12809,0.01595111111111111,0.808822062,139.97
2030,7786,0.11251,0.03950333333333333,0.818554286,118.9
2030,7787,0.089159,0.07087888888888888,0.829110896,107.77
2030,7788,0.069625,0.10032666666666666,0.836326608,97.26
2030,7789,0.056044,0.09507000000000002,0.858144027,97.36
2030,7790,0.053072,0.06926777777777778,0.863582456,106.4
2030,7791,0.059127,0.03444,0.861427738,126.42
2030,7792,0.080415,0.004963333333333333,0.895742054,134.18
2030,7793,0.115927,0.0,0.923589173,142.13
2030,7794,0.138947,0.0,0.892556935,142.7
2030,7795,0.148228,0.0,0.8670484,140.62
2030,7796,0.145207,0.0,0.83139126,135.98
2030,7797,0.141302,0.0,0.787183386,120.1
2030,7798,0.135825,0.0,0.741339927,115.82
2030,7799,0.126969,0.0,0.695596758,103.5
2030,7800,0.113166,0.0,0.666089174,93.96
2030,7801,0.093731,0.0,0.711591519,90.4
2030,7802,0.072435,0.0,0.700549787,86.8
2030,7803,0.054505,0.0,0.697267036,84.15
2030,7804,0.043379,0.0,0.702177064,84.23
2030,7805,0.04014,0.0,0.726230558,92.88
2030,7806,0.040582,0.0,0.728922737,108.29
2030,7807,0.044805,0.0,0.801510087,122.27
2030,7808,0.054451,0.0,0.838013045,133.35
2030,7809,0.054731,0.02198111111111111,0.859282849,135.01
2030,7810,0.049432,0.06110444444444444,0.868794942,127.38
2030,7811,0.043889,0.12638666666666667,0.871900253,115.5
2030,7812,0.04101,0.22097333333333335,0.872452987,113.62
2030,7813,0.040251,0.23988777777777778,0.888705814,120.96
2030,7814,0.041015,0.20719666666666667,0.893707158,137.21
2030,7815,0.047773,0.1610311111111111,0.897307047,149.07
2030,7816,0.04884,0.02911,0.927232282,167.13
2030,7817,0.04693,0.0,0.959369984,175.31
2030,7818,0.044599,0.0,0.930238549,158.21
2030,7819,0.043494,0.0,0.904844559,151.16
2030,7820,0.042253,0.0,0.864316074,130.04
2030,7821,0.042416,0.0,0.815727369,122.14
2030,7822,0.043095,0.0,0.767220071,121.22
2030,7823,0.046336,0.0,0.723718259,106.82
2030,7824,0.056782,0.0,0.692126664,114.5
2030,7825,0.075183,0.0,0.727028797,104.02
2030,7826,0.096287,0.0,0.716865132,96.24
2030,7827,0.115591,0.0,0.715096994,90.01
2030,7828,0.12813300000000002,0.0,0.720933583,87.2
2030,7829,0.150802,0.0,0.741604782,91.6
2030,7830,0.179509,0.0,0.74445134,115.3
2030,7831,0.172185,0.0,0.81638403,135.06
2030,7832,0.128817,0.00042777777777777774,0.854501517,144.21
2030,7833,0.100871,0.1029322222222222,0.872969211,141.05
2030,7834,0.096247,0.2736055555555556,0.876210474,132.94
2030,7835,0.115648,0.39209,0.883005779,116.88
2030,7836,0.176821,0.40824444444444447,0.893446496,106.0
2030,7837,0.264418,0.3173666666666667,0.918574683,94.5
2030,7838,0.332632,0.15502,0.9277,94.87
2030,7839,0.374019,0.07064333333333332,0.931560972,108.87
2030,7840,0.401939,0.00837111111111111,0.962461785,114.03
2030,7841,0.43122,0.0,0.979275186,130.0
2030,7842,0.446999,0.0,0.941895664,135.01
2030,7843,0.465279,0.0,0.910841333,132.97
2030,7844,0.515245,0.0,0.868710758,129.1
2030,7845,0.565972,0.0,0.823443867,107.23
2030,7846,0.596112,0.0,0.780460135,120.4
2030,7847,0.61537,0.0,0.732343536,129.48
2030,7848,0.652853,0.0,0.698221809,121.61
2030,7849,0.678962,0.0,0.660836079,113.88
2030,7850,0.686951,0.0,0.645461654,103.36
2030,7851,0.691565,0.0,0.637422482,92.4
2030,7852,0.678953,0.0,0.634031118,80.0
2030,7853,0.675701,0.0,0.632809939,87.1
2030,7854,0.666738,0.0,0.642080235,84.66
2030,7855,0.657964,0.0,0.688454451,90.4
2030,7856,0.667802,0.0,0.725084844,97.95
2030,7857,0.670511,0.022486666666666665,0.760554918,85.62
2030,7858,0.644562,0.061656666666666665,0.775020531,90.0
2030,7859,0.63625,0.10395444444444443,0.773630338,85.98
2030,7860,0.653144,0.13046000000000002,0.769820184,88.62
2030,7861,0.660417,0.12142555555555555,0.763212927,78.0
2030,7862,0.678963,0.08463444444444444,0.758447728,85.68
2030,7863,0.704665,0.03607777777777778,0.764044772,100.62
2030,7864,0.763414,0.0038766666666666667,0.792891735,85.46
2030,7865,0.802719,0.0,0.853199528,95.56
2030,7866,0.828757,0.0,0.847434666,89.0
2030,7867,0.841448,0.0,0.832710593,75.17
2030,7868,0.863616,0.0,0.80865009,63.75
2030,7869,0.89332,0.0,0.774741969,51.31
2030,7870,0.918883,0.0,0.734146948,42.14
2030,7871,0.932369,0.0,0.698705995,19.29
2030,7872,0.948763,0.0,0.669197658,4.66
2030,7873,0.959957,0.0,0.631061383,1.72
2030,7874,0.967689,0.0,0.619363298,0.0
2030,7875,0.974037,0.0,0.61003623,-1.07
2030,7876,0.976836,0.0,0.604366661,-1.9
2030,7877,0.977362,0.0,0.598634884,-2.09
2030,7878,0.977905,0.0,0.596458831,-2.67
2030,7879,0.976873,0.0,0.629763691,-0.03
2030,7880,0.971715,0.0,0.655351117,1.37
2030,7881,0.953331,0.005356666666666666,0.681705049,3.75
2030,7882,0.908374,0.035422222222222216,0.682701535,2.07
2030,7883,0.844565,0.13501444444444444,0.680252876,1.25
2030,7884,0.798148,0.31181444444444434,0.675531693,2.22
2030,7885,0.825331,0.4344088888888889,0.673968528,1.35
2030,7886,0.869311,0.4600911111111111,0.677255385,4.78
2030,7887,0.883906,0.3743599999999999,0.690159615,8.92
2030,7888,0.901244,0.0851111111111111,0.730791701,41.5
2030,7889,0.927636,0.0,0.797745702,78.0
2030,7890,0.950693,0.0,0.796280686,60.0
2030,7891,0.962527,0.0,0.787523854,59.9
2030,7892,0.96744,0.0,0.772698273,39.0
2030,7893,0.968756,0.0,0.740623442,14.72
2030,7894,0.961521,0.0,0.703659045,8.41
2030,7895,0.94263,0.0,0.675571121,4.0
2030,7896,0.910087,0.0,0.653185871,0.43
2030,7897,0.878843,0.0,0.684530509,0.01
2030,7898,0.859878,0.0,0.675350617,-0.55
2030,7899,0.857229,0.0,0.671698008,-1.09
2030,7900,0.841702,0.0,0.674307885,-0.34
2030,7901,0.811359,0.0,0.695423031,-0.05
2030,7902,0.813434,0.0,0.697183764,1.93
2030,7903,0.835605,0.0,0.7687517,57.0
2030,7904,0.871999,0.0,0.802500098,97.0
2030,7905,0.894386,0.03791777777777778,0.82231118,118.59
2030,7906,0.902196,0.10522444444444443,0.838237993,128.2
2030,7907,0.9355,0.21347444444444447,0.845962227,123.0
2030,7908,0.96383,0.3441855555555556,0.850282719,112.0
2030,7909,0.978548,0.3732066666666667,0.86500238,112.2
2030,7910,0.984144,0.31698777777777776,0.86381106,114.0
2030,7911,0.987008,0.14918444444444445,0.862722004,115.68
2030,7912,0.986341,0.012243333333333332,0.890413941,125.0
2030,7913,0.984711,0.0,0.903299818,149.0
2030,7914,0.982351,0.0,0.868552269,138.21
2030,7915,0.983128,0.0,0.840846342,118.99
2030,7916,0.98419,0.0,0.802492622,96.35
2030,7917,0.986611,0.0,0.756782211,83.4
2030,7918,0.987923,0.0,0.709192186,88.08
2030,7919,0.989006,0.0,0.664444926,70.71
2030,7920,0.988605,0.0,0.636025822,90.1
2030,7921,0.986986,0.0,0.655541442,79.06
2030,7922,0.984888,0.0,0.644000226,78.62
2030,7923,0.981121,0.0,0.640096517,71.23
2030,7924,0.977499,0.0,0.644876411,72.98
2030,7925,0.97379,0.0,0.667109633,82.38
2030,7926,0.970565,0.0,0.671627463,101.45
2030,7927,0.954285,0.0,0.743917284,110.0
2030,7928,0.948633,0.0,0.783032995,136.15
2030,7929,0.958458,0.006692222222222222,0.809104,126.99
2030,7930,0.942132,0.021232222222222225,0.831539067,112.09
2030,7931,0.956931,0.04935666666666667,0.838190065,100.0
2030,7932,0.968436,0.17046333333333336,0.842106475,91.95
2030,7933,0.980882,0.25814,0.860956869,101.64
2030,7934,0.988274,0.4035877777777777,0.865049532,115.71
2030,7935,0.988404,0.3751688888888889,0.864657756,124.25
2030,7936,0.984508,0.0880911111111111,0.889372219,144.02
2030,7937,0.979737,0.0,0.900394147,155.18
2030,7938,0.971721,0.0,0.865963042,160.64
2030,7939,0.954709,0.0,0.838796314,152.94
2030,7940,0.926261,0.0,0.801362289,127.03
2030,7941,0.885382,0.0,0.757510319,118.63
2030,7942,0.830285,0.0,0.711726041,122.5
2030,7943,0.755979,0.0,0.666309953,113.6
2030,7944,0.650185,0.0,0.63930783,111.06
2030,7945,0.539698,0.0,0.681626857,110.0
2030,7946,0.446266,0.0,0.671598603,110.0
2030,7947,0.360463,0.0,0.669595389,103.21
2030,7948,0.293366,0.0,0.675292236,100.87
2030,7949,0.253462,0.0,0.697284179,112.11
2030,7950,0.267707,0.0,0.703158726,128.8
2030,7951,0.344202,0.0,0.777908868,128.9
2030,7952,0.440177,0.0010544444444444442,0.819224557,166.0
2030,7953,0.501972,0.13201555555555558,0.845501348,131.0
2030,7954,0.510807,0.28438444444444444,0.868858612,139.07
2030,7955,0.5159389999999999,0.5475544444444445,0.87838931,134.39
2030,7956,0.527632,0.6039777777777778,0.882270429,125.81
2030,7957,0.533895,0.6201866666666667,0.895660061,124.4
2030,7958,0.548477,0.5962555555555555,0.898791124,119.87
2030,7959,0.588175,0.4833288888888889,0.896352606,124.0
2030,7960,0.68367,0.11831777777777777,0.923573328,116.39
2030,7961,0.791282,0.0,0.937172737,113.74
2030,7962,0.851275,0.0,0.899981793,109.9
2030,7963,0.859908,0.0,0.872115516,101.0
2030,7964,0.864883,0.0,0.834909754,78.98
2030,7965,0.855944,0.0,0.792077592,79.97
2030,7966,0.846794,0.0,0.747079624,85.7
2030,7967,0.850215,0.0,0.702251996,59.9
2030,7968,0.862628,0.0,0.673619198,50.1
2030,7969,0.865215,0.0,0.709461174,41.21
2030,7970,0.870811,0.0,0.69783146,35.13
2030,7971,0.882091,0.0,0.693534828,38.0
2030,7972,0.889023,0.0,0.698289843,59.9
2030,7973,0.894341,0.0,0.719618055,92.04
2030,7974,0.900541,0.0,0.723494994,100.1
2030,7975,0.915387,0.0,0.797790494,132.1
2030,7976,0.928462,0.0,0.837322621,148.29
2030,7977,0.940155,0.034772222222222225,0.864258915,140.36
2030,7978,0.946999,0.16811444444444446,0.880155049,99.01
2030,7979,0.951676,0.36696222222222225,0.884271407,98.7
2030,7980,0.963855,0.5150711111111111,0.884234511,96.16
2030,7981,0.976672,0.4739333333333333,0.898803822,98.99
2030,7982,0.983083,0.32843888888888895,0.900390167,114.4
2030,7983,0.983604,0.18136555555555556,0.89860264,118.8
2030,7984,0.985505,0.016713333333333334,0.93002187,133.93
2030,7985,0.988252,0.0,0.952083893,151.0
2030,7986,0.989089,0.0,0.919763932,158.24
2030,7987,0.988753,0.0,0.895500065,154.04
2030,7988,0.986948,0.0,0.858343643,143.39
2030,7989,0.988142,0.0,0.815497983,131.26
2030,7990,0.987037,0.0,0.773660931,122.16
2030,7991,0.977475,0.0,0.730838711,112.6
2030,7992,0.947014,0.0,0.703862797,110.3
2030,7993,0.933061,0.0,0.73802422,107.01
2030,7994,0.937743,0.0,0.728799998,103.47
2030,7995,0.963189,0.0,0.725462108,101.52
2030,7996,0.963256,0.0,0.730626053,102.83
2030,7997,0.944837,0.0,0.74847416,112.27
2030,7998,0.914139,0.0,0.748488493,130.66
2030,7999,0.898857,0.0,0.820767901,160.73
2030,8000,0.895527,0.0,0.860467768,173.56
2030,8001,0.865563,0.14447888888888888,0.883299802,157.37
2030,8002,0.814178,0.34383555555555556,0.898508478,138.35
2030,8003,0.777641,0.4753444444444444,0.909212694,120.06
2030,8004,0.797327,0.5018866666666666,0.915471093,110.05
2030,8005,0.804203,0.49137,0.93089338,114.26
2030,8006,0.800876,0.42086777777777773,0.923397501,109.3
2030,8007,0.804427,0.2726844444444444,0.914865832,124.2
2030,8008,0.827811,0.04119,0.942021221,146.22
2030,8009,0.836424,0.0,0.958468204,149.35
2030,8010,0.854491,0.0,0.920446312,142.03
2030,8011,0.877833,0.0,0.889457729,131.87
2030,8012,0.895081,0.0,0.847927938,119.9
2030,8013,0.914613,0.0,0.80283799,112.1
2030,8014,0.933272,0.0,0.760441597,113.93
2030,8015,0.945658,0.0,0.719047139,103.28
2030,8016,0.946311,0.0,0.689349605,99.5
2030,8017,0.952601,0.0,0.642499368,92.69
2030,8018,0.970142,0.0,0.628220894,89.62
2030,8019,0.986094,0.0,0.620472501,86.62
2030,8020,0.988886,0.0,0.618281707,88.04
2030,8021,0.985774,0.0,0.621413652,90.08
2030,8022,0.988562,0.0,0.634263698,88.12
2030,8023,0.988986,0.0,0.683062088,102.42
2030,8024,0.985704,0.0,0.726070787,117.8
2030,8025,0.978169,0.01674222222222222,0.75530884,125.0
2030,8026,0.957751,0.12664666666666666,0.749329949,108.86
2030,8027,0.893788,0.22833444444444445,0.736526465,85.45
2030,8028,0.866374,0.16616888888888887,0.725580713,87.18
2030,8029,0.785281,0.06584111111111111,0.723522208,90.0
2030,8030,0.679676,0.03375444444444445,0.728208798,106.8
2030,8031,0.498757,0.012227777777777778,0.738512149,122.21
2030,8032,0.344344,0.0,0.769921913,131.53
2030,8033,0.239248,0.0,0.814169254,137.68
2030,8034,0.166368,0.0,0.805761698,136.4
2030,8035,0.075199,0.0,0.789583682,131.96
2030,8036,0.043652,0.0,0.767692905,124.51
2030,8037,0.063156,0.0,0.738720303,115.08
2030,8038,0.088789,0.0,0.704455394,114.78
2030,8039,0.15011,0.0,0.669688121,106.67
2030,8040,0.266886,0.0,0.642464453,99.66
2030,8041,0.465306,0.0,0.62134176,90.01
2030,8042,0.644654,0.0,0.608364736,88.14
2030,8043,0.770971,0.0,0.601706952,85.7
2030,8044,0.761047,0.0,0.599034918,84.27
2030,8045,0.621835,0.0,0.595324074,83.77
2030,8046,0.477476,0.0,0.59641493,83.23
2030,8047,0.378625,0.0,0.633706043,89.5
2030,8048,0.400707,0.0,0.667506146,99.19
2030,8049,0.521006,0.07300444444444443,0.694819902,94.6
2030,8050,0.604308,0.1428966666666667,0.689552371,89.3
2030,8051,0.665637,0.24198000000000003,0.687396078,82.38
2030,8052,0.721348,0.2982111111111111,0.687666199,85.25
2030,8053,0.732083,0.36400444444444435,0.692509496,83.08
2030,8054,0.677525,0.3839755555555555,0.695213139,88.17
2030,8055,0.603052,0.31325222222222227,0.709452297,105.25
2030,8056,0.610628,0.033,0.748373417,117.45
2030,8057,0.6811,0.0,0.807443676,117.8
2030,8058,0.763603,0.0,0.806548206,123.27
2030,8059,0.828818,0.0,0.795372037,112.31
2030,8060,0.876664,0.0,0.776951554,93.66
2030,8061,0.903909,0.0,0.748762556,86.01
2030,8062,0.925159,0.0,0.710932605,97.39
2030,8063,0.945908,0.0,0.674234756,85.0
2030,8064,0.964552,0.0,0.648371521,74.77
2030,8065,0.977758,0.0,0.700667404,66.21
2030,8066,0.985407,0.0,0.6925333,61.57
2030,8067,0.989086,0.0,0.69355465,46.5
2030,8068,0.984255,0.0,0.70317596,49.15
2030,8069,0.975907,0.0,0.730012408,68.42
2030,8070,0.976673,0.0,0.737872932,92.51
2030,8071,0.98528,0.0,0.815394575,125.25
2030,8072,0.988618,0.0,0.86143741,126.2
2030,8073,0.976813,0.0002588888888888889,0.881021697,123.94
2030,8074,0.967743,0.009733333333333332,0.883579274,121.44
2030,8075,0.962426,0.034883333333333336,0.87976324,115.97
2030,8076,0.963922,0.12044666666666666,0.875882583,115.18
2030,8077,0.967824,0.23947777777777776,0.889719831,126.4
2030,8078,0.968618,0.3388,0.893303791,134.05
2030,8079,0.967163,0.23011555555555555,0.89415909,141.93
2030,8080,0.96053,0.030036666666666666,0.929318392,144.75
2030,8081,0.952176,0.0,0.955238642,147.07
2030,8082,0.948353,0.0,0.921859566,148.28
2030,8083,0.943874,0.0,0.896573148,138.77
2030,8084,0.941419,0.0,0.862398054,121.13
2030,8085,0.943242,0.0,0.820475228,113.41
2030,8086,0.955104,0.0,0.770562957,112.54
2030,8087,0.968453,0.0,0.724187346,102.64
2030,8088,0.976668,0.0,0.698195231,110.93
2030,8089,0.980706,0.0,0.722593282,90.9
2030,8090,0.983135,0.0,0.709478695,88.0
2030,8091,0.98319,0.0,0.705170324,86.8
2030,8092,0.980735,0.0,0.709868298,94.96
2030,8093,0.977904,0.0,0.73352381,102.56
2030,8094,0.973345,0.0,0.740787781,119.94
2030,8095,0.960457,0.0,0.816356217,142.0
2030,8096,0.943178,0.0,0.863341402,155.64
2030,8097,0.927672,0.012696666666666667,0.884881683,151.09
2030,8098,0.913519,0.029842222222222225,0.897336462,142.29
2030,8099,0.912669,0.03996555555555555,0.901780097,131.14
2030,8100,0.916624,0.044463333333333334,0.910269298,127.13
2030,8101,0.915321,0.03324777777777778,0.935680927,141.62
2030,8102,0.91564,0.017912222222222222,0.948490518,148.0
2030,8103,0.916485,0.005906666666666666,0.946406051,165.98
2030,8104,0.915412,0.0,0.963923896,200.1
2030,8105,0.904442,0.0,0.953599028,209.14
2030,8106,0.890347,0.0,0.911553137,197.88
2030,8107,0.882883,0.0,0.879325386,189.83
2030,8108,0.894371,0.0,0.841509005,168.44
2030,8109,0.89598,0.0,0.795696444,153.13
2030,8110,0.916526,0.0,0.746565517,142.08
2030,8111,0.945716,0.0,0.698035561,130.81
2030,8112,0.966785,0.0,0.668424465,121.0
2030,8113,0.976668,0.0,0.683201513,116.66
2030,8114,0.979423,0.0,0.670297129,112.79
2030,8115,0.976997,0.0,0.665874023,110.0
2030,8116,0.971025,0.0,0.671855674,111.64
2030,8117,0.967909,0.0,0.695651505,119.6
2030,8118,0.964965,0.0,0.701214566,143.15
2030,8119,0.960984,0.0,0.777014546,202.14
2030,8120,0.958324,0.0,0.824566964,266.51
2030,8121,0.959555,0.036632222222222226,0.84422473,244.05
2030,8122,0.968943,0.10160555555555553,0.855321516,203.19
2030,8123,0.980071,0.13645999999999997,0.860722207,192.03
2030,8124,0.98619,0.1537022222222222,0.856075821,187.05
2030,8125,0.988268,0.13116444444444447,0.873658208,191.35
2030,8126,0.988498,0.11104666666666665,0.874630361,206.16
2030,8127,0.987922,0.07068888888888888,0.869422026,227.83
2030,8128,0.986672,0.0014711111111111112,0.901830604,250.0
2030,8129,0.984026,0.0,0.920912938,279.69
2030,8130,0.9799,0.0,0.88881022,225.24
2030,8131,0.97587,0.0,0.862392518,194.0
2030,8132,0.968127,0.0,0.826777675,158.8
2030,8133,0.956373,0.0,0.783443815,133.0
2030,8134,0.94279,0.0,0.73740421,120.0
2030,8135,0.935435,0.0,0.690019414,111.0
2030,8136,0.934459,0.0,0.660835572,114.77
2030,8137,0.932361,0.0,0.690073456,105.74
2030,8138,0.933849,0.0,0.677819444,100.1
2030,8139,0.948161,0.0,0.674149473,87.14
2030,8140,0.962799,0.0,0.679504996,76.94
2030,8141,0.968593,0.0,0.700971582,77.7
2030,8142,0.970445,0.0,0.706163409,91.3
2030,8143,0.971034,0.0,0.780642082,100.1
2030,8144,0.967582,0.0,0.826632924,128.0
2030,8145,0.963316,0.008013333333333334,0.846326413,131.78
2030,8146,0.964141,0.035313333333333335,0.848470944,124.92
2030,8147,0.964649,0.09179555555555555,0.84037344,107.31
2030,8148,0.959158,0.19223111111111113,0.835604362,103.5
2030,8149,0.944269,0.17698888888888886,0.851013927,104.32
2030,8150,0.936686,0.11545333333333332,0.854145514,107.36
2030,8151,0.941423,0.050510000000000006,0.855941201,116.26
2030,8152,0.933764,0.0019411111111111113,0.893333226,124.64
2030,8153,0.903129,0.0,0.920095088,137.9
2030,8154,0.862402,0.0,0.890807278,130.0
2030,8155,0.815045,0.0,0.86415908,115.21
2030,8156,0.793006,0.0,0.825938881,101.91
2030,8157,0.782444,0.0,0.779927237,83.93
2030,8158,0.782688,0.0,0.731922049,79.96
2030,8159,0.802827,0.0,0.684118173,45.12
2030,8160,0.804487,0.0,0.65443531,12.09
2030,8161,0.838363,0.0,0.686151944,5.97
2030,8162,0.859896,0.0,0.673969653,4.16
2030,8163,0.898794,0.0,0.673027747,2.22
2030,8164,0.947524,0.0,0.6797268,2.79
2030,8165,0.975776,0.0,0.704414341,10.54
2030,8166,0.98906,0.0,0.709463797,62.7
2030,8167,0.986155,0.0,0.785529993,94.77
2030,8168,0.980878,0.0,0.836422786,111.75
2030,8169,0.971713,0.015006666666666666,0.86359728,125.0
2030,8170,0.968457,0.08235222222222223,0.860451138,105.43
2030,8171,0.960238,0.20687333333333335,0.842576885,99.9
2030,8172,0.928769,0.2790344444444444,0.832154198,91.9
2030,8173,0.874551,0.21931777777777775,0.844991484,101.17
2030,8174,0.808927,0.1088011111111111,0.845301916,109.0
2030,8175,0.797534,0.06576444444444446,0.845414025,117.03
2030,8176,0.825399,0.005436666666666667,0.886260907,130.58
2030,8177,0.844131,0.0,0.918232084,142.27
2030,8178,0.856532,0.0,0.891141526,150.55
2030,8179,0.856532,0.0,0.864561145,141.7
2030,8180,0.876533,0.0,0.825990365,128.25
2030,8181,0.908948,0.0,0.784413673,117.99
2030,8182,0.940143,0.0,0.742993545,118.0
2030,8183,0.96685,0.0,0.697348298,100.49
2030,8184,0.985346,0.0,0.666592468,85.79
2030,8185,0.988505,0.0,0.645872036,74.92
2030,8186,0.979817,0.0,0.632936707,67.5
2030,8187,0.966807,0.0,0.626052113,61.48
2030,8188,0.929906,0.0,0.622514192,49.1
2030,8189,0.846174,0.0,0.619246522,37.41
2030,8190,0.771852,0.0,0.62218657,36.5
2030,8191,0.755329,0.0,0.663906039,41.48
2030,8192,0.806326,0.0,0.703516304,54.17
2030,8193,0.87978,0.016031111111111114,0.734933938,59.1
2030,8194,0.937109,0.08195333333333332,0.747438771,58.8
2030,8195,0.972874,0.09131555555555555,0.748076714,57.96
2030,8196,0.988951,0.05377444444444444,0.747640382,63.14
2030,8197,0.974805,0.03067,0.748324213,66.65
2030,8198,0.933593,0.02239888888888889,0.751613919,65.74
2030,8199,0.892178,0.002066666666666667,0.760963079,72.34
2030,8200,0.848886,0.0,0.788023864,85.0
2030,8201,0.755213,0.0,0.827417043,87.2
2030,8202,0.669151,0.0,0.816996656,82.61
2030,8203,0.59236,0.0,0.800081552,80.35
2030,8204,0.645761,0.0,0.777934383,78.9
2030,8205,0.82401,0.0,0.751035725,79.03
2030,8206,0.937039,0.0,0.721593293,76.5
2030,8207,0.958266,0.0,0.691520086,68.73
2030,8208,0.953293,0.0,0.665500262,82.16
2030,8209,0.940085,0.0,0.648858072,75.85
2030,8210,0.931869,0.0,0.635524479,75.81
2030,8211,0.938388,0.0,0.629193609,71.21
2030,8212,0.950148,0.0,0.623310257,71.28
2030,8213,0.966947,0.0,0.614530284,76.96
2030,8214,0.97921,0.0,0.60708307,78.74
2030,8215,0.985436,0.0,0.637520179,79.29
2030,8216,0.987929,0.0,0.666998876,88.67
2030,8217,0.988888,0.12850777777777775,0.694984413,98.73
2030,8218,0.989023,0.3215877777777777,0.718854833,100.81
2030,8219,0.987834,0.40996,0.732657675,106.4
2030,8220,0.985703,0.4259033333333333,0.740061494,108.74
2030,8221,0.982416,0.42017999999999994,0.739115307,106.16
2030,8222,0.977374,0.36911333333333335,0.734053695,99.37
2030,8223,0.97104,0.22230444444444444,0.735441605,109.66
2030,8224,0.966384,0.014067777777777778,0.765867863,95.8
2030,8225,0.961739,0.0,0.814965621,105.48
2030,8226,0.955598,0.0,0.810560608,95.35
2030,8227,0.946329,0.0,0.799001731,94.12
2030,8228,0.93481,0.0,0.778181737,88.75
2030,8229,0.910188,0.0,0.752040365,88.0
2030,8230,0.868209,0.0,0.715886697,85.75
2030,8231,0.819386,0.0,0.681812516,73.51
2030,8232,0.770967,0.0,0.657044983,68.99
2030,8233,0.74519,0.0,0.696561296,53.19
2030,8234,0.739585,0.0,0.68505488,34.66
2030,8235,0.751775,0.0,0.68380495,31.5
2030,8236,0.765071,0.0,0.693807638,35.33
2030,8237,0.777338,0.0,0.718122846,66.24
2030,8238,0.785258,0.0,0.721295424,77.67
2030,8239,0.794746,0.0,0.7965274,112.12
2030,8240,0.803398,0.0,0.842437546,121.96
2030,8241,0.800603,0.06448444444444446,0.862844553,122.28
2030,8242,0.785282,0.20703333333333335,0.86584004,123.36
2030,8243,0.775696,0.31277,0.863028258,120.31
2030,8244,0.777041,0.3718122222222222,0.860084841,122.46
2030,8245,0.78742,0.3840355555555556,0.876550788,116.2
2030,8246,0.794764,0.3376688888888889,0.880182015,116.67
2030,8247,0.794741,0.22013777777777777,0.882927945,114.01
2030,8248,0.792132,0.019021111111111107,0.923242648,115.69
2030,8249,0.784905,0.0,0.948476964,121.6
2030,8250,0.767168,0.0,0.915225506,116.91
2030,8251,0.753249,0.0,0.889052949,125.39
2030,8252,0.750179,0.0,0.851301831,113.16
2030,8253,0.758765,0.0,0.807125191,101.95
2030,8254,0.764918,0.0,0.758608914,98.48
2030,8255,0.759741,0.0,0.713256536,92.39
2030,8256,0.753022,0.0,0.682815655,77.27
2030,8257,0.749178,0.0,0.707174805,85.0
2030,8258,0.743971,0.0,0.695243773,84.93
2030,8259,0.749172,0.0,0.691206164,83.7
2030,8260,0.749921,0.0,0.695970007,87.21
2030,8261,0.747228,0.0,0.717872582,87.69
2030,8262,0.738854,0.0,0.720503143,100.0
2030,8263,0.741912,0.0,0.791819857,112.79
2030,8264,0.754092,0.0,0.83603138,134.23
2030,8265,0.750775,0.008573333333333334,0.855532146,157.73
2030,8266,0.738282,0.03884111111111111,0.877851941,153.13
2030,8267,0.769754,0.0673111111111111,0.885872852,163.0
2030,8268,0.827955,0.07387111111111111,0.893596526,135.22
2030,8269,0.886772,0.05979888888888889,0.910456224,169.15
2030,8270,0.916833,0.04216666666666667,0.913529237,169.48
2030,8271,0.935488,0.020358888888888888,0.907325558,176.6
2030,8272,0.927247,0.0,0.936480489,179.97
2030,8273,0.903238,0.0,0.947656586,159.9
2030,8274,0.884016,0.0,0.915682427,181.0
2030,8275,0.877924,0.0,0.889499298,176.65
2030,8276,0.871467,0.0,0.854559209,151.98
2030,8277,0.859523,0.0,0.812719876,120.0
2030,8278,0.847699,0.0,0.768893185,107.2
2030,8279,0.85084,0.0,0.720696875,121.37
2030,8280,0.869034,0.0,0.692647168,100.0
2030,8281,0.855862,0.0,0.730837287,101.85
2030,8282,0.822202,0.0,0.719988669,96.54
2030,8283,0.765118,0.0,0.717374019,97.1
2030,8284,0.702831,0.0,0.720902294,96.51
2030,8285,0.749194,0.0,0.742899051,97.1
2030,8286,0.859902,0.0,0.744773105,100.1
2030,8287,0.875336,0.0,0.816215395,120.0
2030,8288,0.867615,0.0,0.861601832,247.67
2030,8289,0.854342,0.01565,0.880747374,300.1
2030,8290,0.844838,0.19308666666666666,0.889255588,322.15
2030,8291,0.850775,0.4804455555555555,0.890838602,319.32
2030,8292,0.874452,0.5335422222222223,0.894454754,311.87
2030,8293,0.898799,0.4538955555555555,0.913016983,319.45
2030,8294,0.898147,0.26327,0.919684292,342.13
2030,8295,0.881144,0.10824666666666666,0.92208444,355.39
2030,8296,0.872554,0.00416,0.960461514,411.94
2030,8297,0.878274,0.0,0.982051217,423.13
2030,8298,0.902769,0.0,0.950084475,349.31
2030,8299,0.914351,0.0,0.923150487,298.32
2030,8300,0.941063,0.0,0.886584469,193.13
2030,8301,0.971032,0.0,0.843351029,154.68
2030,8302,0.98704,0.0,0.797894222,150.0
2030,8303,0.98633,0.0,0.750906059,135.96
2030,8304,0.959585,0.0,0.72126759,122.24
2030,8305,0.898615,0.0,0.758509115,115.3
2030,8306,0.728636,0.0,0.747495702,109.96
2030,8307,0.563712,0.0,0.744907947,107.35
2030,8308,0.549742,0.0,0.751974025,112.51
2030,8309,0.626544,0.0,0.775918643,123.37
2030,8310,0.66607,0.0,0.779528757,163.98
2030,8311,0.764758,0.0,0.851922907,232.97
2030,8312,0.940143,0.0,0.897941364,519.9
2030,8313,0.987945,0.010923333333333332,0.918290818,581.48
2030,8314,0.9879,0.14467666666666668,0.929400862,500.0
2030,8315,0.988528,0.1993666666666667,0.929955868,433.69
2030,8316,0.989113,0.1682888888888889,0.929804825,381.12
2030,8317,0.988356,0.10703999999999998,0.944963463,400.1
2030,8318,0.987541,0.07915555555555555,0.94338073,466.19
2030,8319,0.988922,0.03124333333333333,0.940911689,637.86
2030,8320,0.989108,0.0,0.97590751,767.67
2030,8321,0.989044,0.0,1,872.96
2030,8322,0.988427,0.0,0.968454597,628.27
2030,8323,0.986983,0.0,0.941281302,517.5
2030,8324,0.98496,0.0,0.90312342,285.37
2030,8325,0.9814,0.0,0.856960837,169.4
2030,8326,0.976693,0.0,0.810564004,150.0
2030,8327,0.974982,0.0,0.762488022,134.75
2030,8328,0.976767,0.0,0.729928138,130.07
2030,8329,0.981496,0.0,0.735394545,122.9
2030,8330,0.988737,0.0,0.721749307,118.97
2030,8331,0.986974,0.0,0.715459259,114.95
2030,8332,0.958156,0.0,0.718355743,115.64
2030,8333,0.852428,0.0,0.738748296,119.9
2030,8334,0.579199,0.0,0.739031185,150.1
2030,8335,0.275453,0.0,0.810109022,187.48
2030,8336,0.177326,0.0,0.856544957,253.0
2030,8337,0.430857,0.002331111111111111,0.874659059,245.74
2030,8338,0.724835,0.04042666666666667,0.8879215,208.42
2030,8339,0.873164,0.10121333333333332,0.885966096,174.27
2030,8340,0.932249,0.10788444444444444,0.881985281,165.97
2030,8341,0.930012,0.056265555555555555,0.890591399,165.0
2030,8342,0.919188,0.016542222222222222,0.888374424,184.5
2030,8343,0.927688,0.013145555555555554,0.883912959,219.84
2030,8344,0.940107,0.00014333333333333334,0.922473842,249.29
2030,8345,0.944654,0.0,0.952996855,284.21
2030,8346,0.961936,0.0,0.920717414,260.0
2030,8347,0.975811,0.0,0.889234606,225.6
2030,8348,0.978505,0.0,0.849450755,175.0
2030,8349,0.978161,0.0,0.806443474,146.22
2030,8350,0.972883,0.0,0.767443941,135.09
2030,8351,0.957048,0.0,0.724027607,116.52
2030,8352,0.945722,0.0,0.695601812,116.94
2030,8353,0.933432,0.0,0.659051255,111.36
2030,8354,0.919194,0.0,0.644130521,108.04
2030,8355,0.909051,0.0,0.636628619,99.02
2030,8356,0.910356,0.0,0.63208382,93.44
2030,8357,0.909551,0.0,0.631735038,91.55
2030,8358,0.908267,0.0,0.638589193,92.72
2030,8359,0.912662,0.0,0.6811899,102.11
2030,8360,0.928898,0.0,0.724363957,113.96
2030,8361,0.953268,0.0,0.752452236,125.1
2030,8362,0.959707,0.005833333333333333,0.757009237,121.12
2030,8363,0.95173,0.02502,0.751758848,108.21
2030,8364,0.951361,0.058334444444444446,0.751864926,103.2
2030,8365,0.961333,0.08897666666666666,0.752005139,102.96
2030,8366,0.970359,0.09454777777777777,0.753299269,96.63
2030,8367,0.967164,0.057485555555555554,0.763954572,100.1
2030,8368,0.959017,0.00025333333333333333,0.791164147,105.67
2030,8369,0.947142,0.0,0.829187747,120.0
2030,8370,0.923041,0.0,0.820302421,113.37
2030,8371,0.882582,0.0,0.803516915,90.1
2030,8372,0.828112,0.0,0.781209504,93.2
2030,8373,0.765445,0.0,0.753381056,89.62
2030,8374,0.686945,0.0,0.723652707,81.88
2030,8375,0.593211,0.0,0.693455402,80.2
2030,8376,0.533419,0.0,0.6660379,95.0
2030,8377,0.556784,0.0,0.654601215,87.3
2030,8378,0.590602,0.0,0.642657573,78.16
2030,8379,0.664662,0.0,0.636889199,71.0
2030,8380,0.787476,0.0,0.633412303,55.88
2030,8381,0.865292,0.0,0.62892887,53.69
2030,8382,0.895331,0.0,0.626159485,46.81
2030,8383,0.904101,0.0,0.659344274,55.33
2030,8384,0.909563,0.0,0.69410798,66.21
2030,8385,0.9022,0.0019822222222222225,0.721618776,70.65
2030,8386,0.876481,0.022428888888888887,0.740126928,70.1
2030,8387,0.864267,0.033916666666666664,0.750775465,64.98
2030,8388,0.862408,0.04761555555555555,0.755723757,70.31
2030,8389,0.844804,0.028985555555555556,0.757982091,80.1
2030,8390,0.835118,0.011408888888888889,0.760665444,80.22
2030,8391,0.849525,0.0014311111111111113,0.769911604,83.0
2030,8392,0.860071,0.0,0.800843421,80.1
2030,8393,0.853961,0.0,0.842629935,90.17
2030,8394,0.843491,0.0,0.836269138,80.0
2030,8395,0.837226,0.0,0.822931327,73.0
2030,8396,0.83894,0.0,0.803730654,77.92
2030,8397,0.848935,0.0,0.775847811,40.52
2030,8398,0.86628,0.0,0.740119221,10.86
2030,8399,0.892619,0.0,0.705801571,2.29
2030,8400,0.916481,0.0,0.679583327,0.09
2030,8401,0.930352,0.0,0.712543033,0.1
2030,8402,0.931335,0.0,0.703272292,0.05
2030,8403,0.929467,0.0,0.701090827,0.0
2030,8404,0.931676,0.0,0.707670336,0.46
2030,8405,0.929017,0.0,0.730337164,1.38
2030,8406,0.925932,0.0,0.73175395,7.73
2030,8407,0.923745,0.0,0.802780881,50.0
2030,8408,0.91846,0.0,0.846303758,107.9
2030,8409,0.907293,0.08646222222222222,0.862355098,109.0
2030,8410,0.882897,0.2687677777777777,0.888607312,100.1
2030,8411,0.852608,0.4284488888888889,0.903026872,97.58
2030,8412,0.822718,0.510441111111111,0.901544405,93.09
2030,8413,0.792746,0.5142222222222222,0.906831181,81.7
2030,8414,0.767736,0.41662444444444435,0.895580113,80.1
2030,8415,0.753824,0.21510999999999997,0.885857716,95.95
2030,8416,0.738133,0.0035033333333333336,0.918146594,101.11
2030,8417,0.702884,0.0,0.937622709,115.14
2030,8418,0.671263,0.0,0.90989853,89.9
2030,8419,0.64347,0.0,0.886414119,75.0
2030,8420,0.611004,0.0,0.854325675,77.99
2030,8421,0.572559,0.0,0.817820739,70.1
2030,8422,0.572907,0.0,0.771488922,57.0
2030,8423,0.666601,0.0,0.722647913,17.61
2030,8424,0.802221,0.0,0.694258013,40.55
2030,8425,0.895861,0.0,0.711490302,22.75
2030,8426,0.938896,0.0,0.698859389,19.75
2030,8427,0.954,0.0,0.693532478,25.72
2030,8428,0.957576,0.0,0.698479381,66.9
2030,8429,0.951899,0.0,0.719416912,66.9
2030,8430,0.942935,0.0,0.719847906,104.95
2030,8431,0.930004,0.0,0.788431904,105.68
2030,8432,0.911857,0.0,0.83296992,116.18
2030,8433,0.892545,0.012168888888888889,0.84902393,111.34
2030,8434,0.858421,0.053297777777777784,0.86485595,108.0
2030,8435,0.817626,0.09543333333333334,0.875268426,102.4
2030,8436,0.790187,0.13508444444444445,0.878007143,102.73
2030,8437,0.772761,0.17149888888888887,0.888169644,106.21
2030,8438,0.755985,0.13715666666666665,0.88793795,109.59
2030,8439,0.738225,0.06037444444444445,0.884127964,116.07
2030,8440,0.725182,0.0002233333333333333,0.909049315,116.99
2030,8441,0.701689,0.0,0.913452963,127.33
2030,8442,0.678045,0.0,0.879779311,122.07
2030,8443,0.660317,0.0,0.850259208,108.1
2030,8444,0.647211,0.0,0.812008943,99.21
2030,8445,0.636242,0.0,0.766118939,95.84
2030,8446,0.638052,0.0,0.718811198,92.31
2030,8447,0.649628,0.0,0.670000409,71.2
2030,8448,0.659462,0.0,0.640368016,68.71
2030,8449,0.655566,0.0,0.660228023,52.12
2030,8450,0.638036,0.0,0.648340137,45.7
2030,8451,0.611878,0.0,0.645759192,40.0
2030,8452,0.573127,0.0,0.652615526,26.22
2030,8453,0.495536,0.0,0.677084781,32.67
2030,8454,0.409206,0.0,0.682093495,45.94
2030,8455,0.365507,0.0,0.755888475,57.34
2030,8456,0.387246,0.0,0.806837314,77.58
2030,8457,0.438135,0.07789222222222222,0.827497242,76.69
2030,8458,0.511449,0.27220666666666665,0.835194712,68.62
2030,8459,0.596112,0.37259555555555557,0.830279141,67.12
2030,8460,0.681576,0.3497266666666667,0.830989512,70.48
2030,8461,0.733169,0.1730622222222222,0.847821234,70.0
2030,8462,0.762861,0.057986666666666666,0.849731678,70.0
2030,8463,0.800588,0.010385555555555554,0.850556716,73.08
2030,8464,0.821556,0.0,0.890281738,78.69
2030,8465,0.844861,0.0,0.919588155,94.46
2030,8466,0.876066,0.0,0.890427578,89.9
2030,8467,0.906763,0.0,0.861836597,85.2
2030,8468,0.92866,0.0,0.822016461,77.31
2030,8469,0.940394,0.0,0.774374277,64.9
2030,8470,0.933374,0.0,0.725216225,45.1
2030,8471,0.894354,0.0,0.676870705,23.58
2030,8472,0.803567,0.0,0.644824593,13.66
2030,8473,0.739172,0.0,0.656364509,14.41
2030,8474,0.836216,0.0,0.640166893,5.69
2030,8475,0.916096,0.0,0.632985395,1.6
2030,8476,0.920569,0.0,0.635606633,0.26
2030,8477,0.918482,0.0,0.658111845,0.06
2030,8478,0.932386,0.0,0.660413712,7.01
2030,8479,0.932506,0.0,0.728295816,55.78
2030,8480,0.932348,0.0,0.774847396,92.15
2030,8481,0.937814,0.04093111111111112,0.79256115,131.1
2030,8482,0.945839,0.14464333333333335,0.80956175,110.9
2030,8483,0.958427,0.2329022222222222,0.811838967,96.0
2030,8484,0.965689,0.26721888888888884,0.81517777,80.1
2030,8485,0.969947,0.2370588888888889,0.832736543,77.0
2030,8486,0.968789,0.19825555555555555,0.836683866,80.03
2030,8487,0.965042,0.06913888888888889,0.837403302,90.0
2030,8488,0.961089,0.0006488888888888887,0.867824492,110.9
2030,8489,0.947054,0.0,0.883105054,147.8
2030,8490,0.910625,0.0,0.856643912,129.99
2030,8491,0.860349,0.0,0.834812525,91.54
2030,8492,0.820396,0.0,0.799368265,85.29
2030,8493,0.760936,0.0,0.755569866,79.07
2030,8494,0.716505,0.0,0.712239671,79.05
2030,8495,0.688184,0.0,0.668717789,64.9
2030,8496,0.684595,0.0,0.638679882,48.65
2030,8497,0.674572,0.0,0.658424822,32.4
2030,8498,0.619303,0.0,0.643774468,17.52
2030,8499,0.568805,0.0,0.637206855,18.14
2030,8500,0.515437,0.0,0.639213443,23.6
2030,8501,0.456927,0.0,0.659253843,48.98
2030,8502,0.39697,0.0,0.658299345,74.92
2030,8503,0.344235,0.0,0.726259156,118.0
2030,8504,0.301782,0.0,0.77382694,169.0
2030,8505,0.252256,0.0037611111111111105,0.791266418,150.03
2030,8506,0.221412,0.02451888888888889,0.812587246,122.92
2030,8507,0.191995,0.04550777777777778,0.818842284,97.87
2030,8508,0.160029,0.05092666666666667,0.822924245,87.97
2030,8509,0.11527,0.04061555555555556,0.836258086,84.28
2030,8510,0.077129,0.029038888888888892,0.82989167,88.76
2030,8511,0.054761,0.013774444444444445,0.820992923,99.38
2030,8512,0.042597,0.0,0.847902183,105.58
2030,8513,0.049819,0.0,0.863062413,110.14
2030,8514,0.079542,0.0,0.832684091,101.72
2030,8515,0.140818,0.0,0.802556005,99.33
2030,8516,0.229298,0.0,0.763395066,90.34
2030,8517,0.302927,0.0,0.719526099,72.44
2030,8518,0.371382,0.0,0.680805371,70.42
2030,8519,0.478899,0.0,0.639158626,58.33
2030,8520,0.610605,0.0,0.610152888,28.81
2030,8521,0.678767,0.0,0.57733505,24.51
2030,8522,0.718842,0.0,0.561247196,24.26
2030,8523,0.755813,0.0,0.553268469,19.41
2030,8524,0.803018,0.0,0.550202243,18.11
2030,8525,0.84747,0.0,0.552335517,26.16
2030,8526,0.870743,0.0,0.559661242,41.73
2030,8527,0.906099,0.0,0.599329196,40.6
2030,8528,0.936207,0.0,0.643643229,51.65
2030,8529,0.929127,0.004595555555555556,0.669914833,61.92
2030,8530,0.900011,0.029404444444444445,0.679864629,56.0
2030,8531,0.852151,0.04558777777777778,0.671907234,40.52
2030,8532,0.790864,0.062132222222222214,0.661181793,34.64
2030,8533,0.717409,0.06511,0.655295645,31.44
2030,8534,0.64274,0.045296666666666666,0.655116781,28.45
2030,8535,0.582283,0.015183333333333332,0.666499407,31.09
2030,8536,0.550504,0.0,0.699493948,32.56
2030,8537,0.539698,0.0,0.753616523,49.9
2030,8538,0.552116,0.0,0.749507303,60.1
2030,8539,0.568727,0.0,0.734100651,55.0
2030,8540,0.593052,0.0,0.714013508,28.04
2030,8541,0.616407,0.0,0.689339275,9.41
2030,8542,0.630118,0.0,0.662942668,7.36
2030,8543,0.642174,0.0,0.638715162,3.98
2030,8544,0.663962,0.0,0.614722406,2.7
2030,8545,0.686432,0.0,0.611743961,1.61
2030,8546,0.712746,0.0,0.597182172,0.0
2030,8547,0.756951,0.0,0.590194419,-0.74
2030,8548,0.790905,0.0,0.585283989,-2.0
2030,8549,0.796766,0.0,0.579897811,-1.24
2030,8550,0.821903,0.0,0.57512415,-0.66
2030,8551,0.814992,0.0,0.60387865,2.29
2030,8552,0.82519,0.0,0.637663343,6.45
2030,8553,0.854831,0.02190888888888889,0.662568158,22.41
2030,8554,0.858802,0.06644444444444444,0.680617302,20.66
2030,8555,0.874897,0.08574222222222222,0.683351561,23.54
2030,8556,0.897815,0.11850111111111108,0.686397848,22.62
2030,8557,0.912897,0.1340411111111111,0.683966583,22.55
2030,8558,0.92726,0.11526222222222222,0.681333286,28.07
2030,8559,0.942957,0.06928333333333332,0.688444743,41.77
2030,8560,0.953276,0.0006711111111111111,0.719602361,59.9
2030,8561,0.964549,0.0,0.76066224,92.3
2030,8562,0.972549,0.0,0.757940742,86.2
2030,8563,0.969404,0.0,0.745127414,71.23
2030,8564,0.92462,0.0,0.725580147,54.9
2030,8565,0.893372,0.0,0.697570507,39.91
2030,8566,0.971746,0.0,0.663838055,37.91
2030,8567,0.989105,0.0,0.632070642,26.32
2030,8568,0.988178,0.0,0.607603642,19.37
2030,8569,0.988758,0.0,0.573762693,13.26
2030,8570,0.988998,0.0,0.563834602,11.13
2030,8571,0.988888,0.0,0.562376111,7.73
2030,8572,0.989104,0.0,0.569377797,6.4
2030,8573,0.988355,0.0,0.591467683,6.3
2030,8574,0.985412,0.0,0.626747586,17.45
2030,8575,0.974424,0.0,0.681971405,53.37
2030,8576,0.953545,0.0,0.724846523,66.94
2030,8577,0.921404,0.02621111111111111,0.745092075,67.36
2030,8578,0.858173,0.17373555555555556,0.753433146,56.0
2030,8579,0.79305,0.2985644444444444,0.747871292,54.9
2030,8580,0.78541,0.2729855555555556,0.747187642,56.97
2030,8581,0.779124,0.16792222222222222,0.748265352,57.7
2030,8582,0.751431,0.09753999999999999,0.749535219,64.55
2030,8583,0.738609,0.05455333333333333,0.759397053,76.34
2030,8584,0.761836,0.0036466666666666665,0.78398211,117.27
2030,8585,0.782678,0.0,0.812301761,130.32
2030,8586,0.814039,0.0,0.797467811,129.9
2030,8587,0.857899,0.0,0.778169261,135.96
2030,8588,0.893313,0.0,0.753099899,145.8
2030,8589,0.909548,0.0,0.721149275,110.2
2030,8590,0.917615,0.0,0.687761398,105.82
2030,8591,0.933311,0.0,0.657489874,118.91
2030,8592,0.93998,0.0,0.63116191,86.03
2030,8593,0.94434,0.0,0.624388029,82.84
2030,8594,0.938529,0.0,0.610052485,81.89
2030,8595,0.925331,0.0,0.603204195,78.0
2030,8596,0.927978,0.0,0.60091245,78.78
2030,8597,0.916503,0.0,0.60658774,80.6
2030,8598,0.898845,0.0,0.618856762,85.07
2030,8599,0.908492,0.0,0.66073726,100.83
2030,8600,0.876217,0.0,0.694677422,115.09
2030,8601,0.867515,0.03144333333333333,0.712623276,120.95
2030,8602,0.874272,0.13842333333333334,0.725326751,120.0
2030,8603,0.894981,0.23012444444444444,0.727402116,118.16
2030,8604,0.920199,0.18886888888888886,0.722837172,117.49
2030,8605,0.933705,0.1491722222222222,0.719192491,115.38
2030,8606,0.955975,0.13155444444444445,0.722731854,117.98
2030,8607,0.973143,0.058937777777777776,0.728489496,119.5
2030,8608,0.979144,0.0002833333333333333,0.760460572,120.21
2030,8609,0.977897,0.0,0.80430628,118.0
2030,8610,0.979674,0.0,0.801924761,110.98
2030,8611,0.980536,0.0,0.793017549,105.66
2030,8612,0.975436,0.0,0.777864742,102.56
2030,8613,0.970142,0.0,0.753071835,94.63
2030,8614,0.961976,0.0,0.720338188,99.04
2030,8615,0.966218,0.0,0.689598679,90.0
2030,8616,0.959885,0.0,0.664963575,91.37
2030,8617,0.947365,0.0,0.68228053,86.44
2030,8618,0.926492,0.0,0.670101072,85.07
2030,8619,0.907675,0.0,0.664643305,80.81
2030,8620,0.898853,0.0,0.665400043,75.99
2030,8621,0.895585,0.0,0.672230642,80.81
2030,8622,0.908469,0.0,0.686533039,83.01
2030,8623,0.904427,0.0,0.730925474,84.94
2030,8624,0.894353,0.0,0.767896056,90.21
2030,8625,0.899831,0.002567777777777778,0.789595871,99.24
2030,8626,0.897858,0.02155333333333333,0.793033895,93.56
2030,8627,0.892498,0.056794444444444446,0.781707827,92.55
2030,8628,0.896234,0.10826222222222222,0.776656261,94.41
2030,8629,0.895335,0.12761,0.774057596,91.03
2030,8630,0.896645,0.1127188888888889,0.775660509,99.17
2030,8631,0.893366,0.05799555555555555,0.785030423,110.0
2030,8632,0.872044,0.001443333333333333,0.820361605,116.71
2030,8633,0.87911,0.0,0.874824277,120.52
2030,8634,0.873193,0.0,0.868990715,119.1
2030,8635,0.866881,0.0,0.856389639,118.0
2030,8636,0.874985,0.0,0.839924705,118.32
2030,8637,0.88004,0.0,0.814547376,113.01
2030,8638,0.88745,0.0,0.78361367,114.07
2030,8639,0.890086,0.0,0.753132331,104.63
2030,8640,0.904899,0.0,0.7259625,102.17
2030,8641,0.918798,0.0,0.782137655,95.06
2030,8642,0.92023,0.0,0.768164647,94.61
2030,8643,0.917979,0.0,0.765451217,89.64
2030,8644,0.901373,0.0,0.771565788,90.87
2030,8645,0.869479,0.0,0.792848784,95.1
2030,8646,0.839207,0.0,0.785106119,99.0
2030,8647,0.802236,0.0,0.837343695,112.62
2030,8648,0.728598,0.0,0.882891221,119.18
2030,8649,0.655575,0.0029444444444444444,0.906887426,118.23
2030,8650,0.584873,0.019782222222222222,0.923178534,113.25
2030,8651,0.522337,0.04199777777777779,0.921231257,106.01
2030,8652,0.480249,0.06132777777777777,0.922130786,107.71
2030,8653,0.455449,0.05799555555555555,0.934007268,103.9
2030,8654,0.443124,0.03653888888888888,0.934263957,109.64
2030,8655,0.453081,0.012974444444444445,0.932779919,120.75
2030,8656,0.468657,0.0,0.96558687,128.66
2030,8657,0.495944,0.0,0.995737932,137.9
2030,8658,0.533471,0.0,0.972402109,138.05
2030,8659,0.573652,0.0,0.946106349,135.71
2030,8660,0.603037,0.0,0.910059331,129.13
2030,8661,0.636267,0.0,0.869489236,120.85
2030,8662,0.665873,0.0,0.829463681,123.5
2030,8663,0.694308,0.0,0.788058075,116.98
2030,8664,0.727833,0.0,0.762052898,106.79
2030,8665,0.765671,0.0,0.788726046,101.52
2030,8666,0.812665,0.0,0.775443182,101.03
2030,8667,0.872829,0.0,0.77079506,99.74
2030,8668,0.91994,0.0,0.776502127,99.58
2030,8669,0.943316,0.0,0.79582603,106.2
2030,8670,0.957493,0.0,0.786115097,115.7
2030,8671,0.967823,0.0,0.839848675,124.29
2030,8672,0.97289,0.0,0.887733745,131.85
2030,8673,0.972883,0.010026666666666666,0.91260352,130.15
2030,8674,0.968698,0.03728444444444444,0.9294097,120.1
2030,8675,0.962526,0.044212222222222215,0.925712233,107.94
2030,8676,0.96017,0.045365555555555555,0.927917129,107.81
2030,8677,0.95609,0.048646666666666664,0.93711093,107.94
2030,8678,0.950036,0.031117777777777775,0.933345378,120.12
2030,8679,0.951348,0.008043333333333333,0.92489997,133.64
2030,8680,0.950246,0.0,0.959460267,144.21
2030,8681,0.959478,0.0,0.99175265,151.55
2030,8682,0.971021,0.0,0.967119917,158.4
2030,8683,0.980861,0.0,0.938287775,146.43
2030,8684,0.987069,0.0,0.901708662,133.14
2030,8685,0.98898,0.0,0.863781222,125.42
2030,8686,0.988843,0.0,0.830105772,126.76
2030,8687,0.987838,0.0,0.793662015,114.0
2030,8688,0.98625,0.0,0.766604007,126.4
2030,8689,0.983057,0.0,0.739382089,116.63
2030,8690,0.979946,0.0,0.724381046,110.15
2030,8691,0.980143,0.0,0.719111528,105.92
2030,8692,0.983638,0.0,0.718144812,102.93
2030,8693,0.988321,0.0,0.718165329,105.58
2030,8694,0.989019,0.0,0.715044996,109.71
2030,8695,0.987515,0.0,0.740683743,124.24
2030,8696,0.983338,0.0,0.785632015,128.0
2030,8697,0.980956,0.009819999999999999,0.819701572,128.3
2030,8698,0.981343,0.03813444444444444,0.825332363,122.83
2030,8699,0.985089,0.042092222222222225,0.809024535,113.4
2030,8700,0.987467,0.05784333333333333,0.79803905,108.97
2030,8701,0.988122,0.09013000000000002,0.786896154,110.01
2030,8702,0.987509,0.07321888888888892,0.7845696,117.24
2030,8703,0.987832,0.03509333333333334,0.793153158,134.1
2030,8704,0.989035,0.0,0.827066562,140.02
2030,8705,0.983954,0.0,0.887640059,150.49
2030,8706,0.966423,0.0,0.889032532,147.8
2030,8707,0.958376,0.0,0.872360374,140.88
2030,8708,0.967401,0.0,0.854995603,129.59
2030,8709,0.969493,0.0,0.834012797,125.9
2030,8710,0.96469,0.0,0.809342866,121.25
2030,8711,0.963318,0.0,0.786560018,115.0
2030,8712,0.966557,0.0,0.760280553,127.39
2030,8713,0.965792,0.0,0.746126529,114.09
2030,8714,0.961554,0.0,0.733343057,107.71
2030,8715,0.963348,0.0,0.727784149,101.7
2030,8716,0.9726,0.0,0.724678602,97.73
2030,8717,0.983812,0.0,0.718479029,98.61
2030,8718,0.989012,0.0,0.704533556,98.16
2030,8719,0.986188,0.0,0.719027403,103.56
2030,8720,0.974552,0.0,0.754681798,110.71
2030,8721,0.952759,0.026425555555555556,0.788608539,118.17
2030,8722,0.926037,0.08903666666666665,0.797127142,128.7
2030,8723,0.896161,0.11900111111111109,0.782159226,121.2
2030,8724,0.863942,0.13634444444444443,0.775337998,122.77
2030,8725,0.816607,0.14584111111111112,0.764386892,124.0
2030,8726,0.716521,0.10775333333333333,0.760382144,128.7
2030,8727,0.617182,0.055077777777777774,0.76921085,120.01
2030,8728,0.553353,0.003563333333333333,0.80984695,122.88
2030,8729,0.43316,0.0,0.882255048,144.93
2030,8730,0.344945,0.0,0.891534931,138.1
2030,8731,0.353175,0.0,0.88544126,109.9
2030,8732,0.324948,0.0,0.874345708,95.08
2030,8733,0.350961,0.0,0.853786397,92.86
2030,8734,0.431304,0.0,0.826673112,86.13
2030,8735,0.5397,0.0,0.798626769,73.73
2030,8736,0.676666,0.0,0.774835547,75.53
2030,8737,0.752705,0.0,0.763496991,76.2
2030,8738,0.766357,0.0,0.756433184,65.2
2030,8739,0.739008,0.0,0.75841405,40.0
2030,8740,0.635348,0.0,0.766347555,34.9
2030,8741,0.462569,0.0,0.787989562,67.03
2030,8742,0.442708,0.0,0.821520175,73.63
2030,8743,0.583465,0.0,0.872364433,81.56
2030,8744,0.767809,0.0,0.913587145,108.3
2030,8745,0.827121,0.007042222222222222,0.935250732,133.58
2030,8746,0.818982,0.030553333333333335,0.93498567,135.0
2030,8747,0.77436,0.05147555555555556,0.915248848,124.9
2030,8748,0.735589,0.054293333333333325,0.906827223,85.1
2030,8749,0.736904,0.04210777777777778,0.899133472,80.86
2030,8750,0.746716,0.04010777777777778,0.891961975,84.4
2030,8751,0.755137,0.022115555555555555,0.901443671,103.4
2030,8752,0.735237,0.0,0.930059009,136.0
2030,8753,0.740557,0.0,0.972899627,150.0
2030,8754,0.772827,0.0,0.962699312,109.93
2030,8755,0.793022,0.0,0.943540696,87.42
2030,8756,0.785273,0.0,0.916968786,75.84
2030,8757,0.797071,0.0,0.87944482,68.51
2030,8758,0.86879,0.0,0.840500685,67.95
2030,8759,0.916507,0.0,0.805736336,36.47
2030,8760,0.940801,0.0,0.774246038,76.3
