year,timestep,availability-wind,availability-solar,demand-demand,market_price
2030,1,0.735609,0.0,0.633142247,85.377
2030,2,0.776975,0.0,0.625239406,73.528
2030,3,0.787539,0.0,0.621110133,77.2
2030,4,0.794758,0.0,0.619755039,75.302
2030,5,0.782789,0.0,0.620001247,73.741
2030,6,0.762861,0.0,0.627267696,71.594
2030,7,0.718602,0.0,0.667477819,80.032
2030,8,0.653032,0.0,0.696503136,87.192
2030,9,0.583706,0.0006277777777777777,0.71140067,87.654
2030,10,0.534889,0.015415555555555556,0.729660867,86.573
2030,11,0.501982,0.07399777777777776,0.736750915,83.893
2030,12,0.506043,0.16275444444444448,0.739042669,71.41
2030,13,0.532992,0.22994777777777778,0.741454763,63.639
2030,14,0.577054,0.24253777777777777,0.74258038,78.636
2030,15,0.641336,0.14406888888888889,0.752972447,83.365
2030,16,0.686543,0.009148888888888889,0.782099278,90.376
2030,17,0.683911,0.0,0.833902381,119.37
2030,18,0.662713,0.0,0.828120142,138.27
2030,19,0.639641,0.0,0.818257538,119.22
2030,20,0.636955,0.0,0.800526204,91.742
2030,21,0.648818,0.0,0.77298242,87.823
2030,22,0.660316,0.0,0.738981045,85.432
2030,23,0.661547,0.0,0.70905928,83.582
2030,24,0.647303,0.0,0.684379851,78.89
2030,25,0.632669,0.0,0.749919482,61.813
2030,26,0.617358,0.0,0.738849943,41.928
2030,27,0.60382,0.0,0.736714872,42.576
2030,28,0.581987,0.0,0.743376662,56.178
2030,29,0.563595,0.0,0.761402295,71.669
2030,30,0.565849,0.0,0.7523518,85.307
2030,31,0.565908,0.0,0.806920915,98.557
2030,32,0.55723,0.0,0.847383241,115.78
2030,33,0.533796,0.03038333333333333,0.867306839,125.69
2030,34,0.514162,0.08594222222222223,0.883778851,81.675
2030,35,0.511455,0.12544555555555556,0.886255817,69.464
2030,36,0.5230589999999999,0.15016555555555555,0.889334499,69.794
2030,37,0.53254,0.13716777777777775,0.904635102,75.935
2030,38,0.535796,0.10595444444444443,0.905407802,84.464
2030,39,0.549992,0.07030444444444443,0.903669765,95.707
2030,40,0.566225,0.0036144444444444444,0.936551557,98.014
2030,41,0.568792,0.0,0.976540663,115.24
2030,42,0.586964,0.0,0.950561724,120
2030,43,0.587284,0.0,0.925800565,100.96
2030,44,0.563593,0.0,0.88995798,103.91
2030,45,0.52763,0.0,0.848613981,98.319
2030,46,0.481837,0.0,0.804850056,90.381
2030,47,0.425959,0.0,0.758247668,85.214
2030,48,0.366656,0.0,0.730770138,80.322
2030,49,0.317447,0.0,0.753784201,65.909
2030,50,0.270502,0.0,0.739102973,58.61
2030,51,0.2319,0.0,0.732690529,55.035
2030,52,0.209931,0.0,0.73587,52.62
2030,53,0.190603,0.0,0.751912534,58.037
2030,54,0.171545,0.0,0.742694112,76.785
2030,55,0.151941,0.0,0.796501565,87.251
2030,56,0.137718,0.0,0.842496168,96.674
2030,57,0.129452,0.02753444444444444,0.864840158,108.76
2030,58,0.124083,0.08896222222222222,0.891171216,101.6
2030,59,0.117538,0.15837222222222222,0.90478724,86.422
2030,60,0.117821,0.17777666666666667,0.910778747,79.431
2030,61,0.12818,0.16102555555555553,0.92919017,79.511
2030,62,0.148472,0.10533777777777778,0.932406226,76.014
2030,63,0.164013,0.041645555555555554,0.928433157,83.262
2030,64,0.173313,0.00082,0.955230423,89.978
2030,65,0.178709,0.0,0.975688102,104.23
2030,66,0.178704,0.0,0.941068834,114.52
2030,67,0.174974,0.0,0.911640365,105.03
2030,68,0.172222,0.0,0.871831828,101.21
2030,69,0.172547,0.0,0.830329716,88.392
2030,70,0.188025,0.0,0.785443943,83.698
2030,71,0.225327,0.0,0.740545431,74.44
2030,72,0.29093,0.0,0.709942017,52.854
2030,73,0.388505,0.0,0.717647566,27.654
2030,74,0.502444,0.0,0.703094145,26.169
2030,75,0.607623,0.0,0.696555244,28.507
2030,76,0.689153,0.0,0.699594425,36.462
2030,77,0.744592,0.0,0.718023962,66.344
2030,78,0.780884,0.0,0.711562801,87.585
2030,79,0.802192,0.0,0.765803107,98.308
2030,80,0.825626,0.0,0.810718487,103.71
2030,81,0.845981,0.04672777777777778,0.828670256,113.87
2030,82,0.855851,0.1711777777777778,0.84515429,104.74
2030,83,0.865056,0.2848688888888889,0.849164172,87.676
2030,84,0.877228,0.33124333333333333,0.847807763,95.165
2030,85,0.88843,0.26852,0.871018478,90.572
2030,86,0.89352,0.16132777777777776,0.878092968,84.406
2030,87,0.89171,0.06276555555555555,0.880090663,83.049
2030,88,0.887039,0.0035744444444444443,0.909981083,84.241
2030,89,0.883745,0.0,0.927604577,90.971
2030,90,0.884985,0.0,0.898487612,95.834
2030,91,0.884943,0.0,0.870993046,92.411
2030,92,0.886472,0.0,0.831454459,88.69
2030,93,0.889799,0.0,0.785791736,81.766
2030,94,0.893357,0.0,0.739993801,72.153
2030,95,0.894336,0.0,0.692824641,66.408
2030,96,0.890976,0.0,0.6613894,65.835
2030,97,0.891636,0.0,0.662971777,21.694
2030,98,0.890867,0.0,0.646324666,30.615
2030,99,0.888686,0.0,0.639853974,36.734
2030,100,0.888699,0.0,0.643264645,65.456
2030,101,0.893336,0.0,0.661362049,77.241
2030,102,0.907894,0.0,0.652519818,98.41
2030,103,0.923834,0.0,0.706135869,100.37
2030,104,0.920971,0.0,0.752776148,96.648
2030,105,0.915752,0.03554222222222222,0.773072632,101.67
2030,106,0.903827,0.12334333333333333,0.793164835,96.066
2030,107,0.883776,0.2519,0.800423669,85.827
2030,108,0.871286,0.3841188888888889,0.798613771,84.366
2030,109,0.859906,0.4632288888888889,0.814697809,86.551
2030,110,0.847865,0.4268888888888889,0.818869759,91.508
2030,111,0.852753,0.2823122222222222,0.817343161,98.84
2030,112,0.884972,0.026392222222222223,0.840125665,104.24
2030,113,0.905455,0.0,0.872781044,106.01
2030,114,0.924313,0.0,0.846315124,119.03
2030,115,0.939684,0.0,0.816974821,109.38
2030,116,0.940805,0.0,0.778267644,102.06
2030,117,0.933098,0.0,0.738646274,97.276
2030,118,0.925548,0.0,0.703190645,94.944
2030,119,0.928721,0.0,0.665465542,97.147
2030,120,0.920242,0.0,0.638986432,94.498
2030,121,0.900767,0.0,0.627045872,93.829
2030,122,0.84953,0.0,0.611772348,88.48
2030,123,0.781887,0.0,0.604437862,82.398
2030,124,0.723476,0.0,0.60098729,78.99
2030,125,0.643221,0.0,0.600411516,82.331
2030,126,0.588424,0.0,0.607376391,83.651
2030,127,0.524516,0.0,0.649037407,95.389
2030,128,0.477521,0.0,0.692860391,113.09
2030,129,0.429088,0.014751111111111112,0.716417046,120.68
2030,130,0.34783,0.04270444444444444,0.718143017,111.14
2030,131,0.222532,0.04624888888888889,0.70337348,96.638
2030,132,0.137669,0.03759888888888888,0.69612658,90.607
2030,133,0.069727,0.01826222222222222,0.691229852,82.592
2030,134,0.02959,0.007676666666666666,0.694312884,77.561
2030,135,0.035257,0.00113,0.705029523,85.058
2030,136,0.04337,0.0,0.73164989,98.331
2030,137,0.039171,0.0,0.791896486,117.46
2030,138,0.078736,0.0,0.793996769,130.2
2030,139,0.225035,0.0,0.781065022,122.49
2030,140,0.269762,0.0,0.757674235,108.36
2030,141,0.266529,0.0,0.728185362,103.51
2030,142,0.310344,0.0,0.695517551,101.75
2030,143,0.332745,0.0,0.666250602,99.914
2030,144,0.310342,0.0,0.638516236,91.66
2030,145,0.233354,0.0,0.598428639,85.15
2030,146,0.120781,0.0,0.581747678,80.595
2030,147,0.035981,0.0,0.570534223,76.784
2030,148,0.011686,0.0,0.562574578,81.055
2030,149,0.046827,0.0,0.553462484,86.953
2030,150,0.155164,0.0,0.546736234,90.585
2030,151,0.330256,0.0,0.574560324,88.866
2030,152,0.506378,0.0,0.607309222,93.276
2030,153,0.607887,0.0005622222222222221,0.627941991,100.83
2030,154,0.651675,0.008262222222222223,0.636468366,105.87
2030,155,0.66393,0.01760888888888889,0.636054686,102.94
2030,156,0.65128,0.03391555555555555,0.640745303,92.803
2030,157,0.613362,0.04318888888888888,0.648768247,88.974
2030,158,0.616997,0.017743333333333333,0.648399505,97.529
2030,159,0.665566,0.003716666666666667,0.661909134,98.341
2030,160,0.760677,0.0,0.687271749,102
2030,161,0.81657,0.0,0.748925675,125.22
2030,162,0.836325,0.0,0.752212734,113.11
2030,163,0.82924,0.0,0.741958182,110.88
2030,164,0.828204,0.0,0.721597042,109.88
2030,165,0.857219,0.0,0.692491776,107.82
2030,166,0.858356,0.0,0.658115578,107
2030,167,0.865201,0.0,0.625926423,104.37
2030,168,0.840844,0.0,0.601965521,97.839
2030,169,0.800584,0.0,0.650087189,88.072
2030,170,0.827117,0.0,0.642385393,84.616
2030,171,0.848258,0.0,0.642754503,84.614
2030,172,0.85217,0.0,0.651565821,90.624
2030,173,0.884978,0.0,0.675310254,102.6
2030,174,0.925744,0.0,0.677924475,96.492
2030,175,0.957073,0.0,0.747797932,100.44
2030,176,0.986191,0.0,0.792773263,105.31
2030,177,0.988738,0.012229999999999998,0.805670556,109.97
2030,178,0.953928,0.04276666666666666,0.817852282,99.641
2030,179,0.946875,0.02971888888888889,0.820637642,90.787
2030,180,0.911658,0.05717555555555555,0.822019611,83.746
2030,181,0.966769,0.06300333333333334,0.839384699,87.686
2030,182,0.987516,0.05880333333333333,0.841391157,91.865
2030,183,0.987738,0.014486666666666667,0.840308841,102.57
2030,184,0.967898,0.0,0.869680707,110.93
2030,185,0.913895,0.0,0.891906394,148.61
2030,186,0.835268,0.0,0.864860021,158.93
2030,187,0.743814,0.0,0.840047601,146.6
2030,188,0.651125,0.0,0.802195656,108.61
2030,189,0.580503,0.0,0.758678321,102.24
2030,190,0.563726,0.0,0.713575992,96.45
2030,191,0.597043,0.0,0.670091595,95.666
2030,192,0.626856,0.0,0.643716699,81.894
2030,193,0.662685,0.0,0.669060552,82.717
2030,194,0.72648,0.0,0.655112749,80.934
2030,195,0.790684,0.0,0.649084047,81.336
2030,196,0.827734,0.0,0.652216774,86.363
2030,197,0.865989,0.0,0.67352954,89.615
2030,198,0.901243,0.0,0.675578087,93.812
2030,199,0.917047,0.0,0.744907902,94.455
2030,200,0.901491,0.0,0.789294993,105.66
2030,201,0.877671,0.1480122222222222,0.802869927,110.7
2030,202,0.847889,0.3217255555555556,0.822812659,105.97
2030,203,0.827481,0.5475577777777778,0.829652327,97.373
2030,204,0.820417,0.6093455555555555,0.834160275,95.467
2030,205,0.807328,0.5878599999999998,0.843229611,95.983
2030,206,0.782686,0.5153233333333332,0.836964241,100.37
2030,207,0.77308,0.3460877777777777,0.833837195,108.82
2030,208,0.790057,0.06434666666666666,0.862207303,109.46
2030,209,0.807313,0.0,0.896783907,126.63
2030,210,0.817463,0.0,0.875100593,124.57
2030,211,0.806528,0.0,0.851338594,107.88
2030,212,0.769064,0.0,0.813907662,106.61
2030,213,0.701621,0.0,0.768686724,103.61
2030,214,0.614697,0.0,0.72090487,97.245
2030,215,0.527632,0.0,0.673066615,90.982
2030,216,0.450334,0.0,0.643933679,82.942
2030,217,0.375133,0.0,0.665764247,74.06
2030,218,0.311871,0.0,0.652883456,69.959
2030,219,0.280275,0.0,0.648926846,70.729
2030,220,0.300224,0.0,0.653846437,71.635
2030,221,0.368274,0.0,0.676076254,81.385
2030,222,0.450342,0.0,0.678993395,98.452
2030,223,0.5144930000000001,0.0,0.74916934,107.75
2030,224,0.560959,0.0,0.795074044,109.93
2030,225,0.610848,0.027371111111111113,0.809289174,108.38
2030,226,0.665733,0.11307666666666667,0.819321919,96.854
2030,227,0.71986,0.3154522222222222,0.820486567,77.409
2030,228,0.765725,0.39352,0.822679641,71.83
2030,229,0.771405,0.3455733333333333,0.831974739,76.398
2030,230,0.769101,0.22430333333333333,0.830520586,81.646
2030,231,0.809604,0.09790444444444445,0.828337404,96.809
2030,232,0.838805,0.01492,0.856243168,108.31
2030,233,0.849588,0.0,0.878668009,106.53
2030,234,0.876033,0.0,0.847711964,100.46
2030,235,0.891572,0.0,0.818919567,88.763
2030,236,0.877614,0.0,0.78076392,88.763
2030,237,0.888726,0.0,0.736751661,87.954
2030,238,0.907026,0.0,0.691865895,85.006
2030,239,0.920228,0.0,0.646627643,83.785
2030,240,0.934863,0.0,0.617657957,77.034
2030,241,0.950052,0.0,0.634296905,76.01
2030,242,0.958095,0.0,0.62153144,74.257
2030,243,0.961425,0.0,0.61720638,73.19
2030,244,0.963279,0.0,0.622222069,72.578
2030,245,0.964214,0.0,0.645067648,76.092
2030,246,0.963086,0.0,0.64771051,80.593
2030,247,0.95787,0.0,0.716294512,91.331
2030,248,0.945143,0.0,0.759659471,98.989
2030,249,0.920128,0.0,0.772118277,92.394
2030,250,0.88205,0.008171111111111112,0.796662488,77.725
2030,251,0.815037,0.008334444444444445,0.807557399,69.347
2030,252,0.689181,0.01586777777777778,0.803078013,47.898
2030,253,0.550666,0.01616555555555555,0.810982669,45.355
2030,254,0.598648,0.01151,0.811407386,62.53
2030,255,0.719738,0.004756666666666666,0.807611248,79.235
2030,256,0.847507,0.0,0.830813064,86.502
2030,257,0.917212,0.0,0.858295479,90.535
2030,258,0.925444,0.0,0.834180479,133.15
2030,259,0.910769,0.0,0.810227595,80.484
2030,260,0.914609,0.0,0.772372855,82.636
2030,261,0.915028,0.0,0.726324519,83.22
2030,262,0.904014,0.0,0.682030411,80.145
2030,263,0.849504,0.0,0.638165722,80.786
2030,264,0.742512,0.0,0.61143043,78.6
2030,265,0.585154,0.0,0.661407025,73.23
2030,266,0.411294,0.0,0.649847944,70.232
2030,267,0.419217,0.0,0.647343615,69.31
2030,268,0.45524,0.0,0.652862743,70.854
2030,269,0.477526,0.0,0.676449431,73.754
2030,270,0.518907,0.0,0.679342484,75.395
2030,271,0.667287,0.0,0.74981947,77.928
2030,272,0.770944,0.0,0.795575831,118.9
2030,273,0.806343,0.0017766666666666664,0.810599333,105.51
2030,274,0.856938,0.011875555555555554,0.833241454,73.151
2030,275,0.897813,0.019724444444444444,0.844922074,60.558
2030,276,0.905455,0.012904444444444446,0.840480427,52.603
2030,277,0.859352,0.00558888888888889,0.848021274,57.492
2030,278,0.780658,0.005154444444444444,0.841053014,66.563
2030,279,0.824225,0.0019122222222222223,0.835048237,82.525
2030,280,0.855538,0.0,0.859103176,82.488
2030,281,0.861152,0.0,0.896735784,107.41
2030,282,0.816571,0.0,0.876489895,106.9
2030,283,0.752706,0.0,0.84703862,101.48
2030,284,0.727181,0.0,0.806129457,81.485
2030,285,0.663977,0.0,0.761305015,85.204
2030,286,0.608784,0.0,0.72124784,84.597
2030,287,0.596117,0.0,0.681558243,83.562
2030,288,0.640086,0.0,0.653339051,83.158
2030,289,0.671689,0.0,0.622078437,79.124
2030,290,0.656487,0.0,0.607185483,76.479
2030,291,0.635737,0.0,0.599258095,76.971
2030,292,0.678506,0.0,0.595410479,77.526
2030,293,0.738239,0.0,0.594885563,78.223
2030,294,0.806507,0.0,0.599645306,79.503
2030,295,0.857156,0.0,0.639308325,88.685
2030,296,0.839265,0.0,0.679058986,98.694
2030,297,0.869106,0.001791111111111111,0.701398156,87.162
2030,298,0.894364,0.009625555555555554,0.7133171,77.99
2030,299,0.94574,0.019356666666666664,0.711435236,55.824
2030,300,0.972571,0.05364888888888888,0.695265146,17.22
2030,301,0.975377,0.09263333333333335,0.686383349,42.267
2030,302,0.970381,0.08863222222222222,0.679461122,76.168
2030,303,0.964559,0.05542777777777778,0.683753896,82.458
2030,304,0.953275,0.004646666666666667,0.705335007,85.175
2030,305,0.923911,0.0,0.765934307,104.63
2030,306,0.891987,0.0,0.771472819,95.858
2030,307,0.869335,0.0,0.757166603,95.983
2030,308,0.859459,0.0,0.735773025,89.871
2030,309,0.85671,0.0,0.708675604,81.294
2030,310,0.815168,0.0,0.680807456,79.558
2030,311,0.799349,0.0,0.65509984,78.262
2030,312,0.831755,0.0,0.632549954,81.086
2030,313,0.881211,0.0,0.607191712,86.137
2030,314,0.923003,0.0,0.593707589,78.429
2030,315,0.939971,0.0,0.585990247,80.074
2030,316,0.948132,0.0,0.579742315,82.171
2030,317,0.963006,0.0,0.572203112,82.559
2030,318,0.965618,0.0,0.565778495,89.324
2030,319,0.982445,0.0,0.59391471,92.379
2030,320,0.984524,0.0,0.624194773,104.85
2030,321,0.983239,0.005822222222222222,0.635324431,98.715
2030,322,0.983408,0.02384333333333333,0.648341552,81.413
2030,323,0.964323,0.03274333333333333,0.648484225,75.494
2030,324,0.942709,0.03210333333333333,0.641234848,68.01
2030,325,0.932435,0.026727777777777777,0.636199523,76.237
2030,326,0.94691,0.021584444444444444,0.636680739,87.89
2030,327,0.942474,0.011353333333333333,0.648446056,94.718
2030,328,0.940812,0.0,0.676792199,107.7
2030,329,0.941251,0.0,0.740657212,110.78
2030,330,0.941438,0.0,0.744766331,109.9
2030,331,0.944043,0.0,0.73411809,109.02
2030,332,0.936932,0.0,0.713784812,96.903
2030,333,0.918323,0.0,0.685135704,93.401
2030,334,0.922145,0.0,0.651678724,89.618
2030,335,0.935499,0.0,0.620874137,88.758
2030,336,0.936817,0.0,0.597770104,79.799
2030,337,0.923446,0.0,0.628078914,86.356
2030,338,0.867813,0.0,0.618682676,79.896
2030,339,0.806316,0.0,0.616292521,78.996
2030,340,0.773568,0.0,0.621680262,78.556
2030,341,0.740971,0.0,0.644358142,83.273
2030,342,0.767199,0.0,0.64555409,81.522
2030,343,0.852204,0.0,0.714950159,77.577
2030,344,0.92504,0.0,0.757596745,110.63
2030,345,0.946928,0.007222222222222223,0.771902001,109.8
2030,346,0.961097,0.046504444444444445,0.789149428,85.936
2030,347,0.980952,0.09301444444444443,0.806341496,74.799
2030,348,0.988275,0.11641777777777776,0.822958147,65.382
2030,349,0.989113,0.07630666666666668,0.847405269,57.122
2030,350,0.988416,0.047032222222222225,0.850285191,64.281
2030,351,0.987536,0.019272222222222225,0.84405767,82.068
2030,352,0.988624,0.00034777777777777774,0.866286456,119.65
2030,353,0.988895,0.0,0.873486636,143.87
2030,354,0.989105,0.0,0.839851206,106.6
2030,355,0.989113,0.0,0.813472949,104.66
2030,356,0.989088,0.0,0.774585369,81.948
2030,357,0.988957,0.0,0.732630638,79.952
2030,358,0.98883,0.0,0.688843418,76.698
2030,359,0.988116,0.0,0.643282818,76.094
2030,360,0.986821,0.0,0.614409138,74.574
2030,361,0.983993,0.0,0.645075982,72.749
2030,362,0.979625,0.0,0.632653966,73.097
2030,363,0.979822,0.0,0.629869263,73.138
2030,364,0.978551,0.0,0.636881116,75.682
2030,365,0.977906,0.0,0.661239097,79.702
2030,366,0.976392,0.0,0.664470489,77.588
2030,367,0.964531,0.0,0.735108965,102.82
2030,368,0.972551,0.0,0.778321958,109.65
2030,369,0.977636,0.07706777777777778,0.794355487,80.802
2030,370,0.985258,0.15244888888888886,0.801780386,74.366
2030,371,0.98622,0.2374277777777778,0.799311612,56.36
2030,372,0.984651,0.412431111111111,0.799701986,33.99
2030,373,0.982885,0.5027111111111111,0.817756915,36.919
2030,374,0.981725,0.47508111111111107,0.823075201,75.918
2030,375,0.976705,0.3225433333333333,0.82489442,85.597
2030,376,0.977194,0.0796488888888889,0.850087224,107.55
2030,377,0.965648,0.0,0.877435789,136.84
2030,378,0.958999,0.0,0.860152375,133.01
2030,379,0.958234,0.0,0.837656599,114.02
2030,380,0.951272,0.0,0.801289583,80.517
2030,381,0.937236,0.0,0.758106271,82.08
2030,382,0.936947,0.0,0.715980376,80.897
2030,383,0.916051,0.0,0.67433038,80.724
2030,384,0.88921,0.0,0.648320132,80.129
2030,385,0.893867,0.0,0.684697809,80.524
2030,386,0.86861,0.0,0.677107949,73.919
2030,387,0.827183,0.0,0.674595377,70.865
2030,388,0.750099,0.0,0.680058744,72.9
2030,389,0.63257,0.0,0.701030494,73.162
2030,390,0.527899,0.0,0.700695027,71.359
2030,391,0.409806,0.0,0.769633515,74.084
2030,392,0.344429,0.0,0.810037003,83.24
2030,393,0.363371,0.00030333333333333335,0.822674777,97.876
2030,394,0.431521,0.005008888888888889,0.83185288,81.576
2030,395,0.543322,0.009565555555555555,0.833729482,68.717
2030,396,0.655587,0.012483333333333332,0.836117731,58.733
2030,397,0.704661,0.023288888888888887,0.856487727,38.234
2030,398,0.699321,0.031146666666666663,0.860237649,51.918
2030,399,0.695043,0.010156666666666666,0.853023077,69.142
2030,400,0.767607,0.0,0.877739035,76.047
2030,401,0.786674,0.0,0.894918683,99.794
2030,402,0.665546,0.0,0.866008838,101.55
2030,403,0.509075,0.0,0.836649457,85.797
2030,404,0.410915,0.0,0.795238762,73.031
2030,405,0.365009,0.0,0.749137042,72.638
2030,406,0.281333,0.0,0.70240711,69.782
2030,407,0.19333,0.0,0.658764192,69.35
2030,408,0.137196,0.0,0.632365858,71.127
2030,409,0.095535,0.0,0.644953596,69.458
2030,410,0.070863,0.0,0.632545937,68.686
2030,411,0.05992,0.0,0.626935196,68.653
2030,412,0.055683,0.0,0.630951148,69.191
2030,413,0.068714,0.0,0.653010876,70.701
2030,414,0.079321,0.0,0.654998815,77.151
2030,415,0.070765,0.0,0.724617049,79.654
2030,416,0.050119,0.0,0.767742245,117.02
2030,417,0.038411,0.0017755555555555558,0.783321198,99.3
2030,418,0.054971,0.011649999999999999,0.794192799,79.62
2030,419,0.106216,0.033424444444444444,0.800011218,68.593
2030,420,0.202386,0.08670333333333333,0.802382668,55.843
2030,421,0.336216,0.13716888888888887,0.821450803,46.54
2030,422,0.45405,0.11386,0.83076299,70.157
2030,423,0.530843,0.053718888888888885,0.835990436,76.457
2030,424,0.571024,0.005708888888888889,0.861201624,86.074
2030,425,0.578003,0.0,0.873482568,99.972
2030,426,0.56705,0.0,0.841343748,99.92
2030,427,0.579713,0.0,0.812847174,83.693
2030,428,0.58863,0.0,0.770806891,81.294
2030,429,0.594375,0.0,0.723239142,77.605
2030,430,0.618164,0.0,0.678423136,73.861
2030,431,0.630127,0.0,0.633603493,76.988
2030,432,0.619327,0.0,0.605411963,72.7
2030,433,0.589673,0.0,0.62219293,68.527
2030,434,0.5564,0.0,0.608965623,64.504
2030,435,0.545427,0.0,0.604451567,60.69
2030,436,0.5203819999999999,0.0,0.608916316,65.796
2030,437,0.47997,0.0,0.630410339,69.025
2030,438,0.453451,0.0,0.630842372,77.187
2030,439,0.45758,0.0,0.700980749,80.351
2030,440,0.479305,0.0006833333333333333,0.747485526,89.956
2030,441,0.503897,0.12181333333333333,0.76569694,96.51
2030,442,0.493846,0.13811111111111113,0.791746853,79.457
2030,443,0.488989,0.10947999999999998,0.80396112,76.486
2030,444,0.49314,0.09835333333333333,0.807959728,68.657
2030,445,0.5031,0.07267666666666667,0.822869575,65.939
2030,446,0.530319,0.04325111111111112,0.819174921,67.887
2030,447,0.590582,0.016134444444444444,0.808329974,72.452
2030,448,0.665067,0.00014888888888888891,0.831545693,84.585
2030,449,0.713076,0.0,0.843515416,100.42
2030,450,0.726042,0.0,0.815412665,93.486
2030,451,0.714409,0.0,0.787234221,87.717
2030,452,0.689166,0.0,0.747151107,81.819
2030,453,0.672769,0.0,0.703676513,78.762
2030,454,0.675814,0.0,0.664607536,77.749
2030,455,0.676645,0.0,0.624171857,77.521
2030,456,0.67978,0.0,0.595134939,77.516
2030,457,0.703309,0.0,0.558115011,71.879
2030,458,0.725901,0.0,0.542628921,68.496
2030,459,0.721775,0.0,0.533997228,63.262
2030,460,0.708969,0.0,0.52961521,68.138
2030,461,0.731133,0.0,0.529560171,69.418
2030,462,0.734606,0.0,0.536860156,71.957
2030,463,0.729595,0.0,0.578385519,73.745
2030,464,0.706809,0.011508888888888888,0.620059869,80.312
2030,465,0.668276,0.39655444444444443,0.646517964,86.526
2030,466,0.622402,0.5950377777777778,0.663013419,82.572
2030,467,0.627643,0.65735,0.665310574,66.495
2030,468,0.593551,0.6614422222222222,0.661126292,70.092
2030,469,0.57622,0.6397166666666667,0.658990087,72.666
2030,470,0.577964,0.57953,0.660050995,77.519
2030,471,0.578013,0.4266877777777778,0.664955237,84.312
2030,472,0.598673,0.1355555555555555,0.681931601,90.19
2030,473,0.600538,0.0,0.717401231,91.539
2030,474,0.561348,0.0,0.713940749,97.191
2030,475,0.502184,0.0,0.697337048,83.195
2030,476,0.438126,0.0,0.673694817,81.771
2030,477,0.376625,0.0,0.644380625,78.208
2030,478,0.325492,0.0,0.614540119,77.516
2030,479,0.283043,0.0,0.586814244,72.49
2030,480,0.236232,0.0,0.562647047,72.035
2030,481,0.185799,0.0,0.550576454,58.623
2030,482,0.147937,0.0,0.537147897,58.365
2030,483,0.120778,0.0,0.530049221,63.254
2030,484,0.10701,0.0,0.525433815,54.519
2030,485,0.105131,0.0,0.520140324,64.891
2030,486,0.115678,0.0,0.516848517,66.512
2030,487,0.111626,0.0,0.547974993,72.658
2030,488,0.113541,0.0003388888888888889,0.579755715,77.522
2030,489,0.122971,0.0699411111111111,0.604304051,84.42
2030,490,0.144839,0.16180111111111115,0.625452925,85.474
2030,491,0.150878,0.2572433333333333,0.632750121,84.527
2030,492,0.161806,0.3074377777777778,0.63477056,86.33
2030,493,0.178699,0.26258,0.636275569,75.763
2030,494,0.199987,0.16650777777777775,0.63525407,75.423
2030,495,0.246048,0.07620555555555555,0.64465292,82.364
2030,496,0.312839,0.011788888888888889,0.671028145,90.343
2030,497,0.399164,0.0,0.722963238,101.48
2030,498,0.467455,0.0,0.725684384,101.03
2030,499,0.501984,0.0,0.713280189,92.773
2030,500,0.539699,0.0,0.690210666,82.167
2030,501,0.553454,0.0,0.659735053,82.12
2030,502,0.567133,0.0,0.625023163,78.523
2030,503,0.586824,0.0,0.594182046,78.226
2030,504,0.594811,0.0,0.572853556,77.405
2030,505,0.636668,0.0,0.644115649,68.91
2030,506,0.689158,0.0,0.642694075,65.529
2030,507,0.727071,0.0,0.64972811,68.383
2030,508,0.735959,0.0,0.661425704,70.017
2030,509,0.749243,0.0,0.686729898,71.449
2030,510,0.760221,0.0,0.690862697,71.728
2030,511,0.755459,0.0,0.763297944,74.469
2030,512,0.747173,0.0,0.80805203,79.483
2030,513,0.749205,0.01773777777777778,0.823626885,107.46
2030,514,0.74288,0.08499555555555556,0.819624529,74.221
2030,515,0.705899,0.17504999999999998,0.812830319,64.184
2030,516,0.632669,0.23154111111111111,0.808048785,38.927
2030,517,0.576085,0.27890333333333334,0.827578504,27.669
2030,518,0.563594,0.20973555555555556,0.828543287,46.058
2030,519,0.55037,0.1066411111111111,0.827875686,70.411
2030,520,0.560961,0.010437777777777778,0.853406211,74.956
2030,521,0.623108,0.0,0.891660973,95.068
2030,522,0.686169,0.0,0.887245204,92.017
2030,523,0.676442,0.0,0.868004917,80.775
2030,524,0.636252,0.0,0.83379876,78.415
2030,525,0.598665,0.0,0.791385266,83.878
2030,526,0.601239,0.0,0.7472782,81.116
2030,527,0.595634,0.0,0.701617123,69.729
2030,528,0.598628,0.0,0.673199801,67.715
2030,529,0.56277,0.0,0.692386151,67.17
2030,530,0.555392,0.0,0.678484656,70.228
2030,531,0.593549,0.0,0.672207078,67.014
2030,532,0.648737,0.0,0.674120728,66.512
2030,533,0.680558,0.0,0.693145933,67.343
2030,534,0.70948,0.0,0.692791407,69.95
2030,535,0.724267,0.0,0.763154907,91.457
2030,536,0.704677,0.0,0.805247126,103.64
2030,537,0.686915,0.012436666666666665,0.821200482,87.132
2030,538,0.714418,0.03416222222222222,0.842438881,67.873
2030,539,0.735185,0.06894888888888889,0.853288142,48.991
2030,540,0.748234,0.10711,0.857024817,43.573
2030,541,0.796991,0.10317333333333331,0.869703031,70.008
2030,542,0.812441,0.06296888888888888,0.864591999,60.216
2030,543,0.849527,0.03156777777777778,0.849161522,78.474
2030,544,0.85567,0.0033666666666666662,0.864655322,83.069
2030,545,0.87841,0.0,0.879122063,117.42
2030,546,0.87322,0.0,0.854976613,109.84
2030,547,0.852224,0.0,0.826888085,83.426
2030,548,0.829866,0.0,0.787509557,78.322
2030,549,0.798191,0.0,0.74173565,71.435
2030,550,0.782491,0.0,0.694960029,66.894
2030,551,0.767245,0.0,0.649156924,65.478
2030,552,0.766385,0.0,0.621694382,63.421
2030,553,0.77282,0.0,0.640108567,67.434
2030,554,0.756496,0.0,0.627753268,69.091
2030,555,0.782505,0.0,0.623718276,70.207
2030,556,0.794727,0.0,0.628451731,72.386
2030,557,0.78065,0.0,0.649837262,76.558
2030,558,0.775627,0.0,0.65217681,82.965
2030,559,0.751899,0.0,0.72354338,177.3
2030,560,0.735183,0.0,0.767582744,201.3
2030,561,0.697017,0.018419999999999995,0.784602822,215.1
2030,562,0.650038,0.06257333333333334,0.802260924,164.89
2030,563,0.603123,0.12294555555555556,0.815354064,94.871
2030,564,0.601229,0.21194888888888883,0.821417678,75.671
2030,565,0.595038,0.2514377777777778,0.840080864,80.7
2030,566,0.598668,0.2087611111111111,0.843494274,101.69
2030,567,0.593555,0.09445222222222224,0.839257759,163.19
2030,568,0.59867,0.015772222222222222,0.863535846,247.24
2030,569,0.578807,0.0,0.874744161,284.23
2030,570,0.572787,0.0,0.852881488,253.08
2030,571,0.575399,0.0,0.82967948,233
2030,572,0.601237,0.0,0.793809464,176.89
2030,573,0.659038,0.0,0.75237079,86.697
2030,574,0.700132,0.0,0.708622036,90.18
2030,575,0.767379,0.0,0.666835449,89.028
2030,576,0.803709,0.0,0.641748276,85.697
2030,577,0.842368,0.0,0.681299348,79.496
2030,578,0.874958,0.0,0.672004087,74.729
2030,579,0.89528,0.0,0.66739931,67.318
2030,580,0.907541,0.0,0.673602888,66.02
2030,581,0.897989,0.0,0.693948384,65.329
2030,582,0.892122,0.0,0.696075609,69.206
2030,583,0.887843,0.0,0.766097021,141.94
2030,584,0.890201,0.0,0.809687733,146.54
2030,585,0.864781,0.019328888888888892,0.823659459,82.846
2030,586,0.822165,0.07539888888888888,0.819275285,69.206
2030,587,0.770932,0.17510999999999996,0.813018696,49.022
2030,588,0.738817,0.2471177777777778,0.808939551,38.352
2030,589,0.697175,0.24334666666666666,0.823507146,43.81
2030,590,0.619484,0.1632722222222222,0.82514241,70.821
2030,591,0.538704,0.0995788888888889,0.822787863,77.689
2030,592,0.494193,0.016195555555555553,0.844548088,130.44
2030,593,0.450354,0.0,0.871309586,146.78
2030,594,0.401753,0.0,0.861589907,143.75
2030,595,0.323972,0.0,0.836300364,77.739
2030,596,0.21508,0.0,0.796076001,80.796
2030,597,0.134248,0.0,0.749176081,78.562
2030,598,0.085489,0.0,0.703745159,70.891
2030,599,0.060923,0.0,0.660754079,69.734
2030,600,0.042878,0.0,0.633752739,68.881
2030,601,0.037901,0.0,0.652541911,68.221
2030,602,0.031363,0.0,0.641131194,67.531
2030,603,0.032904,0.0,0.637787526,68.59
2030,604,0.023089,0.0,0.642774511,70.976
2030,605,0.013481,0.0,0.663826372,79.386
2030,606,0.015589,0.0,0.664469269,81.298
2030,607,0.031294,0.0,0.736223678,86.335
2030,608,0.053751,0.0,0.781830779,94.86
2030,609,0.08282,0.020394444444444444,0.799351454,93.047
2030,610,0.117435,0.08525555555555557,0.8004748,88.236
2030,611,0.155241,0.1387877777777778,0.791098322,81.073
2030,612,0.213646,0.27514666666666665,0.784279482,79.277
2030,613,0.339096,0.3031177777777777,0.800649816,81.714
2030,614,0.503392,0.2875877777777777,0.803063313,86.192
2030,615,0.632756,0.1658277777777778,0.799344757,95.075
2030,616,0.706858,0.039322222222222224,0.824101617,102.68
2030,617,0.742064,0.0,0.853503846,132.57
2030,618,0.738216,0.0,0.83938562,101.32
2030,619,0.70901,0.0,0.810605083,98.554
2030,620,0.680009,0.0,0.769516876,94.609
2030,621,0.655582,0.0,0.725033041,89.325
2030,622,0.632714,0.0,0.684963484,86.492
2030,623,0.605042,0.0,0.644707983,86.349
2030,624,0.579114,0.0,0.617238273,86.665
2030,625,0.580304,0.0,0.582649405,79.664
2030,626,0.59355,0.0,0.568660738,72.468
2030,627,0.605041,0.0,0.562203666,68.526
2030,628,0.612396,0.0,0.558879924,66.178
2030,629,0.622103,0.0,0.559264994,72.091
2030,630,0.647103,0.0,0.566629561,74.592
2030,631,0.673689,0.0,0.60939307,83.036
2030,632,0.696256,0.015694444444444445,0.651209738,98.584
2030,633,0.705986,0.1855688888888889,0.67719115,100.93
2030,634,0.710799,0.38658555555555557,0.675846673,91.629
2030,635,0.706873,0.6109666666666668,0.665951057,88.794
2030,636,0.670757,0.6344111111111111,0.650122729,80.778
2030,637,0.630121,0.6217455555555556,0.645616448,72.326
2030,638,0.602688,0.6161666666666666,0.649298534,54.486
2030,639,0.607764,0.49969111111111103,0.659626458,46.99
2030,640,0.655215,0.2028988888888889,0.67725998,65.854
2030,641,0.705983,0.0,0.726587929,89.682
2030,642,0.721767,0.0,0.739297259,100.06
2030,643,0.720566,0.0,0.723117132,96.464
2030,644,0.714412,0.0,0.69926212,81.637
2030,645,0.701509,0.0,0.669790721,75.469
2030,646,0.689182,0.0,0.639585632,75.604
2030,647,0.678976,0.0,0.612832285,75.003
2030,648,0.672351,0.0,0.588777414,72.262
2030,649,0.666794,0.0,0.570494582,61.13
2030,650,0.647238,0.0,0.558132476,60.444
2030,651,0.632769,0.0,0.552004526,59.524
2030,652,0.625167,0.0,0.547096556,59.376
2030,653,0.627635,0.0,0.540569845,61.896
2030,654,0.637259,0.0,0.536433224,63.96
2030,655,0.645976,0.0,0.56835407,75.143
2030,656,0.6547,0.08947,0.599984548,83.883
2030,657,0.649076,0.6087233333333334,0.625622019,96.711
2030,658,0.638304,0.7246677777777779,0.635312775,84.495
2030,659,0.62931,0.7538611111111112,0.640920203,68.963
2030,660,0.602693,0.7414688888888888,0.634622632,67.507
2030,661,0.586544,0.7136566666666667,0.633812192,65.774
2030,662,0.589982,0.6601955555555555,0.63062964,69.31
2030,663,0.601229,0.5264722222222221,0.645815913,81.272
2030,664,0.636266,0.20634111111111111,0.672410975,88.126
2030,665,0.681692,0.0,0.724455484,106.33
2030,666,0.704697,0.0,0.735543678,113.14
2030,667,0.699257,0.0,0.725342516,98.951
2030,668,0.671375,0.0,0.705365529,86.119
2030,669,0.619786,0.0,0.677009807,81.276
2030,670,0.549071,0.0,0.642313079,76.267
2030,671,0.456797,0.0,0.611124326,69.612
2030,672,0.351618,0.0,0.589349008,58.059
2030,673,0.26406,0.0,0.642058299,37.863
2030,674,0.205652,0.0,0.634449307,41.468
2030,675,0.172183,0.0,0.633718146,50.375
2030,676,0.169824,0.0,0.6406994,41.466
2030,677,0.196919,0.0,0.66349966,45.559
2030,678,0.247264,0.0,0.667110971,68.582
2030,679,0.301852,0.0,0.740802173,73.597
2030,680,0.344225,0.036561111111111114,0.784827116,79.907
2030,681,0.350759,0.31235222222222225,0.803637771,79.827
2030,682,0.328229,0.5476722222222222,0.817478844,74.406
2030,683,0.289286,0.6638611111111111,0.822787896,72.912
2030,684,0.269772,0.6999377777777777,0.827994484,72.205
2030,685,0.310493,0.6854588888888888,0.844544328,76.457
2030,686,0.416534,0.6302222222222222,0.846602347,77.157
2030,687,0.524406,0.4904555555555556,0.843928865,85.791
2030,688,0.589493,0.1842666666666667,0.864505792,91.961
2030,689,0.630097,0.0,0.884304993,110.5
2030,690,0.655846,0.0,0.864834929,98.572
2030,691,0.689197,0.0,0.838795405,97.373
2030,692,0.714405,0.0,0.800353507,92.72
2030,693,0.704651,0.0,0.756053495,82.375
2030,694,0.681909,0.0,0.710390793,76.047
2030,695,0.636273,0.0,0.667921114,70.132
2030,696,0.585457,0.0,0.64185794,64.303
2030,697,0.533839,0.0,0.67891493,55.676
2030,698,0.48886,0.0,0.668149164,23.008
2030,699,0.462462,0.0,0.665132337,24.351
2030,700,0.474802,0.0,0.670856727,31.099
2030,701,0.484334,0.0,0.693271285,22.507
2030,702,0.474819,0.0,0.695909458,62.17
2030,703,0.459865,0.0,0.767377467,74.125
2030,704,0.416177,0.04173666666666667,0.811083117,101.17
2030,705,0.344177,0.30463444444444443,0.831441459,107.31
2030,706,0.288534,0.42901888888888895,0.851827537,76.302
2030,707,0.256729,0.4641622222222222,0.857291286,71.746
2030,708,0.2253,0.5163377777777778,0.858846372,60.732
2030,709,0.210372,0.5930233333333332,0.866681428,40.404
2030,710,0.211679,0.5717744444444444,0.860351552,44.437
2030,711,0.226323,0.42924444444444443,0.851252683,44.997
2030,712,0.252864,0.1547611111111111,0.867246876,66.782
2030,713,0.26175400000000004,0.0,0.889843173,106.69
2030,714,0.246124,0.0,0.888816692,108.01
2030,715,0.209926,0.0,0.866687533,88.6
2030,716,0.162806,0.0,0.832115253,66.934
2030,717,0.117296,0.0,0.789445749,58.156
2030,718,0.085043,0.0,0.74480577,27.053
2030,719,0.067044,0.0,0.701253254,30.669
2030,720,0.053197,0.0,0.67507842,26.864
2030,721,0.042586,0.0,0.704142585,20.951
2030,722,0.038155,0.0,0.692431911,33.44
2030,723,0.043749,0.0,0.689935476,38.835
2030,724,0.063133,0.0,0.694407632,38.708
2030,725,0.079457,0.0,0.715652823,16.023
2030,726,0.073915,0.0,0.718178599,25.701
2030,727,0.055646,0.0,0.789370885,60.95
2030,728,0.040667,0.03198222222222222,0.833349344,87.883
2030,729,0.025497,0.22298222222222222,0.847069295,108.92
2030,730,0.012336,0.35425888888888896,0.852701833,85.384
2030,731,0.007224,0.4260455555555555,0.852869663,54.143
2030,732,0.005718,0.46265555555555554,0.86475614,19.373
2030,733,0.004189,0.49036,0.889183806,15.414
2030,734,0.002699,0.4951288888888889,0.890868186,16.979
2030,735,0.002866,0.38410888888888883,0.875335352,30.827
2030,736,0.005925,0.14109555555555556,0.891272696,65.46
2030,737,0.011551,0.0,0.905853374,108.46
2030,738,0.030093,0.0,0.881860319,107.63
2030,739,0.066208,0.0,0.854104704,87.98
2030,740,0.109972,0.0,0.813775879,67.678
2030,741,0.162059,0.0,0.768163736,61.343
2030,742,0.211809,0.0,0.721958,43.468
2030,743,0.254279,0.0,0.677383841,33.872
2030,744,0.288539,0.0,0.649084455,29.488
2030,745,0.313295,0.0,0.671713862,40.037
2030,746,0.341885,0.0,0.659565915,29.815
2030,747,0.398206,0.0,0.655510414,17.812
2030,748,0.475226,0.0,0.659653237,23.696
2030,749,0.553027,0.0,0.680119071,40.426
2030,750,0.617286,0.0,0.68248973,69.21
2030,751,0.662682,0.0,0.749669582,78.203
2030,752,0.69168,0.005667777777777777,0.788083395,86.702
2030,753,0.709893,0.04792333333333333,0.813822308,92.027
2030,754,0.714497,0.08922555555555556,0.816005591,80.537
2030,755,0.70951,0.12221555555555555,0.815175404,88.394
2030,756,0.720127,0.13847333333333334,0.814824663,73.499
2030,757,0.728079,0.10206222222222222,0.834007261,71.259
2030,758,0.73951,0.04081111111111111,0.839108632,75.547
2030,759,0.738265,0.008453333333333334,0.83471756,79.768
2030,760,0.742836,0.0,0.854847944,79.587
2030,761,0.721995,0.0,0.875339983,85.693
2030,762,0.616719,0.0,0.881975099,167.23
2030,763,0.5182100000000001,0.0,0.858944397,79.768
2030,764,0.486173,0.0,0.819634554,79.588
2030,765,0.479046,0.0,0.774724646,82.826
2030,766,0.482482,0.0,0.731847093,77.738
2030,767,0.480259,0.0,0.69000615,79.843
2030,768,0.473346,0.0,0.66433674,74.297
2030,769,0.447835,0.0,0.708183848,72.671
2030,770,0.425991,0.0,0.697624872,70.636
2030,771,0.468499,0.0,0.693454481,68.973
2030,772,0.533285,0.0,0.696429977,69.959
2030,773,0.592126,0.0,0.71589557,69.967
2030,774,0.670929,0.0,0.718290803,76.289
2030,775,0.731762,0.0,0.788351613,93.111
2030,776,0.765847,0.0,0.827677844,101.6
2030,777,0.798319,0.007424444444444445,0.854699868,93.027
2030,778,0.818788,0.019505555555555557,0.859666487,77.133
2030,779,0.834207,0.04262444444444445,0.855604392,53.332
2030,780,0.858192,0.06109,0.851024405,20.439
2030,781,0.886046,0.05179222222222222,0.859645839,12.053
2030,782,0.910286,0.036493333333333336,0.859723989,37.832
2030,783,0.931231,0.018372222222222224,0.850981276,70.07
2030,784,0.95143,0.0022088888888888887,0.872582245,79.607
2030,785,0.962899,0.0,0.893057751,99.702
2030,786,0.96827,0.0,0.901030758,98.789
2030,787,0.971374,0.0,0.87313048,90.49
2030,788,0.969789,0.0,0.831943566,85.776
2030,789,0.971371,0.0,0.786145041,81.145
2030,790,0.974578,0.0,0.746008463,81.705
2030,791,0.977897,0.0,0.703643673,79.511
2030,792,0.972811,0.0,0.675138055,76.393
2030,793,0.966377,0.0,0.64055009,71.95
2030,794,0.944525,0.0,0.627920121,64.88
2030,795,0.922799,0.0,0.622331093,63.382
2030,796,0.88811,0.0,0.620487704,62.4
2030,797,0.827992,0.0,0.621130722,70.943
2030,798,0.752283,0.0,0.630741682,78.828
2030,799,0.6869,0.0,0.673395903,87.51
2030,800,0.636855,0.002591111111111111,0.709799439,108.13
2030,801,0.621216,0.027215555555555555,0.741864257,106.39
2030,802,0.625629,0.06456555555555556,0.735458537,80.746
2030,803,0.667796,0.11860777777777776,0.723088357,79.928
2030,804,0.697548,0.19112,0.710817061,79.028
2030,805,0.693465,0.15984,0.704011308,59.91
2030,806,0.676617,0.24032444444444445,0.702415533,57.559
2030,807,0.680767,0.29662555555555564,0.708027846,68.363
2030,808,0.74318,0.11075888888888889,0.725640658,82.959
2030,809,0.813685,0.0,0.767690723,94.305
2030,810,0.852911,0.0,0.797052479,99.326
2030,811,0.89187,0.0,0.781271288,77.094
2030,812,0.928565,0.0,0.757403219,75.276
2030,813,0.960054,0.0,0.725837668,68.174
2030,814,0.981806,0.0,0.694638634,62.19
2030,815,0.989087,0.0,0.665073398,57.386
2030,816,0.985866,0.0,0.63869876,66.733
2030,817,0.96307,0.0,0.599826039,63.724
2030,818,0.943591,0.0,0.585279438,67.723
2030,819,0.948506,0.0,0.576112968,73.036
2030,820,0.938491,0.0,0.56876568,70.798
2030,821,0.95969,0.0,0.560449689,72.14
2030,822,0.967379,0.0,0.557022959,77.627
2030,823,0.971506,0.0,0.584289803,89.594
2030,824,0.975326,0.0,0.607849469,102.69
2030,825,0.984839,0.0076255555555555556,0.641319677,97.807
2030,826,0.985629,0.026178888888888887,0.659035219,70.575
2030,827,0.981161,0.06015555555555555,0.664376451,60.098
2030,828,0.972305,0.059436666666666665,0.663273972,32.877
2030,829,0.965746,0.0680211111111111,0.657721507,17.571
2030,830,0.930252,0.02359333333333333,0.648804036,27.883
2030,831,0.899858,0.019598888888888888,0.655213445,31.848
2030,832,0.888499,0.003927777777777778,0.678082946,74.783
2030,833,0.883235,0.0,0.728045176,88.797
2030,834,0.893124,0.0,0.763247786,102.6
2030,835,0.893549,0.0,0.755774897,101.35
2030,836,0.890666,0.0,0.736917801,84.303
2030,837,0.895053,0.0,0.707843735,78.754
2030,838,0.896334,0.0,0.673174733,76.903
2030,839,0.891236,0.0,0.639879623,73.205
2030,840,0.886536,0.0,0.616015364,63.495
2030,841,0.894299,0.0,0.652997949,59.133
2030,842,0.898812,0.0,0.644683388,56.968
2030,843,0.894309,0.0,0.643002526,45.068
2030,844,0.893992,0.0,0.648400669,50.958
2030,845,0.896395,0.0,0.668409303,46.698
2030,846,0.899618,0.0,0.670028207,63.466
2030,847,0.899601,0.0,0.739724694,75.227
2030,848,0.904025,0.0004755555555555555,0.77890933,107.69
2030,849,0.913632,0.025231111111111107,0.80786434,101.12
2030,850,0.926087,0.05554888888888889,0.828177414,84.443
2030,851,0.938694,0.057962222222222214,0.834497998,71.679
2030,852,0.945437,0.06508777777777777,0.833388834,45.369
2030,853,0.952326,0.08157444444444444,0.837860966,31.787
2030,854,0.956568,0.09906555555555557,0.832235218,24.607
2030,855,0.955695,0.058215555555555555,0.817257431,62.429
2030,856,0.955846,0.017463333333333334,0.831223223,77.059
2030,857,0.960364,0.0,0.844465896,88.162
2030,858,0.966028,0.0,0.839505954,102.08
2030,859,0.966407,0.0,0.811227131,99.878
2030,860,0.968777,0.0,0.77184181,87.218
2030,861,0.965759,0.0,0.725966654,79.908
2030,862,0.970417,0.0,0.679742521,71.119
2030,863,0.971456,0.0,0.636324201,70.69
2030,864,0.968444,0.0,0.610211293,62.898
2030,865,0.959574,0.0,0.638732029,71.103
2030,866,0.961541,0.0,0.628602596,76.407
2030,867,0.967323,0.0,0.626435899,81.969
2030,868,0.968264,0.0,0.631504815,85.944
2030,869,0.973701,0.0,0.653406963,86.989
2030,870,0.981375,0.0,0.65741408,85.094
2030,871,0.987419,0.0,0.72497635,100.12
2030,872,0.989044,0.00025666666666666665,0.761978034,161.38
2030,873,0.98909,0.018855555555555556,0.79032654,109.98
2030,874,0.988697,0.06128111111111111,0.804843252,79.818
2030,875,0.988859,0.09887666666666667,0.799450945,60.726
2030,876,0.9885,0.15510111111111113,0.806412203,52.601
2030,877,0.987217,0.20721222222222224,0.816392314,60.164
2030,878,0.986141,0.17426444444444442,0.81540288,72.866
2030,879,0.985665,0.12645555555555554,0.815037421,84.197
2030,880,0.985968,0.040891111111111114,0.8338928,98.844
2030,881,0.985072,0.0,0.850105361,160.67
2030,882,0.984779,0.0,0.856773591,179.25
2030,883,0.985489,0.0,0.837796533,161.02
2030,884,0.987118,0.0,0.803616418,118.76
2030,885,0.988481,0.0,0.761677574,101.76
2030,886,0.988665,0.0,0.72039625,96.911
2030,887,0.984874,0.0,0.67784218,89.441
2030,888,0.974801,0.0,0.65108999,83.734
2030,889,0.963638,0.0,0.695809381,78.788
2030,890,0.948372,0.0,0.687389662,75.477
2030,891,0.926199,0.0,0.685104709,74.587
2030,892,0.931837,0.0,0.693174639,74.233
2030,893,0.942069,0.0,0.713477042,77.099
2030,894,0.946304,0.0,0.714136466,79.888
2030,895,0.951461,0.0,0.781841985,98.084
2030,896,0.961533,0.003575555555555555,0.818326206,129.61
2030,897,0.975936,0.026453333333333332,0.834726996,83.278
2030,898,0.982352,0.07997222222222222,0.827034687,80.705
2030,899,0.987035,0.23129999999999998,0.820872911,64.726
2030,900,0.989107,0.42221999999999993,0.814659817,58.692
2030,901,0.987361,0.4232366666666667,0.829048275,54.747
2030,902,0.983912,0.3288400000000001,0.832026018,68.367
2030,903,0.979467,0.13792111111111113,0.825432401,80.816
2030,904,0.970081,0.02019333333333333,0.850195621,85.557
2030,905,0.96712,0.0,0.86196791,135.69
2030,906,0.984033,0.0,0.863985708,223.82
2030,907,0.988196,0.0,0.842485533,164.85
2030,908,0.966767,0.0,0.805671053,85.556
2030,909,0.917661,0.0,0.762248704,82.295
2030,910,0.859862,0.0,0.717577436,76.609
2030,911,0.835135,0.0,0.674773475,74.726
2030,912,0.832508,0.0,0.648299697,76.485
2030,913,0.828552,0.0,0.672508065,70.117
2030,914,0.809339,0.0,0.663423902,67.941
2030,915,0.780876,0.0,0.66240068,70.367
2030,916,0.723368,0.0,0.669430105,76.05
2030,917,0.662688,0.0,0.691855911,82.709
2030,918,0.605046,0.0,0.694918609,81.768
2030,919,0.510373,0.0,0.764922342,92.037
2030,920,0.401019,0.310428888888889,0.802317604,170.79
2030,921,0.321435,0.6454722222222221,0.820098737,159.22
2030,922,0.275885,0.7519411111111111,0.814923236,75.503
2030,923,0.253923,0.7764322222222222,0.801808172,66.199
2030,924,0.210555,0.7635077777777779,0.788770832,47.025
2030,925,0.162939,0.7428188888888888,0.795983566,47.31
2030,926,0.117587,0.70475,0.791226813,72.932
2030,927,0.071915,0.6040288888888888,0.786658088,79.929
2030,928,0.037901,0.3595277777777777,0.812589979,91.291
2030,929,0.019306,0.01526,0.830447276,177.34
2030,930,0.012531,0.0,0.85531094,257.52
2030,931,0.0143,0.0,0.840621146,243.44
2030,932,0.024558,0.0,0.805383691,117.85
2030,933,0.045795,0.0,0.759328211,91.257
2030,934,0.078825,0.0,0.714031243,84.766
2030,935,0.127533,0.0,0.671273986,79.877
2030,936,0.192056,0.0,0.646408489,77.689
2030,937,0.264736,0.0,0.681059633,71.056
2030,938,0.326379,0.0,0.67212454,69.325
2030,939,0.35848,0.0,0.671745607,68.049
2030,940,0.368444,0.0,0.678174514,65.599
2030,941,0.379505,0.0,0.69898454,67.146
2030,942,0.412512,0.0,0.701504812,69.826
2030,943,0.453056,0.0,0.772213845,76.064
2030,944,0.484328,0.15893777777777782,0.811239557,141.95
2030,945,0.465318,0.4173444444444444,0.821682983,133.59
2030,946,0.426979,0.5374422222222222,0.808573545,79.304
2030,947,0.402563,0.5359944444444443,0.794821565,64.361
2030,948,0.44355,0.5344477777777777,0.781479253,57.179
2030,949,0.477542,0.5051922222222222,0.786845177,58.47
2030,950,0.499113,0.3354844444444444,0.781554884,67.391
2030,951,0.488275,0.14874111111111113,0.775258136,76.316
2030,952,0.518227,0.0873688888888889,0.800937942,88.519
2030,953,0.583883,0.006133333333333333,0.818604443,204.58
2030,954,0.659134,0.0,0.842514151,172.04
2030,955,0.726218,0.0,0.827424483,135.66
2030,956,0.763238,0.0,0.794120322,116.29
2030,957,0.772805,0.0,0.753294897,77.272
2030,958,0.766398,0.0,0.718154345,70.686
2030,959,0.757512,0.0,0.678245858,70.699
2030,960,0.742844,0.0,0.651790312,68.254
2030,961,0.725899,0.0,0.622359155,76.228
2030,962,0.701034,0.0,0.61197679,72.726
2030,963,0.692278,0.0,0.60661989,67.465
2030,964,0.69141,0.0,0.602801775,67.156
2030,965,0.696881,0.0,0.601326014,65.365
2030,966,0.703618,0.0,0.608915798,68.378
2030,967,0.710746,0.0,0.652243334,82.644
2030,968,0.733171,0.005518888888888889,0.688245604,101.08
2030,969,0.766143,0.028466666666666668,0.708598265,71.756
2030,970,0.7964,0.053811111111111115,0.686121893,67.88
2030,971,0.79558,0.0897388888888889,0.662976609,39.865
2030,972,0.778831,0.13134444444444443,0.644240134,45.247
2030,973,0.749667,0.09717,0.632992714,84.831
2030,974,0.694209,0.055067777777777785,0.627593805,37.358
2030,975,0.637153,0.022115555555555555,0.63588235,46.756
2030,976,0.610304,0.0015433333333333332,0.659248428,71.756
2030,977,0.567745,0.0,0.699678586,87.272
2030,978,0.529983,0.0,0.747548748,93.436
2030,979,0.452958,0.0,0.745916681,88.005
2030,980,0.428652,0.0,0.730242931,85.557
2030,981,0.437077,0.0,0.705055831,77.119
2030,982,0.399846,0.0,0.678616567,74.089
2030,983,0.311148,0.0,0.653668049,73.653
2030,984,0.189345,0.0,0.631100589,71.307
2030,985,0.106955,0.0,0.614897851,66.124
2030,986,0.071106,0.0,0.604732143,58.096
2030,987,0.080198,0.0,0.59989449,52.882
2030,988,0.097901,0.0,0.596072271,44.829
2030,989,0.095992,0.0,0.588230894,57.875
2030,990,0.084929,0.0,0.584428313,63.839
2030,991,0.083094,0.0,0.612584022,76.893
2030,992,0.083807,0.008494444444444443,0.638049092,84.009
2030,993,0.074245,0.04877111111111111,0.653158828,90.797
2030,994,0.059452,0.09386,0.632817142,76.051
2030,995,0.073483,0.11234222222222222,0.616621732,71.472
2030,996,0.111358,0.0947611111111111,0.604510725,63.247
2030,997,0.126735,0.07760777777777776,0.596134919,26.68
2030,998,0.1189,0.06682777777777778,0.59353446,29.296
2030,999,0.106234,0.03723666666666666,0.603786504,36.455
2030,1000,0.073619,0.008235555555555555,0.633401284,66.704
2030,1001,0.034004,0.0,0.683246779,73.785
2030,1002,0.040007,0.0,0.735577128,93.541
2030,1003,0.092264,0.0,0.740331773,91.33
2030,1004,0.189185,0.0,0.725351934,75.783
2030,1005,0.34419,0.0,0.699413089,76.932
2030,1006,0.500263,0.0,0.668972791,83.361
2030,1007,0.648442,0.0,0.641005175,79.695
2030,1008,0.770997,0.0,0.622714254,70.843
2030,1009,0.847566,0.0,0.681587379,66.359
2030,1010,0.868457,0.0,0.67856972,69.698
2030,1011,0.877073,0.0,0.681870113,66.846
2030,1012,0.876214,0.0,0.691033484,66.423
2030,1013,0.874949,0.0,0.714749986,66.79
2030,1014,0.86061,0.0,0.721061822,71.972
2030,1015,0.829419,0.0,0.793469748,79.278
2030,1016,0.779113,0.004056666666666667,0.830915042,90.071
2030,1017,0.697924,0.03597333333333333,0.834154019,72.402
2030,1018,0.63256,0.09084111111111112,0.81495657,64.185
2030,1019,0.60504,0.11482999999999999,0.794509206,60.03
2030,1020,0.58936,0.10111444444444444,0.782093712,48.477
2030,1021,0.521894,0.05898777777777778,0.790342368,55.02
2030,1022,0.458146,0.037808888888888885,0.786704118,62.418
2030,1023,0.482259,0.025232222222222222,0.784262396,70.675
2030,1024,0.62763,0.00872222222222222,0.812698793,76.849
2030,1025,0.709001,0.0,0.832557397,86.27
2030,1026,0.718721,0.0,0.861305411,188.65
2030,1027,0.704674,0.0,0.851125841,185.81
2030,1028,0.657957,0.0,0.81981467,79.433
2030,1029,0.57571,0.0,0.782777982,72.495
2030,1030,0.482201,0.0,0.741226452,71.127
2030,1031,0.409843,0.0,0.698584281,67.818
2030,1032,0.412532,0.0,0.676063727,68.572
2030,1033,0.44954,0.0,0.722626791,67.673
2030,1034,0.472086,0.0,0.713613264,79.476
2030,1035,0.495013,0.0,0.711402183,73.854
2030,1036,0.450442,0.0,0.716728404,69.212
2030,1037,0.415441,0.0,0.739128739,71.213
2030,1038,0.435234,0.0,0.742597073,78.544
2030,1039,0.496547,0.0,0.812754194,201.78
2030,1040,0.567114,0.00961,0.849503494,199.05
2030,1041,0.643319,0.06413888888888888,0.866524529,141.76
2030,1042,0.691404,0.14230111111111113,0.869816544,77.493
2030,1043,0.724953,0.19809333333333332,0.869029784,63.126
2030,1044,0.75115,0.34104666666666666,0.865816038,48.201
2030,1045,0.768192,0.3106933333333333,0.881166703,41.202
2030,1046,0.763155,0.17795999999999998,0.878314194,57.45
2030,1047,0.743652,0.08266222222222222,0.871284899,69.834
2030,1048,0.750074,0.022914444444444446,0.890660549,73.635
2030,1049,0.774643,0.0,0.900676182,137.31
2030,1050,0.787064,0.0,0.908325917,126.67
2030,1051,0.79262,0.0,0.890741729,111.1
2030,1052,0.79642,0.0,0.854295941,95.281
2030,1053,0.800597,0.0,0.812040166,65.69
2030,1054,0.797772,0.0,0.768181331,64.562
2030,1055,0.795014,0.0,0.721711765,65.387
2030,1056,0.787123,0.0,0.694928948,63.646
2030,1057,0.780861,0.0,0.720716386,64.072
2030,1058,0.772752,0.0,0.710687812,64.52
2030,1059,0.759662,0.0,0.709036809,66.187
2030,1060,0.761009,0.0,0.713762045,72.076
2030,1061,0.735122,0.0,0.734740753,76.89
2030,1062,0.709261,0.0,0.737196861,77.55
2030,1063,0.664149,0.0,0.805791343,94.328
2030,1064,0.630115,0.0026100000000000003,0.842172185,124.15
2030,1065,0.557139,0.02974888888888889,0.866950475,98.962
2030,1066,0.482345,0.08711444444444444,0.879387741,87.324
2030,1067,0.423885,0.12978666666666666,0.880004101,81.215
2030,1068,0.379876,0.1788922222222222,0.878981638,74.863
2030,1069,0.319002,0.18381666666666666,0.889927429,73.843
2030,1070,0.251607,0.11939777777777777,0.88505382,72.96
2030,1071,0.190053,0.05842888888888888,0.878316583,81.793
2030,1072,0.161278,0.018903333333333334,0.896293916,89.386
2030,1073,0.165053,0.0,0.904133253,115.43
2030,1074,0.173078,0.0,0.899062356,145.17
2030,1075,0.198863,0.0,0.87533532,122.91
2030,1076,0.236193,0.0,0.837687941,95.582
2030,1077,0.300553,0.0,0.793397433,88.655
2030,1078,0.349445,0.0,0.746875534,86.828
2030,1079,0.374009,0.0,0.7018608,80.351
2030,1080,0.385633,0.0,0.673531642,72.078
2030,1081,0.407153,0.0,0.706826791,68.093
2030,1082,0.432533,0.0,0.697885087,67.156
2030,1083,0.451949,0.0,0.69652495,65.932
2030,1084,0.482733,0.0,0.704183354,67.826
2030,1085,0.514158,0.0,0.728071233,68.964
2030,1086,0.553186,0.0,0.733357893,71.619
2030,1087,0.596117,0.0,0.80520517,81.581
2030,1088,0.627632,0.024995555555555556,0.845683049,94.955
2030,1089,0.649639,0.06364444444444445,0.862021741,73.932
2030,1090,0.615212,0.0918511111111111,0.860838201,68.702
2030,1091,0.566252,0.1214611111111111,0.853380074,43.581
2030,1092,0.568624,0.18601666666666666,0.84766218,40.074
2030,1093,0.583497,0.1952922222222222,0.856378007,40.11
2030,1094,0.604549,0.1272822222222222,0.853047813,62.922
2030,1095,0.598674,0.05307222222222222,0.849142796,69.312
2030,1096,0.636271,0.014635555555555554,0.874994242,68.783
2030,1097,0.700765,0.0,0.89095269,120.61
2030,1098,0.741539,0.0,0.912905087,142.23
2030,1099,0.748512,0.0,0.906394532,127.46
2030,1100,0.750218,0.0,0.873564636,67.678
2030,1101,0.764277,0.0,0.832517641,68.23
2030,1102,0.762642,0.0,0.789744074,65.843
2030,1103,0.735237,0.0,0.748571866,69.479
2030,1104,0.697619,0.0,0.723198625,70.838
2030,1105,0.666906,0.0,0.774103211,65.159
2030,1106,0.677482,0.0,0.766484993,63.96
2030,1107,0.670034,0.0,0.766325705,67.104
2030,1108,0.667781,0.0,0.774701194,66.793
2030,1109,0.676675,0.0,0.798095419,67.224
2030,1110,0.676078,0.0,0.801003024,68.394
2030,1111,0.658436,0.0,0.871022757,75.838
2030,1112,0.598097,0.00479,0.910789349,138.52
2030,1113,0.527633,0.022376666666666663,0.907893025,130.13
2030,1114,0.425345,0.046808888888888886,0.899611899,101.33
2030,1115,0.355774,0.09387555555555555,0.888377151,71.324
2030,1116,0.310365,0.19516888888888884,0.879026839,56.144
2030,1117,0.266305,0.26413222222222216,0.886101065,57.954
2030,1118,0.228856,0.3920822222222223,0.879891675,57.602
2030,1119,0.198889,0.43119777777777774,0.87037311,58.474
2030,1120,0.171936,0.2836166666666667,0.894354541,64.449
2030,1121,0.160213,0.03962888888888889,0.909396784,119.72
2030,1122,0.183856,0.0,0.932341206,112.88
2030,1123,0.25948200000000005,0.0,0.925332379,100.27
2030,1124,0.35057,0.0,0.891752041,68.196
2030,1125,0.409287,0.0,0.850543769,69.992
2030,1126,0.396061,0.0,0.811965314,68.758
2030,1127,0.333341,0.0,0.772749354,67.66
2030,1128,0.265291,0.0,0.747846822,63.156
2030,1129,0.227645,0.0,0.710029502,69.831
2030,1130,0.231553,0.0,0.700947331,64.438
2030,1131,0.271345,0.0,0.697260766,62.069
2030,1132,0.314635,0.0,0.696314877,63.623
2030,1133,0.362854,0.0,0.697556796,64.784
2030,1134,0.401772,0.0,0.70669753,71.653
2030,1135,0.413206,0.0,0.749406909,76.844
2030,1136,0.387481,0.04023111111111111,0.785509612,81.453
2030,1137,0.350612,0.1059788888888889,0.778696587,68.482
2030,1138,0.319796,0.3397766666666666,0.757313856,60.164
2030,1139,0.269804,0.5824655555555556,0.73162918,23.398
2030,1140,0.242913,0.6459355555555555,0.708980283,35.706
2030,1141,0.243825,0.6564588888888888,0.693153361,13.493
2030,1142,0.267016,0.6308911111111112,0.684363375,50.104
2030,1143,0.30791,0.553738888888889,0.688606468,66.451
2030,1144,0.380685,0.35434444444444446,0.710743938,68.825
2030,1145,0.520232,0.0677611111111111,0.754656128,77.804
2030,1146,0.639074,0.0,0.80503644,88.571
2030,1147,0.715385,0.0,0.815207018,88.151
2030,1148,0.735317,0.0,0.797434293,83.63
2030,1149,0.734372,0.0,0.771603072,80.804
2030,1150,0.70939,0.0,0.745389367,79.446
2030,1151,0.654498,0.0,0.720305359,81.005
2030,1152,0.589511,0.0,0.70139685,78.652
2030,1153,0.545559,0.0,0.677345997,73.279
2030,1154,0.504024,0.0,0.666629867,73.326
2030,1155,0.468103,0.0,0.660655772,72.68
2030,1156,0.450345,0.0,0.656399753,74.715
2030,1157,0.443543,0.0,0.648031476,78.915
2030,1158,0.429348,0.0,0.643053376,82.106
2030,1159,0.425956,0.0,0.673064234,88.087
2030,1160,0.425968,0.16969444444444445,0.697229459,85.337
2030,1161,0.425959,0.3894711111111111,0.70835719,72.071
2030,1162,0.416459,0.5677366666666667,0.694356427,68.479
2030,1163,0.373985,0.5722855555555555,0.682634668,62.228
2030,1164,0.317061,0.6120233333333333,0.672138846,51.882
2030,1165,0.254924,0.5432044444444445,0.663009269,38.82
2030,1166,0.204091,0.4474155555555555,0.659267746,50.379
2030,1167,0.18543,0.3679944444444444,0.666368329,67.371
2030,1168,0.199601,0.16958888888888887,0.694421612,76.825
2030,1169,0.246081,0.02222333333333333,0.739169245,89.23
2030,1170,0.301792,0.0,0.790054257,120.05
2030,1171,0.355981,0.0,0.802532239,115.97
2030,1172,0.420054,0.0,0.789612158,91.098
2030,1173,0.481929,0.0,0.765776245,88.57
2030,1174,0.527631,0.0,0.731596459,86.14
2030,1175,0.566599,0.0,0.701203748,76.965
2030,1176,0.599375,0.0,0.677320822,70.669
2030,1177,0.601104,0.0,0.718943384,65.16
2030,1178,0.56096,0.0,0.710985261,60.271
2030,1179,0.507818,0.0,0.709143222,56.894
2030,1180,0.496548,0.0,0.715294893,59.487
2030,1181,0.535438,0.0,0.734956937,66.446
2030,1182,0.610039,0.0,0.73553527,82.986
2030,1183,0.703084,0.0,0.802290342,90.347
2030,1184,0.754518,0.021004444444444444,0.840087487,90.306
2030,1185,0.728366,0.03173444444444444,0.856892966,84.167
2030,1186,0.676656,0.05633888888888889,0.867052482,74.49
2030,1187,0.663566,0.07947555555555556,0.871400091,60.458
2030,1188,0.67898,0.11085666666666667,0.87073692,58.848
2030,1189,0.701851,0.12494333333333332,0.881900004,54.861
2030,1190,0.742564,0.12711666666666666,0.88001815,58.581
2030,1191,0.787426,0.12434555555555556,0.868523162,60.437
2030,1192,0.81777,0.07415333333333335,0.886296325,80.002
2030,1193,0.843474,0.006202222222222222,0.891216035,83.858
2030,1194,0.859878,0.0,0.906046281,83.842
2030,1195,0.851576,0.0,0.901297043,84.356
2030,1196,0.832319,0.0,0.867090385,83.956
2030,1197,0.816611,0.0,0.824877346,70.984
2030,1198,0.806628,0.0,0.778951467,68.817
2030,1199,0.78091,0.0,0.735993055,66.823
2030,1200,0.757835,0.0,0.712919808,61.267
2030,1201,0.742828,0.0,0.737436464,58.729
2030,1202,0.732762,0.0,0.726308661,58.248
2030,1203,0.73326,0.0,0.718857545,55.471
2030,1204,0.749177,0.0,0.722820089,59.608
2030,1205,0.762181,0.0,0.744370341,63.247
2030,1206,0.756972,0.0,0.747804046,70.665
2030,1207,0.752702,0.0,0.81641901,84.664
2030,1208,0.750762,0.08666666666666667,0.853262748,80.088
2030,1209,0.746612,0.25887888888888894,0.861437327,63.756
2030,1210,0.724184,0.3987866666666667,0.859156691,30.524
2030,1211,0.693685,0.4758022222222222,0.843263434,26.638
2030,1212,0.660342,0.49673,0.831433678,33.987
2030,1213,0.608611,0.44493111111111106,0.841023007,36.174
2030,1214,0.562837,0.36279111111111106,0.837881984,61.592
2030,1215,0.549935,0.21820888888888887,0.833660137,66.344
2030,1216,0.585835,0.09728,0.859835616,69.699
2030,1217,0.661555,0.015782222222222222,0.871652757,82.799
2030,1218,0.74421,0.0,0.890057418,86.717
2030,1219,0.797337,0.0,0.886100464,85.927
2030,1220,0.820658,0.0,0.857781351,84.865
2030,1221,0.815012,0.0,0.818879805,75.513
2030,1222,0.785246,0.0,0.772463926,74.42
2030,1223,0.74175,0.0,0.717593599,75.158
2030,1224,0.692113,0.0,0.689034969,65.05
2030,1225,0.651551,0.0,0.68657985,60.988
2030,1226,0.619214,0.0,0.672214116,60.736
2030,1227,0.607783,0.0,0.66497955,63.278
2030,1228,0.626637,0.0,0.66785512,68.959
2030,1229,0.655585,0.0,0.687606245,74.91
2030,1230,0.670351,0.0,0.690714268,81.474
2030,1231,0.670062,0.007111111111111111,0.757409256,109.21
2030,1232,0.657961,0.45029444444444444,0.794069948,117.85
2030,1233,0.633486,0.6998133333333333,0.803205107,76.71
2030,1234,0.608392,0.8074855555555555,0.805633574,69.04
2030,1235,0.601222,0.8299122222222222,0.80206145,54.541
2030,1236,0.581342,0.8135677777777778,0.797176281,45.359
2030,1237,0.550557,0.7601866666666667,0.818288925,53.082
2030,1238,0.540443,0.6337533333333334,0.821718023,61.058
2030,1239,0.551024,0.49114555555555556,0.819880691,68.973
2030,1240,0.577951,0.293751111111111,0.843971395,77.676
2030,1241,0.662701,0.06850777777777778,0.84740682,85.973
2030,1242,0.75553,0.0,0.836785139,93.54
2030,1243,0.79794,0.0,0.816182987,85.505
2030,1244,0.803621,0.0,0.779584105,72.854
2030,1245,0.775275,0.0,0.735268911,70.021
2030,1246,0.716511,0.0,0.689516088,69.432
2030,1247,0.627365,0.0,0.643568072,67.18
2030,1248,0.539198,0.0,0.615852704,65.254
2030,1249,0.484701,0.0,0.630167375,61.648
2030,1250,0.453047,0.0,0.619264432,59.609
2030,1251,0.39942,0.0,0.61556091,58.603
2030,1252,0.350638,0.0,0.621216256,59.138
2030,1253,0.33267,0.0,0.64414223,65.021
2030,1254,0.337766,0.0,0.648252563,66.84
2030,1255,0.344305,0.0014111111111111112,0.713005552,79.429
2030,1256,0.353088,0.10301777777777776,0.749343355,72.03
2030,1257,0.369649,0.2705588888888889,0.770405164,62.98
2030,1258,0.353192,0.5750444444444445,0.784309258,45.701
2030,1259,0.283067,0.5343455555555555,0.78833339,39.344
2030,1260,0.218747,0.3987211111111111,0.790957425,31.693
2030,1261,0.215052,0.3607722222222222,0.801735987,47.712
2030,1262,0.248773,0.41772777777777775,0.805154563,61.799
2030,1263,0.253124,0.4715077777777778,0.800352465,63.993
2030,1264,0.249835,0.32505222222222224,0.816176992,72.861
2030,1265,0.259502,0.08029888888888889,0.821458092,81.891
2030,1266,0.288564,0.0,0.816964417,82.158
2030,1267,0.353479,0.0,0.79815097,80.906
2030,1268,0.424047,0.0,0.760000907,71.881
2030,1269,0.440569,0.0,0.71326493,68.148
2030,1270,0.444937,0.0,0.667782181,64.639
2030,1271,0.459839,0.0,0.623775583,64.055
2030,1272,0.472087,0.0,0.597900665,64.14
2030,1273,0.45569,0.0,0.634973607,56.6
2030,1274,0.47481,0.0,0.627363205,52.177
2030,1275,0.487339,0.0,0.627509757,50.75
2030,1276,0.491113,0.0,0.636776411,59.501
2030,1277,0.506041,0.0,0.662151005,59.677
2030,1278,0.539066,0.0,0.66711212,65.178
2030,1279,0.594753,0.0,0.736125371,79.076
2030,1280,0.637733,0.022601111111111113,0.775641688,74.642
2030,1281,0.678966,0.06647777777777779,0.77459791,63.086
2030,1282,0.725727,0.10959555555555556,0.774190691,56.642
2030,1283,0.764969,0.15400888888888886,0.766650454,54.015
2030,1284,0.797606,0.18357555555555555,0.763126667,52.023
2030,1285,0.820399,0.15498333333333333,0.780212589,53.092
2030,1286,0.828682,0.10283777777777778,0.783233401,51.836
2030,1287,0.835611,0.06890222222222223,0.777682514,58.794
2030,1288,0.84621,0.03349333333333333,0.794804479,65.016
2030,1289,0.865867,0.00215,0.803224147,77.167
2030,1290,0.892122,0.0,0.808527926,81.39
2030,1291,0.909189,0.0,0.789884512,77.192
2030,1292,0.910908,0.0,0.750696551,77.913
2030,1293,0.89972,0.0,0.70647525,71.788
2030,1294,0.880731,0.0,0.666812139,69.359
2030,1295,0.821917,0.0,0.626649551,74.956
2030,1296,0.709016,0.0,0.600665824,66.035
2030,1297,0.576813,0.0,0.565058931,51.777
2030,1298,0.443557,0.0,0.553686969,46.02
2030,1299,0.323129,0.0,0.547513472,47.691
2030,1300,0.26099599999999995,0.0,0.54517175,55.418
2030,1301,0.218124,0.0,0.546257202,55.441
2030,1302,0.190208,0.0,0.555278652,64.532
2030,1303,0.166966,0.0,0.593874066,70.303
2030,1304,0.166712,0.0030588888888888883,0.628075986,81.826
2030,1305,0.183816,0.01246,0.648943766,81.443
2030,1306,0.196937,0.025625555555555558,0.648288381,77.303
2030,1307,0.176494,0.06211777777777778,0.630342681,71.93
2030,1308,0.12293,0.13257111111111108,0.617968184,68.398
2030,1309,0.08696,0.16328222222222222,0.607466781,59.594
2030,1310,0.073953,0.13215666666666664,0.60105475,58.137
2030,1311,0.070684,0.07547555555555555,0.60634983,63.138
2030,1312,0.069648,0.029369999999999997,0.626700673,74.452
2030,1313,0.068036,0.0016066666666666666,0.661774855,81.078
2030,1314,0.084438,0.0,0.694205245,103.6
2030,1315,0.121934,0.0,0.700427626,93.959
2030,1316,0.172841,0.0,0.678988548,81.359
2030,1317,0.230617,0.0,0.648897517,80.385
2030,1318,0.274426,0.0,0.617130293,78.091
2030,1319,0.307867,0.0,0.589834565,73.144
2030,1320,0.323993,0.0,0.565712412,69.723
2030,1321,0.321483,0.0,0.557669969,66.609
2030,1322,0.314969,0.0,0.54961657,63.365
2030,1323,0.332699,0.0,0.54881586,60.755
2030,1324,0.341679,0.0,0.550529985,58.328
2030,1325,0.347871,0.0,0.549150045,60.338
2030,1326,0.362254,0.0,0.549763509,57.887
2030,1327,0.385694,0.0,0.578484462,61.778
2030,1328,0.409812,0.006801111111111111,0.603942651,71.975
2030,1329,0.430552,0.025491111111111107,0.604872418,66.478
2030,1330,0.455564,0.04848888888888889,0.600429931,62.42
2030,1331,0.50983,0.0692488888888889,0.592834555,60.379
2030,1332,0.576242,0.08920888888888888,0.587779554,58.292
2030,1333,0.625154,0.06880888888888889,0.581763151,50.012
2030,1334,0.64689,0.04256777777777778,0.579797124,41.322
2030,1335,0.680434,0.04549444444444445,0.590578812,43.832
2030,1336,0.701651,0.027467777777777775,0.620892203,61.19
2030,1337,0.709033,0.00293,0.666473981,71.743
2030,1338,0.721436,0.0,0.706809912,80.744
2030,1339,0.73824,0.0,0.71615623,78.319
2030,1340,0.748791,0.0,0.696542303,73.463
2030,1341,0.758485,0.0,0.665236171,68.129
2030,1342,0.763472,0.0,0.627201685,63.142
2030,1343,0.769638,0.0,0.593727621,61.359
2030,1344,0.770998,0.0,0.570574195,58.792
2030,1345,0.759758,0.0,0.600543364,58.308
2030,1346,0.767152,0.0,0.591748144,56.352
2030,1347,0.785276,0.0,0.588720732,60.02
2030,1348,0.798348,0.0,0.59505506,60.966
2030,1349,0.837918,0.0,0.618909326,61.521
2030,1350,0.892423,0.0,0.623848081,69.889
2030,1351,0.920038,0.0,0.689017365,74.279
2030,1352,0.92472,0.015147777777777776,0.72808916,84.221
2030,1353,0.912647,0.03646222222222222,0.756810121,70.344
2030,1354,0.914875,0.05789,0.781942335,64.476
2030,1355,0.918473,0.07062444444444443,0.791921412,52.454
2030,1356,0.854788,0.07375888888888887,0.795504348,49.817
2030,1357,0.73137,0.03361222222222222,0.807292462,43.598
2030,1358,0.697511,0.022721111111111112,0.797031994,51.971
2030,1359,0.768933,0.04320333333333334,0.774062422,62.101
2030,1360,0.82973,0.03461555555555555,0.783915956,65.975
2030,1361,0.830794,0.006315555555555555,0.78692368,76.94
2030,1362,0.815761,0.0,0.793812436,82.413
2030,1363,0.830173,0.0,0.790040946,75.371
2030,1364,0.841469,0.0,0.754586821,72.611
2030,1365,0.843606,0.0,0.711756374,67.442
2030,1366,0.837343,0.0,0.666201239,61.457
2030,1367,0.861418,0.0,0.624446482,61.049
2030,1368,0.898295,0.0,0.599677838,59.363
2030,1369,0.913533,0.0,0.645762321,59.457
2030,1370,0.930457,0.0,0.637434482,59.882
2030,1371,0.943857,0.0,0.636619424,60.488
2030,1372,0.955101,0.0,0.644331664,61.275
2030,1373,0.961095,0.0,0.66861505,66.132
2030,1374,0.974146,0.0,0.673406123,67.493
2030,1375,0.978616,0.0,0.738310969,68.026
2030,1376,0.976912,0.013455555555555554,0.772846853,116.97
2030,1377,0.974281,0.039723333333333326,0.768108462,85.355
2030,1378,0.967358,0.0825911111111111,0.772366575,67.38
2030,1379,0.960535,0.14104555555555556,0.765000579,63.257
2030,1380,0.953999,0.1991133333333333,0.769573813,50.579
2030,1381,0.9436,0.19381,0.781786715,46.835
2030,1382,0.926484,0.14683555555555552,0.780735927,50.64
2030,1383,0.906409,0.09240555555555556,0.778823156,56.001
2030,1384,0.894342,0.03810555555555555,0.805194047,65.741
2030,1385,0.894358,0.004229999999999999,0.812253511,69.571
2030,1386,0.877504,0.0,0.820502016,139.83
2030,1387,0.872393,0.0,0.826128146,115.57
2030,1388,0.849578,0.0,0.795668868,65.741
2030,1389,0.80991,0.0,0.754629977,69.243
2030,1390,0.750828,0.0,0.710235436,68.37
2030,1391,0.708999,0.0,0.66620467,68.391
2030,1392,0.700839,0.0,0.639797627,67.828
2030,1393,0.711524,0.0,0.671575323,65.024
2030,1394,0.731104,0.0,0.662685754,64.628
2030,1395,0.755923,0.0,0.659301593,62.956
2030,1396,0.767351,0.0,0.665960896,65.093
2030,1397,0.759754,0.0,0.688653404,68.184
2030,1398,0.744075,0.0,0.693497352,68.176
2030,1399,0.72538,0.0,0.759203048,78.514
2030,1400,0.68811,0.02970666666666667,0.792792312,175.6
2030,1401,0.633778,0.08649333333333332,0.797654068,140.83
2030,1402,0.573225,0.13222,0.797316733,68.176
2030,1403,0.520621,0.20145333333333332,0.787931938,68.975
2030,1404,0.47755,0.24125666666666665,0.782429301,61.837
2030,1405,0.457501,0.23406555555555553,0.796032151,49.814
2030,1406,0.454075,0.18606888888888887,0.794468671,59.304
2030,1407,0.465116,0.13696222222222224,0.790130596,71.044
2030,1408,0.472098,0.07617666666666666,0.810783278,78.557
2030,1409,0.468346,0.013087777777777778,0.820513344,89.764
2030,1410,0.46708,0.0,0.8263286,121.75
2030,1411,0.450358,0.0,0.817666309,119.37
2030,1412,0.414469,0.0,0.783692954,92.459
2030,1413,0.368428,0.0,0.741797706,90.007
2030,1414,0.332746,0.0,0.697374246,86.595
2030,1415,0.305811,0.0,0.65394678,79.458
2030,1416,0.289353,0.0,0.628425271,71.124
2030,1417,0.28538,0.0,0.623713151,65.631
2030,1418,0.301807,0.0,0.612816531,61.875
2030,1419,0.33308,0.0,0.6104952,61.868
2030,1420,0.374007,0.0,0.619363609,67.486
2030,1421,0.41253,0.0,0.64597481,74.528
2030,1422,0.442481,0.0,0.64566188,90.617
2030,1423,0.455399,0.0035344444444444447,0.703465229,91.216
2030,1424,0.455874,0.07981555555555557,0.748350184,89.576
2030,1425,0.473508,0.21144888888888885,0.761903765,74.967
2030,1426,0.50779,0.33404111111111107,0.771082437,61.723
2030,1427,0.542371,0.5024411111111111,0.771262029,64.442
2030,1428,0.568559,0.6371022222222222,0.761407796,66.756
2030,1429,0.590749,0.6974833333333333,0.773035277,66.185
2030,1430,0.618379,0.668738888888889,0.774080121,70.895
2030,1431,0.65796,0.5416833333333333,0.769201378,75.799
2030,1432,0.69776,0.3286155555555556,0.793559306,84.866
2030,1433,0.732922,0.08449666666666665,0.805632318,90.722
2030,1434,0.766684,0.0,0.807319481,123.92
2030,1435,0.790034,0.0,0.814220601,115.16
2030,1436,0.794773,0.0,0.774303848,89.92
2030,1437,0.787475,0.0,0.724973084,79.553
2030,1438,0.791202,0.0,0.678750046,76.015
2030,1439,0.771837,0.0,0.633037095,74.271
2030,1440,0.74193,0.0,0.602646951,72.555
2030,1441,0.72536,0.0,0.627609893,71.526
2030,1442,0.716964,0.0,0.61746457,65.874
2030,1443,0.741201,0.0,0.611869018,64.593
2030,1444,0.761102,0.0,0.613990073,66.474
2030,1445,0.768404,0.0,0.63478994,74.246
2030,1446,0.772679,0.0,0.63111935,78.032
2030,1447,0.76891,0.04574333333333334,0.688699472,82.258
2030,1448,0.745003,0.4717666666666666,0.736367281,89.273
2030,1449,0.697409,0.7960666666666667,0.751909485,75.9
2030,1450,0.6425,0.87749,0.758860442,72.225
2030,1451,0.565608,0.8988544444444444,0.752897791,71.392
2030,1452,0.508886,0.8834511111111112,0.751214595,65.553
2030,1453,0.494768,0.8602877777777779,0.765678628,39.41
2030,1454,0.511451,0.8291755555555554,0.764903607,32.335
2030,1455,0.539413,0.7486911111111112,0.759966012,47.899
2030,1456,0.560863,0.5685111111111112,0.784211718,69.345
2030,1457,0.624823,0.21781666666666666,0.793004451,82.213
2030,1458,0.694461,0.0,0.792606046,116.27
2030,1459,0.717059,0.0,0.79244229,96.498
2030,1460,0.716512,0.0,0.754254635,79.862
2030,1461,0.694962,0.0,0.709385587,72.399
2030,1462,0.662716,0.0,0.669526041,69.72
2030,1463,0.610974,0.0,0.628004713,67.761
2030,1464,0.555908,0.0,0.597172254,61.515
2030,1465,0.506044,0.0,0.588504506,52.016
2030,1466,0.472095,0.0,0.576511971,42.077
2030,1467,0.47716,0.0,0.570870907,41.182
2030,1468,0.508752,0.0,0.568231441,45.026
2030,1469,0.543783,0.0,0.570073652,51.608
2030,1470,0.572283,0.0,0.575680701,61.874
2030,1471,0.601502,0.08789666666666665,0.607155349,65.973
2030,1472,0.601226,0.6251922222222223,0.647114248,89.151
2030,1473,0.575661,0.8130266666666667,0.664328929,91.61
2030,1474,0.524295,0.8708277777777778,0.66461222,80.711
2030,1475,0.508749,0.8903822222222222,0.655973197,66.092
2030,1476,0.496551,0.8767144444444446,0.648665772,53.171
2030,1477,0.49383,0.8559677777777778,0.647391966,37.814
2030,1478,0.514269,0.8248411111111111,0.645291023,42.896
2030,1479,0.534603,0.74923,0.656367271,54.435
2030,1480,0.568098,0.5801577777777779,0.67318927,69.235
2030,1481,0.655594,0.23802222222222222,0.70938151,76.997
2030,1482,0.740193,0.0,0.730173301,94.203
2030,1483,0.75977,0.0,0.752484448,90.755
2030,1484,0.742748,0.0,0.733498476,84.892
2030,1485,0.706727,0.0,0.704119903,75.277
2030,1486,0.662678,0.0,0.674363144,71.603
2030,1487,0.605046,0.0,0.648532049,69.008
2030,1488,0.560958,0.0,0.624305159,63.367
2030,1489,0.5229640000000001,0.0,0.631934571,63.608
2030,1490,0.48323,0.0,0.625362005,63.817
2030,1491,0.436323,0.0,0.624060742,63.725
2030,1492,0.386381,0.0,0.62338841,66.172
2030,1493,0.333017,0.0,0.618318064,68.416
2030,1494,0.277965,0.0,0.610040787,79.721
2030,1495,0.23058,0.0849988888888889,0.628821897,94.626
2030,1496,0.176817,0.54224,0.653589191,82.999
2030,1497,0.132892,0.7604033333333333,0.648340602,64.308
2030,1498,0.099361,0.8185588888888888,0.640443783,14.486
2030,1499,0.083868,0.8480233333333332,0.637654547,20.028
2030,1500,0.081678,0.8397311111111112,0.639256299,1.689
2030,1501,0.077164,0.79403,0.634919465,82.324
2030,1502,0.080952,0.7580777777777777,0.633354413,12.046
2030,1503,0.094698,0.6745333333333333,0.644497934,54.669
2030,1504,0.120886,0.5024099999999999,0.6738997,69.74
2030,1505,0.178619,0.18669333333333332,0.728307949,80.157
2030,1506,0.236786,0.0,0.765471791,106.04
2030,1507,0.25521,0.0,0.79003143,100.75
2030,1508,0.234032,0.0,0.772817826,93.983
2030,1509,0.200677,0.0,0.74501025,84.464
2030,1510,0.17683,0.0,0.708480761,81.778
2030,1511,0.161455,0.0,0.675912086,73.608
2030,1512,0.156382,0.0,0.65404785,66.364
2030,1513,0.160705,0.0,0.702415924,62.93
2030,1514,0.166066,0.0,0.697897312,63.928
2030,1515,0.159038,0.0,0.699993281,68.247
2030,1516,0.144509,0.0,0.709642552,76.23
2030,1517,0.117525,0.0,0.734222475,80.456
2030,1518,0.07771,0.0,0.734119224,94.9
2030,1519,0.056271,0.003217777777777778,0.797155138,137.85
2030,1520,0.06585,0.03914555555555555,0.835265789,96.3
2030,1521,0.108346,0.08866,0.820261448,77.578
2030,1522,0.152225,0.13513,0.81475381,71.677
2030,1523,0.187263,0.19854666666666668,0.810195468,52.212
2030,1524,0.21748,0.26691111111111115,0.808747293,13.499
2030,1525,0.25282,0.27940777777777775,0.827032212,12.943
2030,1526,0.330258,0.19486555555555551,0.825426214,18.334
2030,1527,0.453047,0.11132111111111109,0.822075112,52.213
2030,1528,0.546715,0.05230666666666666,0.840792801,73.614
2030,1529,0.568733,0.014716666666666664,0.849715675,78.605
2030,1530,0.597123,0.0,0.849722961,119.86
2030,1531,0.627835,0.0,0.868478213,108.01
2030,1532,0.651738,0.0,0.833580145,79.285
2030,1533,0.663567,0.0,0.785602024,78.605
2030,1534,0.636162,0.0,0.735244035,78.494
2030,1535,0.58866,0.0,0.686110116,76.795
2030,1536,0.518207,0.0,0.654142716,71.44
2030,1537,0.486808,0.0,0.659471409,66.205
2030,1538,0.504918,0.0,0.647988798,67.099
2030,1539,0.506842,0.0,0.644057838,66.904
2030,1540,0.485441,0.0,0.648707746,66.528
2030,1541,0.450106,0.0,0.671903601,67.769
2030,1542,0.429571,0.0,0.671245173,70.859
2030,1543,0.429802,0.08042888888888888,0.728911424,77.373
2030,1544,0.412489,0.35202222222222224,0.769292651,123.07
2030,1545,0.401352,0.5582433333333334,0.784001627,72.879
2030,1546,0.394708,0.6699433333333332,0.797403425,64.967
2030,1547,0.368381,0.7159833333333334,0.805571142,40.067
2030,1548,0.355821,0.7888988888888888,0.816212662,28.484
2030,1549,0.359001,0.7807133333333334,0.835344114,24.806
2030,1550,0.37808,0.7661266666666666,0.831865679,49.271
2030,1551,0.404456,0.71824,0.824264162,68.492
2030,1552,0.421928,0.6072211111111112,0.842539361,72.416
2030,1553,0.453765,0.3172655555555555,0.838321709,76.724
2030,1554,0.504963,2.7777777777777776e-05,0.829868712,107.5
2030,1555,0.53307,0.0,0.819389388,115.54
2030,1556,0.542371,0.0,0.782124509,84.971
2030,1557,0.539699,0.0,0.735347855,80.146
2030,1558,0.53143,0.0,0.687443958,81.576
2030,1559,0.5146609999999999,0.0,0.640712709,81.14
2030,1560,0.475088,0.0,0.611726594,77.623
2030,1561,0.427458,0.0,0.641691919,69.815
2030,1562,0.376631,0.0,0.632969375,66.508
2030,1563,0.336389,0.0,0.631631077,65.53
2030,1564,0.330254,0.0,0.637433741,65.382
2030,1565,0.339114,0.0,0.660505876,73.066
2030,1566,0.353366,0.0,0.660643752,91.323
2030,1567,0.362249,0.23222777777777776,0.720616626,98.319
2030,1568,0.323979,0.7055344444444445,0.763734131,101.42
2030,1569,0.290927,0.85087,0.780217536,90.615
2030,1570,0.313516,0.9025322222222222,0.784259503,75.418
2030,1571,0.3246,0.915931111111111,0.778346763,71.482
2030,1572,0.303185,0.9047144444444445,0.773359597,65.745
2030,1573,0.307856,0.8943833333333334,0.79691841,50.005
2030,1574,0.333858,0.8667766666666666,0.805591781,42.149
2030,1575,0.371399,0.8036544444444444,0.806705199,57.507
2030,1576,0.381832,0.6711944444444445,0.835266304,71.298
2030,1577,0.430603,0.3671877777777777,0.83977493,83.788
2030,1578,0.506037,0.002197777777777778,0.827248268,97.702
2030,1579,0.544073,0.0,0.827122844,89.633
2030,1580,0.531805,0.0,0.796393858,84.596
2030,1581,0.498189,0.0,0.755604409,72.161
2030,1582,0.459856,0.0,0.710948709,70.834
2030,1583,0.428688,0.0,0.665100131,69.773
2030,1584,0.413569,0.0,0.638228566,67.702
2030,1585,0.41503,0.0,0.672054289,44.072
2030,1586,0.418566,0.0,0.665678529,35.671
2030,1587,0.412523,0.0,0.665500324,43.665
2030,1588,0.420919,0.0,0.673675126,54.586
2030,1589,0.435576,0.0,0.697110383,64.625
2030,1590,0.440853,0.0,0.69703718,70.397
2030,1591,0.426151,0.31529333333333337,0.755789813,103.65
2030,1592,0.350115,0.7741033333333333,0.791957698,106.47
2030,1593,0.275699,0.8913633333333333,0.789344724,70.208
2030,1594,0.279213,0.9225766666666666,0.783387825,67.141
2030,1595,0.307875,0.92616,0.77463449,53.654
2030,1596,0.379348,0.9045366666666667,0.770925529,28.862
2030,1597,0.467902,0.8817866666666666,0.784539697,39.885
2030,1598,0.553015,0.84053,0.791875208,12.773
2030,1599,0.589862,0.76182,0.792820604,51.707
2030,1600,0.571114,0.6094877777777777,0.813693408,69.871
2030,1601,0.598454,0.29224111111111106,0.820674154,80.039
2030,1602,0.648249,0.0018388888888888888,0.824454079,105.7
2030,1603,0.703859,0.0,0.82281787,92.552
2030,1604,0.755312,0.0,0.785087322,84.1
2030,1605,0.804017,0.0,0.736758714,75.126
2030,1606,0.844834,0.0,0.688859311,73.097
2030,1607,0.864334,0.0,0.641799375,72.462
2030,1608,0.87213,0.0,0.612083194,69.135
2030,1609,0.87384,0.0,0.633760463,65.239
2030,1610,0.870876,0.0,0.624329887,61.834
2030,1611,0.86858,0.0,0.62225244,53.132
2030,1612,0.869867,0.0,0.628523581,42.729
2030,1613,0.880614,0.0,0.651934119,51.463
2030,1614,0.906898,0.0,0.651522438,56.363
2030,1615,0.934375,0.006582222222222223,0.709712856,73.082
2030,1616,0.94395,0.03044222222222222,0.756206685,92.683
2030,1617,0.955615,0.04417333333333333,0.7844121,89.769
2030,1618,0.951442,0.05667888888888889,0.797949563,66.446
2030,1619,0.944591,0.08978444444444444,0.803935042,61.671
2030,1620,0.928767,0.1446588888888889,0.812169632,31.769
2030,1621,0.908225,0.27740777777777775,0.827966319,10.846
2030,1622,0.866514,0.48607,0.826118734,19.778
2030,1623,0.803065,0.4342988888888889,0.815081716,30.855
2030,1624,0.757894,0.2705344444444444,0.830471601,64.709
2030,1625,0.75234,0.07903111111111111,0.832223224,70.782
2030,1626,0.774668,0.0,0.817979737,104.41
2030,1627,0.747209,0.0,0.805129223,99.151
2030,1628,0.7408,0.0,0.765412515,87.165
2030,1629,0.744195,0.0,0.720963086,70.782
2030,1630,0.764927,0.0,0.681169637,70.033
2030,1631,0.802229,0.0,0.640513386,69.728
2030,1632,0.836253,0.0,0.611994175,61.34
2030,1633,0.86693,0.0,0.59147038,70.99
2030,1634,0.894466,0.0,0.58224437,65.73
2030,1635,0.918331,0.0,0.578339225,65.275
2030,1636,0.935524,0.0,0.57785223,59.708
2030,1637,0.947495,0.0,0.581477204,64.391
2030,1638,0.957207,0.0,0.586790804,60.715
2030,1639,0.965699,0.004756666666666666,0.615657899,64.97
2030,1640,0.97567,0.02743,0.646470643,69.429
2030,1641,0.982644,0.05912888888888889,0.657040408,74.137
2030,1642,0.988202,0.11413,0.657093964,65.129
2030,1643,0.988975,0.22738555555555554,0.655097649,64.557
2030,1644,0.989043,0.3871277777777778,0.656687523,37.682
2030,1645,0.9891,0.3147111111111111,0.669195912,24.318
2030,1646,0.989015,0.20586555555555552,0.680255639,29.746
2030,1647,0.989105,0.11399444444444443,0.689763329,38.19
2030,1648,0.988862,0.045741111111111114,0.699886278,65.228
2030,1649,0.98763,0.010766666666666666,0.723310714,69.875
2030,1650,0.983105,0.0,0.726663725,92.127
2030,1651,0.975438,0.0,0.732377978,92.376
2030,1652,0.953662,0.0,0.708175949,87.03
2030,1653,0.937785,0.0,0.675661523,78.879
2030,1654,0.915505,0.0,0.643962729,72.002
2030,1655,0.855311,0.0,0.614551814,70.481
2030,1656,0.814831,0.0,0.588837179,58.336
2030,1657,0.763838,0.0,0.558528333,50.508
2030,1658,0.73827,0.0,0.54950982,43.836
2030,1659,0.73587,0.0,0.545981162,46.046
2030,1660,0.755846,0.0,0.543544331,66.227
2030,1661,0.747137,0.0,0.539626986,72.361
2030,1662,0.731124,0.0,0.534506444,75.133
2030,1663,0.711283,0.03671111111111111,0.551734268,87.535
2030,1664,0.693171,0.12047333333333334,0.576772933,84.655
2030,1665,0.674913,0.26476777777777777,0.596732328,73.12
2030,1666,0.676671,0.6769933333333333,0.609413224,62.522
2030,1667,0.663264,0.7209433333333334,0.613572186,61.178
2030,1668,0.640644,0.7762277777777777,0.603342379,52.712
2030,1669,0.620225,0.7965177777777778,0.592353733,54.217
2030,1670,0.59868,0.77766,0.585753875,65.823
2030,1671,0.547703,0.7113733333333334,0.59935845,69.908
2030,1672,0.501705,0.5822277777777778,0.633740801,73.041
2030,1673,0.495183,0.2967433333333333,0.676322761,84.734
2030,1674,0.572784,0.007712222222222222,0.704300861,98.053
2030,1675,0.668509,0.0,0.707262323,94.454
2030,1676,0.733199,0.0,0.68324558,88.231
2030,1677,0.765215,0.0,0.650622364,79.468
2030,1678,0.76077,0.0,0.613835335,75.997
2030,1679,0.733202,0.0,0.581749807,69.177
2030,1680,0.697185,0.0,0.558579786,63.261
2030,1681,0.667076,0.0,0.60326253,62.69
2030,1682,0.6439,0.0,0.59917365,61.04
2030,1683,0.618258,0.0,0.602187774,62.803
2030,1684,0.592022,0.0,0.615270413,67.088
2030,1685,0.572784,0.0,0.644295091,71.965
2030,1686,0.540552,0.0,0.649421136,87.684
2030,1687,0.48432,0.018053333333333334,0.708213253,88.784
2030,1688,0.438349,0.08713,0.742994306,85.848
2030,1689,0.416533,0.26979333333333333,0.747010512,68.625
2030,1690,0.414727,0.43364777777777774,0.758400182,60.712
2030,1691,0.426755,0.5240877777777777,0.777901371,38.749
2030,1692,0.457318,0.5192233333333334,0.796915657,11.987
2030,1693,0.482734,0.41927444444444434,0.808550833,5.647
2030,1694,0.502687,0.40756444444444434,0.809394524,72.511
2030,1695,0.533297,0.5164500000000001,0.795878135,30.263
2030,1696,0.572793,0.41389,0.810548039,63.308
2030,1697,0.607588,0.10824111111111111,0.804324888,69.129
2030,1698,0.617045,0.0008311111111111111,0.792214299,86.011
2030,1699,0.648651,0.0,0.802700084,88.163
2030,1700,0.724107,0.0,0.767338558,84.611
2030,1701,0.783432,0.0,0.723208698,78.263
2030,1702,0.832094,0.0,0.676340122,72.988
2030,1703,0.839263,0.0,0.631953253,73.355
2030,1704,0.806978,0.0,0.604076297,65.125
2030,1705,0.764442,0.0,0.634666142,62.074
2030,1706,0.747215,0.0,0.627452775,60.558
2030,1707,0.756832,0.0,0.627371054,63.771
2030,1708,0.764216,0.0,0.635710287,62.327
2030,1709,0.766513,0.0,0.662297622,71.592
2030,1710,0.728801,0.0,0.664339825,79.282
2030,1711,0.692512,0.007336666666666666,0.721518998,109.27
2030,1712,0.676438,0.05408333333333333,0.753258995,88.265
2030,1713,0.662702,0.11886222222222223,0.754542387,71.75
2030,1714,0.654902,0.15599444444444444,0.75708771,68.241
2030,1715,0.651107,0.1536588888888889,0.758055386,62.287
2030,1716,0.633448,0.16839333333333334,0.758784382,31.363
2030,1717,0.580637,0.21747111111111112,0.777363245,59.708
2030,1718,0.483102,0.22881555555555552,0.775966624,36.792
2030,1719,0.374022,0.15799555555555553,0.772563982,65.486
2030,1720,0.299381,0.0648,0.796115423,68.86
2030,1721,0.272084,0.015196666666666666,0.801630078,86.95
2030,1722,0.26179,0.0,0.796808373,255.09
2030,1723,0.24873,0.0,0.80636533,244.63
2030,1724,0.220413,0.0,0.773332081,129.36
2030,1725,0.178696,0.0,0.729058751,90.71
2030,1726,0.128197,0.0,0.682378923,86.95
2030,1727,0.07637,0.0,0.636375972,77.423
2030,1728,0.045499,0.0,0.609581133,73.381
2030,1729,0.038101,0.0,0.642962504,73.114
2030,1730,0.042178,0.0,0.634576782,70.706
2030,1731,0.053414,0.0,0.632495572,70.283
2030,1732,0.068242,0.0,0.638892084,70.683
2030,1733,0.082397,0.0,0.661914911,67.004
2030,1734,0.090028,0.0,0.661263348,82.155
2030,1735,0.104127,0.05876888888888889,0.71710223,78.782
2030,1736,0.11924,0.20220666666666665,0.755617184,70.506
2030,1737,0.126873,0.37125,0.760458932,59.093
2030,1738,0.11919,0.4595777777777778,0.759263659,23.524
2030,1739,0.109043,0.5098477777777777,0.756920049,40.761
2030,1740,0.127478,0.5130566666666666,0.754344284,80.313
2030,1741,0.180166,0.5088966666666667,0.767491999,12.042
2030,1742,0.264062,0.4008855555555556,0.76518747,12.002
2030,1743,0.355745,0.23641555555555555,0.763656303,47.303
2030,1744,0.41552,0.12569,0.787700702,69.946
2030,1745,0.459852,0.0456,0.794528056,74.843
2030,1746,0.530324,0.0010966666666666668,0.78965949,103.75
2030,1747,0.607555,0.0,0.816110095,94.914
2030,1748,0.644304,0.0,0.790093297,83.869
2030,1749,0.633732,0.0,0.74825554,77.601
2030,1750,0.63257,0.0,0.704388474,74.971
2030,1751,0.650313,0.0,0.660930087,73.045
2030,1752,0.630098,0.0,0.635150739,70.284
2030,1753,0.588535,0.0,0.659669945,67.673
2030,1754,0.580585,0.0,0.651778671,67.264
2030,1755,0.601233,0.0,0.649307058,66.815
2030,1756,0.591161,0.0,0.655482951,64.766
2030,1757,0.532058,0.0,0.676635792,70.016
2030,1758,0.449932,0.0,0.673055485,84.162
2030,1759,0.429618,0.011862222222222222,0.725933465,89.157
2030,1760,0.459846,0.04943111111111111,0.757754656,78.589
2030,1761,0.515062,0.10710555555555555,0.764970107,70.702
2030,1762,0.569683,0.2133022222222222,0.765809295,50.44
2030,1763,0.618398,0.34539777777777775,0.763303524,23.041
2030,1764,0.647189,0.5819377777777778,0.756479184,28.509
2030,1765,0.68506,0.6671111111111112,0.765852758,53.669
2030,1766,0.69145,0.6809811111111111,0.761986602,57.062
2030,1767,0.667799,0.6342944444444445,0.758497962,70.701
2030,1768,0.650359,0.4720055555555555,0.783106041,72.573
2030,1769,0.721803,0.2144033333333333,0.783851866,75.135
2030,1770,0.833365,0.01367,0.782206994,83.804
2030,1771,0.88727,0.0,0.789101936,94.263
2030,1772,0.898849,0.0,0.757364854,96.343
2030,1773,0.898251,0.0,0.712588882,93.838
2030,1774,0.877727,0.0,0.667590399,89.534
2030,1775,0.8335,0.0,0.623922185,86.934
2030,1776,0.782672,0.0,0.596248696,78.139
2030,1777,0.720818,0.0,0.630025126,76.227
2030,1778,0.665197,0.0,0.621087653,74.891
2030,1779,0.628171,0.0,0.618980365,74.377
2030,1780,0.647759,0.0,0.625628198,73.982
2030,1781,0.672068,0.0,0.650404605,73.728
2030,1782,0.706867,0.0,0.650605319,72.669
2030,1783,0.740333,0.014064444444444444,0.707467268,74.836
2030,1784,0.762629,0.06441333333333332,0.751331774,72.573
2030,1785,0.779584,0.14995888888888886,0.780953135,70.686
2030,1786,0.78314,0.33047666666666664,0.798680449,51.277
2030,1787,0.779066,0.5454233333333333,0.805450422,24.026
2030,1788,0.768079,0.7478966666666667,0.801143692,36.167
2030,1789,0.769874,0.7817355555555555,0.808188767,16.393
2030,1790,0.79472,0.7787866666666666,0.799991752,49.398
2030,1791,0.827182,0.7031566666666667,0.789690128,75.061
2030,1792,0.830304,0.5275833333333333,0.80589333,45.315
2030,1793,0.820397,0.25875111111111115,0.80946124,69.572
2030,1794,0.811147,0.01985555555555556,0.801887906,111.2
2030,1795,0.794703,0.0,0.79955992,111.8
2030,1796,0.706828,0.0,0.763872652,79.694
2030,1797,0.596718,0.0,0.719836631,69.571
2030,1798,0.547451,0.0,0.679761798,68.673
2030,1799,0.518346,0.0,0.638778589,68.272
2030,1800,0.459266,0.0,0.610456702,66.688
2030,1801,0.419221,0.0,0.600976357,58.206
2030,1802,0.407149,0.0,0.591009812,48.903
2030,1803,0.39185,0.0,0.587207107,46.036
2030,1804,0.35062,0.0,0.587408262,51.873
2030,1805,0.301783,0.0,0.590706433,63.889
2030,1806,0.260257,0.0,0.598164847,68.426
2030,1807,0.222564,0.00359,0.627185937,63.608
2030,1808,0.181494,0.024253333333333328,0.657433283,58.475
2030,1809,0.13979,0.04700777777777778,0.67599034,35.785
2030,1810,0.104642,0.0697288888888889,0.675004773,37.576
2030,1811,0.099815,0.09794888888888889,0.664223182,21.431
2030,1812,0.147049,0.12583777777777777,0.660269888,28.662
2030,1813,0.217724,0.1258522222222222,0.654102803,35.284
2030,1814,0.281303,0.09056555555555555,0.6518803,56.457
2030,1815,0.347158,0.05551444444444445,0.661333996,12.148
2030,1816,0.412517,0.030588888888888888,0.678578445,11.272
2030,1817,0.430546,0.009987777777777778,0.710422291,48.886
2030,1818,0.423751,0.0,0.724297057,85.384
2030,1819,0.438144,0.0,0.753261127,100.59
2030,1820,0.439466,0.0,0.737272992,85.497
2030,1821,0.409846,0.0,0.709013881,72.882
2030,1822,0.373972,0.0,0.677604161,72.042
2030,1823,0.355788,0.0,0.650349764,63.42
2030,1824,0.347223,0.0,0.626252682,51.693
2030,1825,0.345087,0.0,0.617214821,39.089
2030,1826,0.32729,0.0,0.609205303,46.54
2030,1827,0.302809,0.0,0.607279062,57.808
2030,1828,0.27464,0.0,0.60659767,67.684
2030,1829,0.242214,0.0,0.602349618,71.382
2030,1830,0.211804,0.0,0.599585379,75.78
2030,1831,0.186003,0.04081222222222222,0.613794602,99.185
2030,1832,0.156135,0.12974333333333335,0.623478614,109.18
2030,1833,0.143975,0.28593333333333326,0.627918474,96.431
2030,1834,0.142919,0.29166999999999993,0.623849988,73.84
2030,1835,0.12800899999999998,0.20730333333333334,0.621131471,45.977
2030,1836,0.087439,0.14069777777777778,0.618106993,46.074
2030,1837,0.051302,0.07504111111111111,0.616537693,72.142
2030,1838,0.040214,0.05032888888888888,0.615746782,75.269
2030,1839,0.061597,0.033084444444444444,0.628082461,82.225
2030,1840,0.115393,0.017136666666666668,0.655653753,91.776
2030,1841,0.184091,0.005092222222222223,0.696176557,100.72
2030,1842,0.246069,0.0,0.717919926,131.35
2030,1843,0.290255,0.0,0.752190822,136.14
2030,1844,0.319683,0.0,0.74123889,109.94
2030,1845,0.356029,0.0,0.713084449,99.333
2030,1846,0.412746,0.0,0.677248513,92.468
2030,1847,0.460385,0.0,0.644277765,86.984
2030,1848,0.48,0.0,0.619372509,79.646
2030,1849,0.448973,0.0,0.665617606,72.046
2030,1850,0.405364,0.0,0.663456156,70.496
2030,1851,0.346329,0.0,0.667359068,71.189
2030,1852,0.293229,0.0,0.678854541,74.132
2030,1853,0.241904,0.0,0.705958035,82.917
2030,1854,0.198891,0.0,0.710076044,100.92
2030,1855,0.144223,0.21017666666666665,0.768022377,109.13
2030,1856,0.080429,0.5711622222222222,0.788639404,99.993
2030,1857,0.03653,0.8808988888888887,0.784993729,82.981
2030,1858,0.01395,0.9427477777777777,0.785796651,82.143
2030,1859,0.006145,0.9572955555555555,0.783017206,74.87
2030,1860,0.01054,0.94221,0.783230553,71.016
2030,1861,0.019506,0.9383277777777778,0.797944687,62.452
2030,1862,0.034266,0.9197422222222222,0.7986619,54.111
2030,1863,0.046991,0.8726166666666666,0.79457554,62.956
2030,1864,0.050603,0.7798388888888889,0.821686385,78.16
2030,1865,0.048467,0.56791,0.827057881,94.478
2030,1866,0.04215,0.13984555555555556,0.82066359,105.7
2030,1867,0.02749,0.0,0.842052357,101.36
2030,1868,0.016805,0.0,0.8166976,92.673
2030,1869,0.013461,0.0,0.771697071,84.241
2030,1870,0.012964,0.0,0.7232252,78.02
2030,1871,0.025763,0.0,0.678762366,76.859
2030,1872,0.042888,0.0,0.653366189,68.101
2030,1873,0.06458,0.0,0.681103229,68.685
2030,1874,0.092147,0.0,0.675146803,70.455
2030,1875,0.121464,0.0,0.675652025,73.383
2030,1876,0.15296,0.0,0.684822232,82.796
2030,1877,0.168846,0.0,0.710155651,88.215
2030,1878,0.168451,0.0,0.712037782,95.293
2030,1879,0.171362,0.2103066666666667,0.761782116,119.6
2030,1880,0.157899,0.32246888888888886,0.78819043,118.6
2030,1881,0.131617,0.3218166666666667,0.796036322,86.804
2030,1882,0.106789,0.29023444444444446,0.799989495,79.477
2030,1883,0.094035,0.3623988888888889,0.79172481,71.413
2030,1884,0.102413,0.5790688888888889,0.792751928,62.935
2030,1885,0.112028,0.7246744444444445,0.805331192,58.45
2030,1886,0.127772,0.7956244444444445,0.815833,59.92
2030,1887,0.139316,0.7876844444444445,0.8259694,75.526
2030,1888,0.1517,0.6815366666666668,0.851787769,84.188
2030,1889,0.157385,0.43730333333333327,0.851590244,97.594
2030,1890,0.152615,0.08458444444444443,0.846876385,139.79
2030,1891,0.141779,0.0,0.84117881,151.98
2030,1892,0.139291,0.0,0.802311727,119.55
2030,1893,0.144692,0.0,0.752596978,99.457
2030,1894,0.161805,0.0,0.699757331,96.195
2030,1895,0.208209,0.0,0.648191774,85.335
2030,1896,0.277955,0.0,0.62103691,78.259
2030,1897,0.348416,0.0,0.660507477,76.192
2030,1898,0.407161,0.0,0.655154305,75.449
2030,1899,0.45306,0.0,0.655990896,77.429
2030,1900,0.474808,0.0,0.66483696,80.749
2030,1901,0.465291,0.0,0.692804799,88.832
2030,1902,0.44357,0.00029777777777777783,0.699469623,94.479
2030,1903,0.439966,0.2639122222222222,0.758745366,96.811
2030,1904,0.392502,0.5322422222222222,0.799155279,77.188
2030,1905,0.331953,0.6877966666666667,0.810195347,70.542
2030,1906,0.317324,0.7757044444444445,0.819581605,67.593
2030,1907,0.332744,0.8137966666666666,0.819916589,46.867
2030,1908,0.330273,0.8286255555555556,0.815607671,14.351
2030,1909,0.323978,0.8466755555555555,0.836301797,48.575
2030,1910,0.310354,0.8239355555555554,0.841764264,58.754
2030,1911,0.282149,0.7591311111111112,0.843253291,69.25
2030,1912,0.251157,0.58131,0.860487235,73.486
2030,1913,0.217162,0.3348777777777777,0.857989609,81.66
2030,1914,0.187522,0.06163222222222223,0.843274122,122.11
2030,1915,0.158038,0.0,0.860118321,141.65
2030,1916,0.134776,0.0,0.835194561,98.727
2030,1917,0.114052,0.0,0.791057174,81.658
2030,1918,0.098413,0.0,0.745922905,77.822
2030,1919,0.087602,0.0,0.700114746,76.653
2030,1920,0.084007,0.0,0.671971123,71.448
2030,1921,0.08468,0.0,0.718919545,69.648
2030,1922,0.093406,0.0,0.715123765,69.258
2030,1923,0.111626,0.0,0.715254397,66.868
2030,1924,0.130881,0.0,0.724144268,67.109
2030,1925,0.149806,0.0,0.748441812,84.271
2030,1926,0.166634,0.0,0.750033859,92.503
2030,1927,0.18009,0.08295,0.804514447,78.616
2030,1928,0.181511,0.21699555555555552,0.827609914,73.929
2030,1929,0.167633,0.4001055555555556,0.821389934,61.546
2030,1930,0.153115,0.6667455555555556,0.821096245,18.232
2030,1931,0.148454,0.8045133333333334,0.817228177,8.091
2030,1932,0.145775,0.8352988888888888,0.820535753,11.305
2030,1933,0.155439,0.82993,0.839937774,11.976
2030,1934,0.165649,0.8061777777777777,0.850821834,12.012
2030,1935,0.176804,0.75952,0.857087161,26.702
2030,1936,0.193979,0.6521455555555555,0.879304854,58.796
2030,1937,0.225886,0.4232055555555555,0.883895849,73.411
2030,1938,0.273527,0.11933666666666667,0.873302887,105.66
2030,1939,0.303803,0.0,0.890071913,115.52
2030,1940,0.316295,0.0,0.863064468,96.669
2030,1941,0.311193,0.0,0.818426153,73.411
2030,1942,0.281584,0.0,0.772422147,72.835
2030,1943,0.243865,0.0,0.729213551,70.183
2030,1944,0.205642,0.0,0.704554417,63.094
2030,1945,0.156122,0.0,0.747572612,59.153
2030,1946,0.106727,0.0,0.745865793,51.981
2030,1947,0.075627,0.0,0.750875525,55.608
2030,1948,0.068923,0.0,0.762590708,58.001
2030,1949,0.076101,0.0,0.789650182,41.6
2030,1950,0.0851,0.0,0.796946774,49.255
2030,1951,0.099257,0.019021111111111107,0.851627335,57.77
2030,1952,0.100653,0.061656666666666665,0.862041273,60.08
2030,1953,0.08577,0.12034777777777778,0.859414656,21.691
2030,1954,0.067676,0.25191777777777774,0.85938901,29.505
2030,1955,0.048466,0.46703111111111106,0.852387176,12.046
2030,1956,0.033555,0.6674288888888888,0.847444776,11.609
2030,1957,0.021989,0.7779,0.855809713,11.903
2030,1958,0.025636,0.7897477777777778,0.855425889,11.958
2030,1959,0.046096,0.7395466666666666,0.849379847,1.191
2030,1960,0.069887,0.664511111111111,0.869408418,34.107
2030,1961,0.095239,0.4558233333333333,0.875714137,29.15
2030,1962,0.137701,0.13163333333333332,0.864730935,79.428
2030,1963,0.174456,0.0,0.880525464,100.36
2030,1964,0.193941,0.0,0.852040503,88.105
2030,1965,0.193974,0.0,0.810385956,67.511
2030,1966,0.192009,0.0,0.769251491,57.711
2030,1967,0.176919,0.0,0.726186118,49.284
2030,1968,0.141706,0.0,0.698247792,47.61
2030,1969,0.101539,0.0,0.661880842,49.139
2030,1970,0.065482,0.0,0.652308451,54.8
2030,1971,0.0388,0.0,0.648697176,58.224
2030,1972,0.019454,0.0,0.648532991,43.726
2030,1973,0.011708,0.0,0.652445665,62.084
2030,1974,0.01182,0.011714444444444444,0.659578601,76.315
2030,1975,0.015899,0.4675522222222222,0.687175793,86.73
2030,1976,0.018631,0.7156877777777778,0.712739451,70.138
2030,1977,0.023981,0.8310644444444444,0.725284501,42.244
2030,1978,0.035778,0.8788766666666666,0.721193324,60.093
2030,1979,0.042054,0.89664,0.708597309,11.948
2030,1980,0.0433,0.8755422222222222,0.702442188,11.897
2030,1981,0.046581,0.8593033333333334,0.697676841,1.185
2030,1982,0.053596,0.8011766666666666,0.700142334,1.201
2030,1983,0.06406,0.702891111111111,0.715591854,1.247
2030,1984,0.083582,0.5559077777777779,0.732344572,14.881
2030,1985,0.128153,0.3061655555555555,0.756854567,58.078
2030,1986,0.196057,0.08094222222222222,0.768723629,72.855
2030,1987,0.26179199999999997,0.0,0.796585326,95.627
2030,1988,0.319017,0.0,0.786600275,96.338
2030,1989,0.358572,0.0,0.755479074,90.344
2030,1990,0.336851,0.0,0.721388082,79.501
2030,1991,0.269794,0.0,0.69182954,70.962
2030,1992,0.196123,0.0,0.66525382,59.493
2030,1993,0.135222,0.0,0.647661952,25.955
2030,1994,0.088593,0.0,0.638114307,28.268
2030,1995,0.055223,0.0,0.636794202,42.262
2030,1996,0.037491,0.0,0.635957265,55.698
2030,1997,0.035876,0.0,0.63415732,63.062
2030,1998,0.052348,0.0007644444444444443,0.630963731,91.872
2030,1999,0.083135,0.08180444444444443,0.645747248,120.92
2030,2000,0.095293,0.21909555555555554,0.656252828,98.534
2030,2001,0.087406,0.3900222222222222,0.669074345,65.056
2030,2002,0.083122,0.5421888888888888,0.669509621,11.397
2030,2003,0.0864,0.6686555555555554,0.663731678,11.937
2030,2004,0.093911,0.7486188888888888,0.664177644,0.4999
2030,2005,0.106565,0.7385288888888888,0.672225701,0.40885
2030,2006,0.115598,0.6867522222222222,0.671768357,0.73417
2030,2007,0.135005,0.5734911111111113,0.682485692,12.019
2030,2008,0.175724,0.4480455555555556,0.709403778,55.894
2030,2009,0.23872,0.27931111111111107,0.743718536,54.879
2030,2010,0.3215,0.08201888888888888,0.757270494,75.28
2030,2011,0.37137,0.0,0.786696811,100.34
2030,2012,0.34901,0.0,0.779819136,105.99
2030,2013,0.310324,0.0,0.747560337,88.469
2030,2014,0.274452,0.0,0.709366763,76.257
2030,2015,0.22842,0.0,0.672235465,72.812
2030,2016,0.18584,0.0,0.648062883,58.125
2030,2017,0.153268,0.0,0.68224107,54.928
2030,2018,0.125513,0.0,0.678542534,54.052
2030,2019,0.108814,0.0,0.681997139,60.348
2030,2020,0.103906,0.0,0.692604256,72.993
2030,2021,0.114,0.0,0.722850688,77.4
2030,2022,0.138583,0.0,0.726951922,101.64
2030,2023,0.166977,0.016872222222222222,0.779986563,111.03
2030,2024,0.179808,0.04680555555555555,0.803211093,76.341
2030,2025,0.194909,0.08738666666666665,0.808528746,62.265
2030,2026,0.219179,0.1256211111111111,0.809143368,84.517
2030,2027,0.239649,0.1636077777777778,0.812761397,0.59611
2030,2028,0.25617700000000004,0.21494333333333332,0.809943244,0.10729
2030,2029,0.275576,0.18990222222222225,0.825261886,0.10918
2030,2030,0.307913,0.15400333333333335,0.824088143,0.15304
2030,2031,0.347934,0.11830777777777776,0.818673178,12.018
2030,2032,0.384694,0.07172666666666667,0.838200587,23.132
2030,2033,0.412358,0.02871888888888889,0.840427387,70.522
2030,2034,0.450348,0.0029166666666666664,0.824282291,79.335
2030,2035,0.49435,0.0,0.84083561,96.93
2030,2036,0.524096,0.0,0.821030671,98.578
2030,2037,0.532939,0.0,0.779093491,101.24
2030,2038,0.532686,0.0,0.734726879,79.335
2030,2039,0.527635,0.0,0.693299764,76.633
2030,2040,0.514904,0.0,0.668454409,67.969
2030,2041,0.508745,0.0,0.692084483,63.843
2030,2042,0.473385,0.0,0.68618347,63.81
2030,2043,0.425978,0.0,0.686896434,65.528
2030,2044,0.380503,0.0,0.696826888,70.264
2030,2045,0.34356,0.0,0.72422873,88.359
2030,2046,0.319998,0.0,0.725961289,99.811
2030,2047,0.299387,0.04290222222222222,0.775956513,82.994
2030,2048,0.266343,0.16197333333333333,0.798604676,66.994
2030,2049,0.242271,0.39935,0.800365554,37.211
2030,2050,0.221801,0.6282155555555554,0.798450554,11.992
2030,2051,0.184082,0.7857688888888889,0.795260683,0.29553
2030,2052,0.137951,0.8103111111111111,0.799536509,0.13614
2030,2053,0.099799,0.8266066666666666,0.811903788,0.10629
2030,2054,0.082018,0.8172122222222221,0.811780872,0.23103
2030,2055,0.083639,0.7613588888888888,0.81136059,12.023
2030,2056,0.105474,0.6182977777777778,0.826624968,24.65
2030,2057,0.1603,0.3951977777777778,0.819393204,73.21
2030,2058,0.250505,0.09404666666666667,0.809816914,82.646
2030,2059,0.301785,0.0,0.818377497,106.32
2030,2060,0.26803,0.0,0.794117237,97.032
2030,2061,0.20997,0.0,0.751484084,89.006
2030,2062,0.157568,0.0,0.705950597,78.631
2030,2063,0.121219,0.0,0.660910428,75.882
2030,2064,0.098122,0.0,0.63445373,63.629
2030,2065,0.086456,0.0,0.654274005,65.064
2030,2066,0.090343,0.0,0.650287941,65.558
2030,2067,0.104308,0.0,0.651832132,71.122
2030,2068,0.127808,0.0,0.66084023,78.259
2030,2069,0.160804,0.0,0.683440456,91.77
2030,2070,0.196907,0.031242222222222223,0.685390054,102.46
2030,2071,0.210335,0.4816511111111111,0.737194282,113.2
2030,2072,0.190078,0.7620433333333334,0.766031912,76.655
2030,2073,0.161403,0.8701822222222222,0.775346507,69.725
2030,2074,0.118832,0.89531,0.780026346,43.4
2030,2075,0.082115,0.91154,0.777497622,15.731
2030,2076,0.06473399999999999,0.8840655555555554,0.775434045,12.006
2030,2077,0.071272,0.9061333333333333,0.792184938,24.877
2030,2078,0.091876,0.895,0.789831962,43.678
2030,2079,0.109927,0.8535911111111112,0.786911183,69.804
2030,2080,0.115058,0.7560433333333333,0.80930626,75.076
2030,2081,0.104695,0.5645011111111111,0.807474524,84.129
2030,2082,0.09111,0.20082111111111114,0.795519797,89.607
2030,2083,0.068356,0.0,0.798401975,117.11
2030,2084,0.041489,0.0,0.767181632,106.9
2030,2085,0.021445,0.0,0.721303844,96.545
2030,2086,0.013832,0.0,0.672581481,85.089
2030,2087,0.015477,0.0,0.625037288,84.458
2030,2088,0.026592,0.0,0.596804279,81.347
2030,2089,0.047532,0.0,0.615257957,78.765
2030,2090,0.071964,0.0,0.608813867,73.735
2030,2091,0.09157,0.0,0.608736744,72.774
2030,2092,0.106866,0.0,0.618862032,72.873
2030,2093,0.117248,0.0,0.648350624,76.772
2030,2094,0.120722,0.022521111111111103,0.654981001,90.428
2030,2095,0.114579,0.24849111111111113,0.706787943,77.146
2030,2096,0.093226,0.5151144444444444,0.732414329,73.656
2030,2097,0.077172,0.7808555555555554,0.734020357,74.167
2030,2098,0.073003,0.87793,0.734942415,72.619
2030,2099,0.075801,0.8934066666666667,0.730002558,69.233
2030,2100,0.070632,0.8731844444444444,0.724203123,48.726
2030,2101,0.05979,0.8580211111111111,0.735768913,31.725
2030,2102,0.043318,0.8344722222222221,0.735917566,39.391
2030,2103,0.028627,0.7752688888888887,0.731083255,65.366
2030,2104,0.01789,0.6829966666666666,0.752678087,73.793
2030,2105,0.01329,0.46839666666666663,0.75732058,86.577
2030,2106,0.022643,0.13686111111111113,0.751399668,98.363
2030,2107,0.052199,0.0,0.765354482,114.2
2030,2108,0.093327,0.0,0.742728501,109.52
2030,2109,0.141786,0.0,0.697038865,98.201
2030,2110,0.198613,0.0,0.650456106,96.965
2030,2111,0.266359,0.0,0.605915349,96.03
2030,2112,0.349439,0.0,0.578907175,91.324
2030,2113,0.421575,0.0,0.539542265,88.086
2030,2114,0.429121,0.0,0.529887271,84.935
2030,2115,0.397206,0.0,0.52572491,80.815
2030,2116,0.364001,0.0,0.52757293,81.489
2030,2117,0.353047,0.0,0.53678907,84.573
2030,2118,0.365619,0.0079,0.55259392,93.635
2030,2119,0.373943,0.1168288888888889,0.576845668,84.233
2030,2120,0.362244,0.24231111111111114,0.595819528,78.491
2030,2121,0.388523,0.4401911111111111,0.608203867,74.027
2030,2122,0.480256,0.6346833333333334,0.604047507,55.385
2030,2123,0.598675,0.6667266666666666,0.598713132,26.646
2030,2124,0.677701,0.5453577777777778,0.594183612,54.531
2030,2125,0.694498,0.3251666666666666,0.593581792,72.757
2030,2126,0.673948,0.20897888888888883,0.597720441,40.853
2030,2127,0.6555,0.14936555555555553,0.610132213,71.371
2030,2128,0.68142,0.07681333333333333,0.630156441,76.063
2030,2129,0.698252,0.035942222222222216,0.647166619,80.29
2030,2130,0.750881,0.011313333333333333,0.65478518,93.644
2030,2131,0.813461,0.0,0.667494244,100.26
2030,2132,0.785957,0.0,0.653756766,96.814
2030,2133,0.779135,0.0,0.625475411,96.587
2030,2134,0.774082,0.0,0.595271969,89.916
2030,2135,0.806269,0.0,0.566425584,88.462
2030,2136,0.80626,0.0,0.540761141,85.457
2030,2137,0.782695,0.0,0.542412308,83.626
2030,2138,0.775921,0.0,0.5334125,79.509
2030,2139,0.762566,0.0,0.529961046,74.393
2030,2140,0.72694,0.0,0.531041506,74.17
2030,2141,0.731984,0.0,0.536994355,77.887
2030,2142,0.759757,0.0,0.547561103,82.657
2030,2143,0.788019,0.007288888888888888,0.570043959,81.675
2030,2144,0.846206,0.01831555555555556,0.59312388,74.039
2030,2145,0.903629,0.02918555555555555,0.606594955,61.831
2030,2146,0.928027,0.046761111111111114,0.602619171,68.093
2030,2147,0.967948,0.12936444444444442,0.588461955,65.085
2030,2148,0.978744,0.3507755555555555,0.579486867,48.22
2030,2149,0.978855,0.32733,0.572486081,32.351
2030,2150,0.981725,0.24847666666666665,0.566633031,41.683
2030,2151,0.980532,0.3332088888888889,0.575852332,68.832
2030,2152,0.983519,0.42776777777777775,0.593002178,73.982
2030,2153,0.983572,0.3068,0.616276722,82.314
2030,2154,0.983399,0.055217777777777775,0.627709743,97.139
2030,2155,0.975647,0.0,0.65066633,102.22
2030,2156,0.96218,0.0,0.653292464,97.78
2030,2157,0.94363,0.0,0.629403155,96.577
2030,2158,0.929575,0.0,0.601807758,88.586
2030,2159,0.92299,0.0,0.577979877,83.441
2030,2160,0.911782,0.0,0.554508366,76.529
2030,2161,0.88702,0.0,0.512059611,75.401
2030,2162,0.881038,0.0,0.503903382,73.182
2030,2163,0.829111,0.0,0.499722226,75.346
2030,2164,0.785857,0.0,0.499546909,78.768
2030,2165,0.782678,0.0,0.496579771,83.982
2030,2166,0.785308,0.007327777777777777,0.474290441,96.147
2030,2167,0.804033,0.06379111111111112,0.457679486,86.734
2030,2168,0.846141,0.10544222222222223,0.448429458,75.87
2030,2169,0.886026,0.12478555555555557,0.453135287,41.678
2030,2170,0.925337,0.14897333333333335,0.459963275,12.007
2030,2171,0.926523,0.17755444444444446,0.462539756,0.61674
2030,2172,0.913489,0.22853666666666667,0.470253495,0.10198
2030,2173,0.911221,0.25187777777777776,0.48194011,0.11185
2030,2174,0.904104,0.26158444444444445,0.488627664,0.10921
2030,2175,0.884332,0.28566222222222226,0.49526286,0.87906
2030,2176,0.874929,0.2894622222222223,0.522710413,51.639
2030,2177,0.835129,0.2375711111111111,0.540772229,75.199
2030,2178,0.787619,0.09435111111111111,0.555858152,90.468
2030,2179,0.734057,0.0,0.579421616,107.72
2030,2180,0.706837,0.0,0.586369785,99.714
2030,2181,0.727476,0.0,0.566414304,91.101
2030,2182,0.787432,0.0,0.537954677,79.142
2030,2183,0.836452,0.0,0.510456301,79.197
2030,2184,0.858509,0.0,0.496314019,75.45
2030,2185,0.851986,0.0,0.498655024,70.283
2030,2186,0.835159,0.0,0.494399759,70.705
2030,2187,0.820866,0.0,0.494731321,70.559
2030,2188,0.806339,0.0,0.505956554,73.026
2030,2189,0.793016,0.0,0.533550101,82.059
2030,2190,0.788412,0.04349111111111112,0.559971718,91.74
2030,2191,0.770942,0.32829,0.585476351,81.833
2030,2192,0.759149,0.6311055555555555,0.588831325,66.169
2030,2193,0.789273,0.7514522222222222,0.589784292,34.753
2030,2194,0.836788,0.7789411111111112,0.589285851,0.47836
2030,2195,0.883683,0.7871922222222222,0.578794754,0.10164
2030,2196,0.913505,0.8211133333333333,0.575722577,0.10759
2030,2197,0.916535,0.8495566666666666,0.567527225,0.10008
2030,2198,0.89075,0.8488033333333332,0.565679498,0.10593
2030,2199,0.829837,0.7684477777777776,0.57490806,0.82669
2030,2200,0.760599,0.46499666666666667,0.603144232,19.709
2030,2201,0.734374,0.16451333333333334,0.613409481,71.974
2030,2202,0.741353,0.05561,0.623245424,89.958
2030,2203,0.732117,0.0,0.641578779,92.592
2030,2204,0.689157,0.0,0.643617154,92.745
2030,2205,0.65795,0.0,0.614547906,84.016
2030,2206,0.584126,0.0,0.58038483,72.648
2030,2207,0.459849,0.0,0.550270318,70.593
2030,2208,0.258923,0.0,0.53086261,67.178
2030,2209,0.134265,0.0,0.599683398,68.644
2030,2210,0.07848,0.0,0.593608442,71.706
2030,2211,0.049418,0.0,0.594404723,79.808
2030,2212,0.038936,0.0,0.608965114,85.81
2030,2213,0.037356,0.0,0.651916086,92.13
2030,2214,0.034051,2.5555555555555554e-05,0.665082834,106.33
2030,2215,0.023739,0.024423333333333335,0.714363948,106.61
2030,2216,0.013502,0.13191333333333333,0.733128896,76.221
2030,2217,0.012149,0.1609722222222222,0.728575084,70.011
2030,2218,0.013719,0.14883,0.736489643,51.376
2030,2219,0.02727,0.20127444444444445,0.735763797,57.204
2030,2220,0.044489,0.37404999999999994,0.742253928,0.89025
2030,2221,0.054773,0.3129822222222223,0.75734503,10.995
2030,2222,0.086979,0.24463111111111113,0.75305487,75.945
2030,2223,0.113999,0.14363777777777778,0.749609962,16.316
2030,2224,0.132431,0.09507000000000002,0.768372991,43.653
2030,2225,0.141855,0.028158888888888893,0.752578604,75.899
2030,2226,0.15379,0.002946666666666667,0.735663471,98.18
2030,2227,0.214636,0.0,0.737426554,109.35
2030,2228,0.289024,0.0,0.724266402,105.37
2030,2229,0.38183,0.0,0.679636664,90.632
2030,2230,0.471847,0.0,0.634030315,79.488
2030,2231,0.554624,0.0,0.588841975,66.524
2030,2232,0.625165,0.0,0.568634794,68.197
2030,2233,0.643576,0.0,0.602591053,68.908
2030,2234,0.605042,0.0,0.598496957,72.295
2030,2235,0.555095,0.0,0.600262584,74.979
2030,2236,0.49131,0.0,0.615891092,78.284
2030,2237,0.425953,0.0,0.657032038,85.179
2030,2238,0.355749,0.006738888888888889,0.668358074,90.228
2030,2239,0.282488,0.05045444444444444,0.718137078,97.333
2030,2240,0.264076,0.12898666666666667,0.742313648,88.194
2030,2241,0.309945,0.35355555555555557,0.746808877,72.873
2030,2242,0.393225,0.7746488888888887,0.750185284,65.321
2030,2243,0.490923,0.8578366666666666,0.749434115,50.94
2030,2244,0.587327,0.8289411111111111,0.746963618,1.205
2030,2245,0.636242,0.8261555555555554,0.751832308,52.765
2030,2246,0.638812,0.7313344444444445,0.755065243,11.984
2030,2247,0.670916,0.35629666666666665,0.750030958,9.844
2030,2248,0.71225,0.10565222222222223,0.769381483,65.615
2030,2249,0.711442,0.04448888888888889,0.7472942,76.705
2030,2250,0.712262,0.024642222222222225,0.728339335,87.684
2030,2251,0.779311,0.0,0.730375798,101.2
2030,2252,0.837207,0.0,0.707874485,93.813
2030,2253,0.892169,0.0,0.66420021,88.012
2030,2254,0.912687,0.0,0.619342763,80.213
2030,2255,0.870807,0.0,0.574914852,80.107
2030,2256,0.831282,0.0,0.552542395,74.343
2030,2257,0.802991,0.0,0.593435448,78.051
2030,2258,0.815036,0.0,0.58834894,79.565
2030,2259,0.818548,0.0,0.590367194,78.559
2030,2260,0.851022,0.0,0.606731792,82.424
2030,2261,0.881658,0.0,0.649474248,89.304
2030,2262,0.892635,0.012204444444444447,0.66377075,94.367
2030,2263,0.907245,0.07685666666666667,0.710867153,89.658
2030,2264,0.923322,0.20420666666666665,0.729614118,77.951
2030,2265,0.941451,0.2843266666666666,0.738452804,75.331
2030,2266,0.95155,0.25123666666666666,0.749919405,73.43
2030,2267,0.97158,0.1380311111111111,0.744628614,71.584
2030,2268,0.962914,0.10020444444444443,0.741899234,48.726
2030,2269,0.9545,0.11211888888888888,0.746818778,35.563
2030,2270,0.949499,0.12823666666666667,0.741054954,32.791
2030,2271,0.950386,0.11486333333333333,0.738974677,69.351
2030,2272,0.945726,0.07402,0.764125001,77.357
2030,2273,0.942,0.034589999999999996,0.752239264,89.566
2030,2274,0.938427,0.009298888888888886,0.741817125,107.2
2030,2275,0.936184,0.0,0.745987122,118.5
2030,2276,0.937757,0.0,0.733786042,95.443
2030,2277,0.934175,0.0,0.68786538,94.305
2030,2278,0.895245,0.0,0.642606457,88.14
2030,2279,0.879943,0.0,0.598902264,78.078
2030,2280,0.867755,0.0,0.577439793,78.788
2030,2281,0.850875,0.0,0.630091789,74.236
2030,2282,0.833289,0.0,0.624374913,67.901
2030,2283,0.823433,0.0,0.626822331,72.429
2030,2284,0.82041,0.0,0.643609664,77.729
2030,2285,0.817513,0.0,0.686010734,81.899
2030,2286,0.801274,0.040182222222222216,0.699677863,95.815
2030,2287,0.785267,0.1846188888888889,0.745461688,94.901
2030,2288,0.796411,0.3298966666666666,0.754807029,77.11
2030,2289,0.819322,0.45905777777777773,0.74787205,71.115
2030,2290,0.820942,0.5708244444444445,0.757565589,24.864
2030,2291,0.801407,0.6439511111111111,0.749648851,0.10471
2030,2292,0.766997,0.5911744444444446,0.750012972,0.10703
2030,2293,0.741201,0.534071111111111,0.758453158,0.10923
2030,2294,0.722161,0.6295944444444445,0.755630661,16.768
2030,2295,0.727351,0.7424811111111111,0.749702164,60.52
2030,2296,0.750201,0.6671266666666666,0.775756364,70.675
2030,2297,0.76314,0.5239888888888888,0.764615372,77.008
2030,2298,0.802614,0.2580955555555556,0.751022479,94.049
2030,2299,0.840362,0.00029,0.751864385,98.734
2030,2300,0.857513,0.0,0.746360412,95.319
2030,2301,0.868522,0.0,0.705557941,93.936
2030,2302,0.884458,0.0,0.667883833,85.707
2030,2303,0.895391,0.0,0.627784396,75.112
2030,2304,0.894369,0.0,0.607260155,67.881
2030,2305,0.881306,0.0,0.586524348,75.712
2030,2306,0.86467,0.0,0.582547394,83.745
2030,2307,0.841783,0.0,0.583678237,80.281
2030,2308,0.821612,0.0,0.592555492,80.416
2030,2309,0.803304,0.0,0.615013812,77.767
2030,2310,0.784269,0.11271333333333333,0.634262712,79.81
2030,2311,0.731163,0.4245,0.645043391,75.084
2030,2312,0.671588,0.6836288888888887,0.645986691,73.43
2030,2313,0.642547,0.8155344444444445,0.639921943,18.806
2030,2314,0.609114,0.8574922222222222,0.628664048,0.21871
2030,2315,0.595295,0.8612155555555556,0.609061511,0.10192
2030,2316,0.611815,0.83343,0.602904899,0.11173
2030,2317,0.577829,0.7766244444444445,0.595390403,0.10334
2030,2318,0.532767,0.6076644444444446,0.592484767,0.11191
2030,2319,0.462039,0.3874666666666667,0.605871975,0.5775
2030,2320,0.40519,0.28743555555555556,0.629789845,37.927
2030,2321,0.349288,0.21503333333333335,0.643585898,73.89
2030,2322,0.290467,0.08120111111111111,0.653968769,81.921
2030,2323,0.249691,0.0,0.668220476,94.795
2030,2324,0.197504,0.0,0.672344878,94.3
2030,2325,0.156622,0.0,0.646235825,88.377
2030,2326,0.146263,0.0,0.617958266,87.795
2030,2327,0.149264,0.0,0.591384594,83.367
2030,2328,0.144404,0.0,0.572342978,77.357
2030,2329,0.134781,0.0,0.555152521,75.575
2030,2330,0.132822,0.0,0.550184709,74.976
2030,2331,0.143379,0.0,0.551990214,70.003
2030,2332,0.158085,0.0,0.560730315,68.763
2030,2333,0.178653,0.0,0.57756909,76.018
2030,2334,0.203424,0.2078611111111111,0.587804018,86.097
2030,2335,0.216513,0.5867822222222222,0.587093846,76.739
2030,2336,0.222844,0.769931111111111,0.577166273,69.849
2030,2337,0.266311,0.8377344444444444,0.570328991,33.185
2030,2338,0.312927,0.850701111111111,0.564773508,12.024
2030,2339,0.353213,0.8967977777777778,0.558674431,0.15483
2030,2340,0.38991,0.88596,0.561006065,0.11119
2030,2341,0.409902,0.8926055555555555,0.552332642,0.11743
2030,2342,0.412503,0.8906066666666667,0.550676259,10.219
2030,2343,0.402093,0.8566922222222222,0.565265356,11.991
2030,2344,0.393105,0.7692866666666667,0.596949791,60.22
2030,2345,0.354856,0.6121288888888888,0.61612441,75.884
2030,2346,0.295144,0.3085655555555556,0.633429822,84.551
2030,2347,0.275148,0.003915555555555556,0.651203411,110.63
2030,2348,0.26976,0.0,0.666036876,100.74
2030,2349,0.26073399999999997,0.0,0.641503628,91.993
2030,2350,0.25946499999999995,0.0,0.610784617,81.028
2030,2351,0.255314,0.0,0.581025749,74.05
2030,2352,0.248421,0.0,0.565755721,61.318
2030,2353,0.255543,0.0,0.615850557,59.655
2030,2354,0.293334,0.0,0.61603367,65.946
2030,2355,0.342414,0.0,0.623815102,73.302
2030,2356,0.367551,0.0,0.643318921,84.074
2030,2357,0.358775,0.0,0.689315761,99.29
2030,2358,0.321459,0.07808666666666667,0.707397867,117.73
2030,2359,0.266316,0.32683555555555555,0.745526122,89.859
2030,2360,0.227755,0.7101622222222221,0.739865235,75.882
2030,2361,0.215062,0.8390144444444445,0.716468926,46.506
2030,2362,0.207889,0.8898211111111112,0.709399476,26.386
2030,2363,0.196925,0.9081455555555555,0.703206381,26.237
2030,2364,0.189239,0.8931666666666667,0.705429427,39.614
2030,2365,0.197017,0.9012877777777778,0.718465256,43.742
2030,2366,0.225036,0.8954388888888888,0.719800626,54.92
2030,2367,0.270265,0.8597055555555555,0.720655242,72.459
2030,2368,0.316816,0.788151111111111,0.748513576,80.239
2030,2369,0.37366,0.6434222222222222,0.734800133,87.929
2030,2370,0.4721,0.3446755555555556,0.723857628,113.64
2030,2371,0.581508,0.006838888888888889,0.728188408,116.92
2030,2372,0.60504,0.0,0.726066444,102.26
2030,2373,0.547703,0.0,0.686769577,92.659
2030,2374,0.473243,0.0,0.644501007,80.154
2030,2375,0.408038,0.0,0.603826284,73.683
2030,2376,0.347616,0.0,0.587132711,59.466
2030,2377,0.297766,0.0,0.626363,61.489
2030,2378,0.265552,0.0,0.626775372,64.644
2030,2379,0.254799,0.0,0.63313759,73.344
2030,2380,0.261749,0.0,0.651916272,75.745
2030,2381,0.270779,0.0,0.695661775,83.752
2030,2382,0.27441,0.1919777777777778,0.712544472,93.339
2030,2383,0.240231,0.5234044444444444,0.750485048,90.672
2030,2384,0.199009,0.7322044444444445,0.753716772,81.651
2030,2385,0.207904,0.8310144444444444,0.729772157,75.02
2030,2386,0.224039,0.8751533333333332,0.721016459,71.581
2030,2387,0.230136,0.8880677777777777,0.709329488,60.515
2030,2388,0.239426,0.8715288888888887,0.709279254,52.205
2030,2389,0.252048,0.8808211111111112,0.720806128,60.026
2030,2390,0.272075,0.87043,0.725453557,58.018
2030,2391,0.292948,0.8274033333333333,0.724588748,57.929
2030,2392,0.313637,0.7331433333333334,0.751356495,72.576
2030,2393,0.331082,0.5653622222222222,0.735071963,78.268
2030,2394,0.36059,0.2618877777777778,0.720531189,89.99
2030,2395,0.388515,0.006728888888888889,0.722317106,92.441
2030,2396,0.391102,0.0,0.724653365,88.301
2030,2397,0.362203,0.0,0.68375089,70.457
2030,2398,0.327762,0.0,0.640583951,78.302
2030,2399,0.295861,0.0,0.594681835,77.782
2030,2400,0.256764,0.0,0.576043498,85.014
2030,2401,0.21508,0.0,0.608829976,88.65
2030,2402,0.178681,0.0,0.607042597,89.527
2030,2403,0.15166,0.0,0.611643798,93.453
2030,2404,0.135736,0.0,0.628413005,98.73
2030,2405,0.123152,0.0,0.672075922,76.799
2030,2406,0.125183,0.13475777777777775,0.687658777,95.075
2030,2407,0.131859,0.48889222222222223,0.72916274,110.61
2030,2408,0.12031,0.7223288888888888,0.741184357,106.22
2030,2409,0.109162,0.8133733333333333,0.733902581,98.094
2030,2410,0.119887,0.8417411111111112,0.733054869,86.1
2030,2411,0.154981,0.8279788888888889,0.720571561,84.475
2030,2412,0.215052,0.8029944444444446,0.72196515,71.353
2030,2413,0.301807,0.8169499999999998,0.730579937,68.372
2030,2414,0.376596,0.8188744444444445,0.729940238,70.769
2030,2415,0.378116,0.7810733333333333,0.725676414,70.888
2030,2416,0.388926,0.6274955555555555,0.75003518,86.647
2030,2417,0.430252,0.29136666666666666,0.730399457,100.52
2030,2418,0.402566,0.2004122222222222,0.713852976,105.94
2030,2419,0.470736,0.004423333333333333,0.71263191,126.9
2030,2420,0.625159,0.0,0.709590772,113.16
2030,2421,0.749171,0.0,0.667109411,105.18
2030,2422,0.837017,0.0,0.622677151,96.238
2030,2423,0.863623,0.0,0.577696681,88.832
2030,2424,0.839732,0.0,0.557081854,85.847
2030,2425,0.844007,0.0,0.58923151,83.862
2030,2426,0.889702,0.0,0.585535571,84.578
2030,2427,0.921039,0.0,0.588878889,88.208
2030,2428,0.908209,0.0,0.606124445,84.839
2030,2429,0.90125,0.0,0.649889873,105.19
2030,2430,0.905115,0.04937444444444445,0.665687822,105.83
2030,2431,0.89679,0.21245555555555556,0.70154718,101.5
2030,2432,0.859934,0.4007077777777777,0.714510401,89.867
2030,2433,0.852615,0.7139077777777779,0.711063956,84.993
2030,2434,0.868686,0.8491066666666667,0.717752745,84.996
2030,2435,0.865267,0.8682866666666667,0.712285843,81.573
2030,2436,0.87416,0.8704533333333334,0.708414433,86.004
2030,2437,0.883892,0.8783077777777777,0.715050097,37.985
2030,2438,0.882213,0.8657544444444444,0.711173866,38.332
2030,2439,0.859868,0.8174,0.710661095,78.038
2030,2440,0.820419,0.7687833333333333,0.73476416,79.036
2030,2441,0.759803,0.6357211111111112,0.721086654,89.552
2030,2442,0.672869,0.3565422222222222,0.710980278,107.91
2030,2443,0.589998,0.015035555555555555,0.710884808,116.74
2030,2444,0.50875,0.0,0.707086301,110.34
2030,2445,0.448205,0.0,0.663067804,106.61
2030,2446,0.425247,0.0,0.618007899,99.646
2030,2447,0.414635,0.0,0.573888558,90.937
2030,2448,0.429503,0.0,0.553432373,82.716
2030,2449,0.462563,0.0,0.591706661,82.137
2030,2450,0.50646,0.0,0.587918718,81.846
2030,2451,0.515683,0.0,0.590346714,74.778
2030,2452,0.491948,0.0,0.606165441,77.867
2030,2453,0.450347,0.0,0.648934171,83.438
2030,2454,0.404466,0.15747666666666668,0.663012069,97.827
2030,2455,0.321467,0.42977111111111105,0.702322236,100.61
2030,2456,0.244503,0.5848077777777778,0.71708949,82.164
2030,2457,0.203928,0.7517744444444444,0.71106705,62.463
2030,2458,0.197311,0.8179911111111111,0.71397178,12.222
2030,2459,0.211024,0.8445677777777778,0.704865379,13.731
2030,2460,0.223431,0.8182377777777778,0.705204287,0.12617
2030,2461,0.222353,0.6972122222222221,0.716241613,0.11014
2030,2462,0.214526,0.37537,0.709745157,0.11932
2030,2463,0.193975,0.19564,0.706411533,0.76188
2030,2464,0.160719,0.12713666666666668,0.731364115,81.855
2030,2465,0.12821600000000002,0.0736288888888889,0.716925394,82.489
2030,2466,0.117108,0.03048555555555556,0.701835823,95.816
2030,2467,0.121281,0.0005755555555555555,0.697664891,119.39
2030,2468,0.134619,0.0,0.691287112,128.59
2030,2469,0.143496,0.0,0.651452361,113.45
2030,2470,0.158576,0.0,0.614653537,109.65
2030,2471,0.201437,0.0,0.575497161,98.124
2030,2472,0.243844,0.0,0.555247364,95.114
2030,2473,0.243688,0.0,0.539664776,89.918
2030,2474,0.223383,0.0,0.533712578,85.652
2030,2475,0.207461,0.0,0.534272407,83.802
2030,2476,0.178654,0.0,0.541861385,80.984
2030,2477,0.147939,0.0,0.561612871,82.987
2030,2478,0.124638,0.052882222222222226,0.579846073,101.41
2030,2479,0.110794,0.13023444444444446,0.592981296,104.11
2030,2480,0.10559,0.2338711111111111,0.605163768,89.652
2030,2481,0.10396,0.3056555555555555,0.609603747,83.922
2030,2482,0.11072,0.2990088888888889,0.603779733,73.572
2030,2483,0.117209,0.3219877777777777,0.587856704,30.145
2030,2484,0.106517,0.4283244444444444,0.580674922,0.29175
2030,2485,0.085509,0.39154,0.572765878,0.099746
2030,2486,0.063952,0.3140511111111111,0.571649004,0.10398
2030,2487,0.043127,0.2940277777777777,0.583878989,0.8197
2030,2488,0.026089,0.2760777777777778,0.604348124,41.089
2030,2489,0.014359,0.22683111111111112,0.611715364,84.094
2030,2490,0.008782,0.10831,0.617961034,100.51
2030,2491,0.006739,0.008008888888888888,0.623784758,130.16
2030,2492,0.011511,0.0,0.635479338,117.15
2030,2493,0.019891,0.0,0.609127499,97.513
2030,2494,0.03133,0.0,0.582107918,87.532
2030,2495,0.04212,0.0,0.555708045,84.335
2030,2496,0.048301,0.0,0.540224261,61.363
2030,2497,0.04883,0.0,0.535951114,48.443
2030,2498,0.047733,0.0,0.531228986,59.63
2030,2499,0.045485,0.0,0.53028417,73.405
2030,2500,0.044905,0.0,0.537304441,85.013
2030,2501,0.043994,0.0,0.551818867,106.97
2030,2502,0.044621,0.15101666666666666,0.559442408,113.67
2030,2503,0.046076,0.4791322222222222,0.55556682,104.09
2030,2504,0.044146,0.6893777777777779,0.557174248,94.606
2030,2505,0.048305,0.7921499999999999,0.557016295,85.448
2030,2506,0.061333,0.8274799999999999,0.555404698,79.531
2030,2507,0.061954,0.8449699999999999,0.553069233,39.17
2030,2508,0.051314,0.8473622222222221,0.557431058,11.728
2030,2509,0.034114,0.8071655555555554,0.548820493,0.39021
2030,2510,0.018529,0.792257777777778,0.546700161,0.33674
2030,2511,0.010469,0.7261488888888888,0.559269948,37.008
2030,2512,0.013833,0.6289055555555556,0.588360877,74.517
2030,2513,0.017387,0.4325911111111111,0.604072924,84.326
2030,2514,0.023051,0.17917888888888886,0.619598892,90.889
2030,2515,0.03678,0.01105222222222222,0.63071992,104.79
2030,2516,0.052013,0.0,0.649815279,104.9
2030,2517,0.06456999999999999,0.0,0.627280759,90.911
2030,2518,0.076862,0.0,0.596380686,105.56
2030,2519,0.09023,0.0,0.566943098,89.313
2030,2520,0.101866,0.0,0.551978416,91.19
2030,2521,0.106781,0.0,0.613831448,91.682
2030,2522,0.106203,0.0,0.615950744,93.572
2030,2523,0.109272,0.0,0.622947193,91.606
2030,2524,0.120547,0.0,0.642056857,84.182
2030,2525,0.132525,0.0,0.687388714,102.1
2030,2526,0.137919,0.07509111111111111,0.698911038,100.42
2030,2527,0.128037,0.19224888888888886,0.735031712,96.967
2030,2528,0.099085,0.2992344444444444,0.733524258,91.471
2030,2529,0.078101,0.37293111111111105,0.720762011,89.44
2030,2530,0.066458,0.4126744444444444,0.722019183,32.117
2030,2531,0.061555,0.5893311111111111,0.719260214,56.872
2030,2532,0.065021,0.6470633333333332,0.720497189,59.272
2030,2533,0.074022,0.6669811111111111,0.735959407,30.98
2030,2534,0.081563,0.6075011111111112,0.732257194,38.976
2030,2535,0.083958,0.49463777777777773,0.730623258,71.795
2030,2536,0.075856,0.3464155555555556,0.755053362,87.797
2030,2537,0.059221,0.2069322222222222,0.73904791,95.277
2030,2538,0.041307,0.08206444444444445,0.728846623,102.18
2030,2539,0.028649,0.006794444444444444,0.726090023,123.29
2030,2540,0.020682,0.0,0.729591208,126.87
2030,2541,0.018843,0.0,0.692658872,107.57
2030,2542,0.019811,0.0,0.651213694,109.6
2030,2543,0.02127,0.0,0.608572958,88.579
2030,2544,0.022021,0.0,0.590883008,81.763
2030,2545,0.020916,0.0,0.622446291,81.524
2030,2546,0.018436,0.0,0.621654421,79.901
2030,2547,0.015066,0.0,0.62696024,90.143
2030,2548,0.010505,0.0,0.645890013,105.33
2030,2549,0.006288,0.0,0.690706837,118.1
2030,2550,0.004208,0.12344,0.704514558,110.89
2030,2551,0.003758,0.3458644444444445,0.735146208,87.963
2030,2552,0.004313,0.5279888888888888,0.735538692,86.275
2030,2553,0.00801,0.6848722222222221,0.721910863,82.607
2030,2554,0.012545,0.7844588888888888,0.718872757,55.916
2030,2555,0.013699,0.8389133333333334,0.708065858,11.988
2030,2556,0.014164,0.8220122222222223,0.712574691,0.7452
2030,2557,0.019675,0.8145799999999999,0.721872256,0.96817
2030,2558,0.036299,0.7895133333333334,0.717965364,14.176
2030,2559,0.066948,0.6396633333333333,0.717260006,46.343
2030,2560,0.110601,0.5036611111111111,0.741947538,85.595
2030,2561,0.178355,0.3671133333333333,0.724561799,88.617
2030,2562,0.285506,0.1739322222222222,0.71292474,111.98
2030,2563,0.423213,0.01433,0.709932978,119.04
2030,2564,0.530958,0.0,0.711946761,106.47
2030,2565,0.579078,0.0,0.672068222,87.881
2030,2566,0.594281,0.0,0.628160162,88.645
2030,2567,0.596392,0.0,0.581483641,86.552
2030,2568,0.578905,0.0,0.561578204,85.495
2030,2569,0.547703,0.0,0.592475994,77.886
2030,2570,0.511451,0.0,0.589679431,72.242
2030,2571,0.467878,0.0,0.593113731,63.978
2030,2572,0.409812,0.0,0.609477702,61.49
2030,2573,0.352367,0.0,0.651966281,96.913
2030,2574,0.314713,0.2618655555555555,0.666261791,113.31
2030,2575,0.268438,0.5730944444444445,0.708739718,97.172
2030,2576,0.236189,0.752261111111111,0.727059925,75.543
2030,2577,0.26403,0.8467266666666666,0.723471592,63.054
2030,2578,0.356787,0.8825555555555553,0.725998869,0.15712
2030,2579,0.450353,0.89308,0.720789142,0.097737
2030,2580,0.472081,0.88166,0.727384716,0.10375
2030,2581,0.428712,0.8795588888888887,0.735996999,0.11234
2030,2582,0.36631,0.87302,0.732361922,0.122
2030,2583,0.321457,0.83737,0.728737291,0.85801
2030,2584,0.31109,0.7541611111111112,0.750406596,11.923
2030,2585,0.32772,0.616637777777778,0.731515238,21.82
2030,2586,0.404476,0.3618433333333333,0.710909852,85.177
2030,2587,0.537012,0.044826666666666674,0.704196739,106.62
2030,2588,0.667887,0.0,0.701267291,115
2030,2589,0.743265,0.0,0.660725432,104.44
2030,2590,0.782683,0.0,0.617496685,91.838
2030,2591,0.78384,0.0,0.572443565,76.787
2030,2592,0.759766,0.0,0.551067715,78.619
2030,2593,0.720248,0.0,0.584683572,69.541
2030,2594,0.661997,0.0,0.581110807,71.659
2030,2595,0.585822,0.0,0.584309418,83.739
2030,2596,0.508107,0.0,0.601297485,93.783
2030,2597,0.435757,0.0,0.644938313,110.37
2030,2598,0.376601,0.2341111111111111,0.656709924,97.946
2030,2599,0.294546,0.5724611111111112,0.696439703,86.2
2030,2600,0.249006,0.7487355555555555,0.713210035,88.412
2030,2601,0.236362,0.83168,0.70818049,89.614
2030,2602,0.236211,0.86714,0.716020991,83.952
2030,2603,0.236235,0.8739733333333334,0.712324282,68.226
2030,2604,0.205905,0.8594922222222221,0.720766804,54.539
2030,2605,0.153908,0.8611277777777778,0.730836594,10.948
2030,2606,0.099937,0.8468711111111111,0.725605672,11.998
2030,2607,0.059226,0.7990277777777778,0.727285613,46.048
2030,2608,0.034089,0.7153611111111113,0.754474268,39.212
2030,2609,0.027333,0.5931444444444446,0.736436774,84.165
2030,2610,0.041669,0.37665000000000004,0.718635449,93.736
2030,2611,0.099811,0.060677777777777775,0.715101065,117.46
2030,2612,0.213992,0.0,0.699284432,118.56
2030,2613,0.345728,0.0,0.653928545,104.89
2030,2614,0.440853,0.0,0.609936793,100.47
2030,2615,0.488405,0.0,0.563967125,93.957
2030,2616,0.498643,0.0,0.542803338,93.272
2030,2617,0.470715,0.0,0.5659952,90.084
2030,2618,0.416528,0.0,0.561221234,89.974
2030,2619,0.344231,0.0,0.56353662,90.906
2030,2620,0.257602,0.0,0.579528402,94.121
2030,2621,0.174982,0.0,0.62225625,97.223
2030,2622,0.122709,0.24868777777777779,0.635921032,90.7
2030,2623,0.099794,0.5453922222222222,0.680946729,84.003
2030,2624,0.094249,0.7234288888888888,0.701317385,14.597
2030,2625,0.104778,0.8171188888888888,0.696664532,0.11062
2030,2626,0.133359,0.8536955555555554,0.694823218,0.098828
2030,2627,0.175267,0.8660422222222222,0.683963137,0.11043
2030,2628,0.200545,0.8556322222222221,0.684698206,0.099057
2030,2629,0.189261,0.8513511111111112,0.692882446,0.094705
2030,2630,0.154884,0.8439499999999999,0.693477527,0.094665
2030,2631,0.130832,0.8079777777777777,0.693127194,0.10451
2030,2632,0.136581,0.71851,0.715724931,11.841
2030,2633,0.181803,0.5772588888888889,0.697676189,37.507
2030,2634,0.272079,0.32759777777777777,0.677743991,87.441
2030,2635,0.407943,0.05021888888888889,0.667853427,130.98
2030,2636,0.553704,0.0,0.66014521,112.18
2030,2637,0.653139,0.0,0.619571707,84.288
2030,2638,0.706867,0.0,0.58239461,84.731
2030,2639,0.720861,0.0,0.541850667,84.137
2030,2640,0.699445,0.0,0.521514631,86.164
2030,2641,0.652026,0.0,0.49146441,86.366
2030,2642,0.586271,0.0,0.486010731,87.234
2030,2643,0.511454,0.0,0.485495538,89.907
2030,2644,0.428683,0.0,0.493882183,93.531
2030,2645,0.353181,5.444444444444445e-05,0.515130199,95.353
2030,2646,0.296984,0.18691666666666665,0.529076415,91.019
2030,2647,0.246382,0.4794088888888889,0.541716119,88.86
2030,2648,0.192054,0.6776222222222222,0.551099137,81.402
2030,2649,0.162453,0.7827555555555555,0.552576745,35.036
2030,2650,0.174284,0.8266577777777778,0.545724343,25.812
2030,2651,0.20171,0.8419111111111112,0.530092764,0.10294
2030,2652,0.20191,0.8339088888888888,0.526008092,0.10303
2030,2653,0.173688,0.8235477777777778,0.518987386,0.10207
2030,2654,0.124928,0.8129922222222221,0.518043023,0.11537
2030,2655,0.085083,0.7738422222222221,0.532105645,60.938
2030,2656,0.065163,0.6776188888888889,0.5588362,74.128
2030,2657,0.077466,0.5229855555555556,0.564367843,88.743
2030,2658,0.125454,0.2660311111111111,0.572674804,102.4
2030,2659,0.212061,0.0394,0.574293891,112.3
2030,2660,0.312821,0.0,0.581671263,116.5
2030,2661,0.381186,0.0,0.556868562,106.74
2030,2662,0.402534,0.0,0.529231191,95.892
2030,2663,0.38391,0.0,0.501388472,92.819
2030,2664,0.32771,0.0,0.484149361,92.027
2030,2665,0.264033,0.0,0.473533534,87.892
2030,2666,0.219663,0.0,0.469075995,87.557
2030,2667,0.224944,0.0,0.469641795,88.664
2030,2668,0.299154,0.0,0.477176095,87.671
2030,2669,0.411731,0.0,0.492732818,83.899
2030,2670,0.506041,0.09059222222222223,0.494673922,85.95
2030,2671,0.520085,0.31474555555555556,0.496046819,80.511
2030,2672,0.459889,0.5866655555555554,0.498050927,68.403
2030,2673,0.412514,0.7333711111111112,0.498825489,0.74407
2030,2674,0.415729,0.807891111111111,0.496369339,0.11062
2030,2675,0.44626,0.82656,0.490041397,0.094738
2030,2676,0.460961,0.8193599999999999,0.497179551,0.1148
2030,2677,0.438129,0.8047455555555555,0.497609556,0.10541
2030,2678,0.362233,0.7849844444444444,0.501620383,0.37322
2030,2679,0.288564,0.7257322222222221,0.51658746,48.397
2030,2680,0.266357,0.5876033333333333,0.542931409,58.93
2030,2681,0.281509,0.4130566666666666,0.55852443,80.511
2030,2682,0.312833,0.1893188888888889,0.570329476,89.463
2030,2683,0.380205,0.03065333333333333,0.576238519,103.08
2030,2684,0.468971,0.0,0.584941718,106.48
2030,2685,0.527637,0.0,0.560097224,91.682
2030,2686,0.558474,0.0,0.528128046,88.686
2030,2687,0.556543,0.0,0.496360611,89.625
2030,2688,0.5150370000000001,0.0,0.480268334,86.997
2030,2689,0.452698,0.0,0.530209066,86.296
2030,2690,0.394388,0.0,0.530009063,81.829
2030,2691,0.35578,0.0,0.535622021,80.464
2030,2692,0.314758,0.0,0.554506924,87.192
2030,2693,0.26871,0.00047,0.598644429,98.097
2030,2694,0.236199,0.13879,0.606985586,111.19
2030,2695,0.190847,0.3805433333333333,0.651165514,117.48
2030,2696,0.149212,0.5922911111111112,0.666353341,95.831
2030,2697,0.127178,0.74403,0.661663403,82.463
2030,2698,0.148465,0.8054244444444444,0.662140764,75.265
2030,2699,0.20591,0.828232222222222,0.660472736,43.207
2030,2700,0.25322,0.8247466666666666,0.667766528,23.548
2030,2701,0.266312,0.8191922222222222,0.676099498,83.329
2030,2702,0.261775,0.8081466666666667,0.680148909,76.549
2030,2703,0.269806,0.7694466666666666,0.680877902,18.006
2030,2704,0.305085,0.6865622222222222,0.703830362,66.962
2030,2705,0.37139,0.5491011111111112,0.685512195,83.123
2030,2706,0.458449,0.318698888888889,0.669295571,94.695
2030,2707,0.558032,0.06722222222222222,0.665783568,113.28
2030,2708,0.630099,0.0,0.658627544,119.76
2030,2709,0.662676,0.0,0.618423915,107.62
2030,2710,0.660645,0.0,0.575981874,93.152
2030,2711,0.623235,0.0,0.533359421,88.203
2030,2712,0.550547,0.0,0.51322888,84.642
2030,2713,0.45035,0.0,0.555158993,83.753
2030,2714,0.355749,0.0,0.551362956,81.261
2030,2715,0.293346,0.0,0.554473708,79.005
2030,2716,0.253089,0.0,0.570397187,80.924
2030,2717,0.237779,0.0037533333333333333,0.612069513,88.746
2030,2718,0.23999,0.25047444444444444,0.620686967,86.983
2030,2719,0.211755,0.5247566666666666,0.664735053,77.708
2030,2720,0.172352,0.69585,0.680758847,54.143
2030,2721,0.148896,0.7849722222222221,0.677099863,10.401
2030,2722,0.130453,0.8252044444444444,0.679471496,0.11477
2030,2723,0.116897,0.8406099999999999,0.668897823,0.10472
2030,2724,0.100913,0.8337622222222221,0.675122179,0.10531
2030,2725,0.094493,0.8298744444444445,0.682564683,0.11204
2030,2726,0.121826,0.8231644444444444,0.690218106,0.1032
2030,2727,0.19322,0.7888788888888887,0.685118976,0.83379
2030,2728,0.304298,0.7077677777777778,0.713188206,62.708
2030,2729,0.419244,0.5738988888888888,0.694661482,83.877
2030,2730,0.49926,0.33943555555555566,0.680029069,101.19
2030,2731,0.554807,0.08232,0.675595863,115.58
2030,2732,0.564747,0.0,0.667571107,115.74
2030,2733,0.519491,0.0,0.628663669,89.979
2030,2734,0.451247,0.0,0.586545318,84.644
2030,2735,0.383197,0.0,0.542524696,76.374
2030,2736,0.310636,0.0,0.522218319,79.863
2030,2737,0.246057,0.0,0.564911974,84.819
2030,2738,0.193282,0.0,0.561933538,87.719
2030,2739,0.160957,0.0,0.564910731,81.109
2030,2740,0.150371,0.0,0.580697491,82.725
2030,2741,0.156857,0.0070711111111111105,0.621102447,82.971
2030,2742,0.174985,0.2895211111111111,0.624444321,101.01
2030,2743,0.164897,0.5905466666666667,0.667327338,86.02
2030,2744,0.137597,0.7555122222222223,0.681205894,80.26
2030,2745,0.128191,0.8379499999999999,0.676748106,80.439
2030,2746,0.138442,0.8738111111111111,0.679884688,54.703
2030,2747,0.147978,0.882801111111111,0.678733576,27.288
2030,2748,0.132449,0.8732144444444445,0.68122245,15.055
2030,2749,0.120248,0.8774611111111111,0.693933352,0.10502
2030,2750,0.148424,0.8772455555555555,0.695010968,0.10139
2030,2751,0.22866,0.8524144444444444,0.694188307,12.022
2030,2752,0.376609,0.7931744444444444,0.720957434,37.073
2030,2753,0.56652,0.6859888888888889,0.700448037,79.995
2030,2754,0.719919,0.47302,0.683816138,91.809
2030,2755,0.807028,0.15150777777777777,0.67668772,99.015
2030,2756,0.835611,0.0,0.668417273,114.91
2030,2757,0.820413,0.0,0.634904513,107.75
2030,2758,0.767803,0.0,0.595268588,98.307
2030,2759,0.691402,0.0,0.5529278,92.589
2030,2760,0.608201,0.0,0.53050412,85.907
2030,2761,0.528433,0.0,0.543594391,81.21
2030,2762,0.454093,0.0,0.538608824,82.179
2030,2763,0.399515,0.0,0.539983,86.347
2030,2764,0.374126,0.0,0.554226801,91.694
2030,2765,0.388508,0.008983333333333334,0.594328627,100.3
2030,2766,0.404485,0.2789011111111111,0.605156334,110.15
2030,2767,0.395255,0.5633988888888888,0.65278213,105.25
2030,2768,0.416552,0.7179766666666666,0.674113599,97.585
2030,2769,0.477537,0.7658633333333333,0.673116337,89.969
2030,2770,0.547703,0.7814388888888888,0.674304664,89.555
2030,2771,0.619431,0.7879744444444444,0.669358927,81.734
2030,2772,0.68584,0.7995555555555555,0.670812127,71.863
2030,2773,0.735203,0.8027633333333334,0.681076988,47.149
2030,2774,0.779578,0.7868555555555554,0.679277648,55.44
2030,2775,0.814996,0.6876066666666666,0.676429444,72.269
2030,2776,0.838408,0.4508933333333333,0.702951051,83.924
2030,2777,0.846169,0.24446555555555555,0.684067673,89.555
2030,2778,0.844079,0.11793777777777778,0.671774521,97.286
2030,2779,0.846381,0.03558666666666666,0.663661921,112.78
2030,2780,0.864196,0.0,0.651571713,117.42
2030,2781,0.879129,0.0,0.613250927,102.44
2030,2782,0.881156,0.0,0.571456476,95.779
2030,2783,0.880558,0.0,0.526829284,92.084
2030,2784,0.869312,0.0,0.505175911,90.267
2030,2785,0.852209,0.0,0.468361902,89.467
2030,2786,0.83924,0.0,0.462291697,88.443
2030,2787,0.833658,0.0,0.460760779,88.741
2030,2788,0.82823,0.0,0.468093113,91.989
2030,2789,0.826811,0.00011333333333333333,0.489887296,89.979
2030,2790,0.833703,0.05031555555555555,0.504908883,86.019
2030,2791,0.839037,0.13944555555555554,0.527612678,80.835
2030,2792,0.829108,0.28526555555555555,0.537904212,49.772
2030,2793,0.823015,0.46027666666666667,0.543175394,0.52465
2030,2794,0.811467,0.5513499999999999,0.540021806,0.099378
2030,2795,0.798895,0.5814911111111112,0.530383528,0.10857
2030,2796,0.790556,0.6014044444444445,0.527468871,0.10947
2030,2797,0.79129,0.5397744444444446,0.522888244,0.099525
2030,2798,0.803476,0.42715666666666663,0.522464424,0.097555
2030,2799,0.816177,0.3182955555555556,0.533365097,0.10144
2030,2800,0.829359,0.24872777777777777,0.556336721,11.984
2030,2801,0.826524,0.21181555555555553,0.558106147,19.322
2030,2802,0.800518,0.1601022222222222,0.563119281,81.163
2030,2803,0.788986,0.04612111111111111,0.564094645,114.17
2030,2804,0.79094,0.0,0.563206807,107.13
2030,2805,0.8044,0.0,0.54447446,96.873
2030,2806,0.813498,0.0,0.51725433,77.25
2030,2807,0.809102,0.0,0.487412817,82.132
2030,2808,0.786717,0.0,0.467984435,83.655
2030,2809,0.742939,0.0,0.486408251,80.878
2030,2810,0.701636,0.0,0.479934865,84.65
2030,2811,0.676133,0.0,0.478466776,86.235
2030,2812,0.660315,0.0,0.485768511,89.207
2030,2813,0.660343,0.001988888888888889,0.506502524,86.288
2030,2814,0.651877,0.08069888888888889,0.521991187,81.686
2030,2815,0.636253,0.17458444444444446,0.543614177,80.296
2030,2816,0.627628,0.2512566666666667,0.563823905,66.417
2030,2817,0.622196,0.22964222222222222,0.574958392,54.397
2030,2818,0.593549,0.24835666666666667,0.573365261,86.206
2030,2819,0.547703,0.35120555555555555,0.565723814,0.095884
2030,2820,0.511099,0.48988666666666664,0.568258691,0.11377
2030,2821,0.484341,0.568671111111111,0.567735069,0.10258
2030,2822,0.470974,0.4864177777777777,0.562799641,0.10748
2030,2823,0.452457,0.40649555555555555,0.560453159,76.544
2030,2824,0.453057,0.3230133333333333,0.577479813,59.773
2030,2825,0.486155,0.21540222222222222,0.577412114,80.093
2030,2826,0.57666,0.1117722222222222,0.580777643,86.509
2030,2827,0.66767,0.025304444444444445,0.579390099,101.09
2030,2828,0.706825,0.0,0.585145423,117.37
2030,2829,0.704698,0.0,0.565505933,107.89
2030,2830,0.682037,0.0,0.538363744,91.863
2030,2831,0.644104,0.0,0.509140205,86.047
2030,2832,0.614582,0.0,0.491313501,80.451
2030,2833,0.591692,0.0,0.485327403,77.689
2030,2834,0.59332,0.0,0.479699259,78.934
2030,2835,0.612831,0.0,0.478625869,81.979
2030,2836,0.624019,0.0,0.484039502,86.383
2030,2837,0.634823,0.00910888888888889,0.497512424,100.04
2030,2838,0.632545,0.1706055555555555,0.50047492,100.16
2030,2839,0.617115,0.3958855555555556,0.508931802,120.92
2030,2840,0.650362,0.5613477777777778,0.512810176,88.725
2030,2841,0.695461,0.5534955555555556,0.51902351,81.908
2030,2842,0.724991,0.46479111111111104,0.522518522,75.849
2030,2843,0.755055,0.48071,0.511465672,12.696
2030,2844,0.800578,0.64106,0.511968561,0.10537
2030,2845,0.846202,0.6845588888888888,0.504501306,0.10731
2030,2846,0.876041,0.6145955555555555,0.504243071,0.099389
2030,2847,0.902498,0.5239166666666666,0.518752982,0.12346
2030,2848,0.930451,0.43328888888888883,0.549895515,16.999
2030,2849,0.957746,0.3151022222222223,0.564398359,74.276
2030,2850,0.968202,0.14257555555555554,0.577360752,87.633
2030,2851,0.974117,0.02897111111111111,0.580656296,104.41
2030,2852,0.969671,0.0,0.588365114,110.24
2030,2853,0.968307,0.0,0.56740928,98.996
2030,2854,0.961281,0.0,0.535101984,95.187
2030,2855,0.945926,0.0,0.502155584,87.024
2030,2856,0.930109,0.0,0.48553872,84.73
2030,2857,0.912322,0.0,0.531124444,84.179
2030,2858,0.894568,0.0,0.529550718,84.602
2030,2859,0.876036,0.0,0.533261318,89.167
2030,2860,0.869588,0.0,0.549892199,94.524
2030,2861,0.867487,0.018251111111111107,0.592929312,105.46
2030,2862,0.876058,0.2686788888888889,0.602225298,95.341
2030,2863,0.891535,0.55023,0.650616057,90.756
2030,2864,0.873277,0.7151444444444445,0.665260112,81.587
2030,2865,0.870806,0.7996022222222222,0.662292837,67.735
2030,2866,0.881486,0.8462833333333333,0.667943485,53.137
2030,2867,0.903132,0.8619166666666667,0.666695361,88.849
2030,2868,0.925946,0.8552588888888887,0.678259975,58.455
2030,2869,0.942676,0.8442622222222222,0.687842615,78.397
2030,2870,0.950819,0.8233722222222221,0.687077244,11.372
2030,2871,0.955245,0.77937,0.684873002,65.952
2030,2872,0.960501,0.7051177777777778,0.709716622,68.56
2030,2873,0.961522,0.5962522222222221,0.686807448,81.587
2030,2874,0.961533,0.4046944444444444,0.670345081,105.81
2030,2875,0.957762,0.12230333333333333,0.661531776,120.39
2030,2876,0.943598,0.0,0.652502516,110.73
2030,2877,0.934313,0.0,0.619950788,89.452
2030,2878,0.930807,0.0,0.579014796,87.465
2030,2879,0.925375,0.0,0.536242813,88.191
2030,2880,0.91525,0.0,0.51792151,87.424
2030,2881,0.900733,0.0,0.534810664,89.144
2030,2882,0.881103,0.0,0.529918892,88.733
2030,2883,0.86507,0.0,0.530848096,90.014
2030,2884,0.861367,0.0,0.543402381,92.319
2030,2885,0.852179,0.05325888888888889,0.578038102,96.331
2030,2886,0.846232,0.44701777777777774,0.586796275,92.966
2030,2887,0.847868,0.7158811111111112,0.6313566,84.481
2030,2888,0.850867,0.8412155555555556,0.651686469,63.38
2030,2889,0.880055,0.9026299999999999,0.650919164,43.063
2030,2890,0.903116,0.9279177777777778,0.655792725,0.10312
2030,2891,0.917852,0.9290777777777777,0.653698811,0.10314
2030,2892,0.925944,0.9157922222222221,0.655516578,0.095542
2030,2893,0.924083,0.9207288888888888,0.667181699,0.096136
2030,2894,0.922081,0.9236577777777779,0.672083916,0.11489
2030,2895,0.921038,0.904981111111111,0.67312931,0.11332
2030,2896,0.920208,0.8573911111111112,0.697690617,86.886
2030,2897,0.921021,0.7731155555555554,0.680855102,76.18
2030,2898,0.923374,0.60549,0.663047402,88.492
2030,2899,0.914842,0.25940444444444444,0.650141704,96.746
2030,2900,0.917619,0.0,0.640694456,99.596
2030,2901,0.913222,0.0,0.611878678,97.015
2030,2902,0.90126,0.0,0.568119301,87.122
2030,2903,0.880188,0.0,0.522356139,86.703
2030,2904,0.852185,0.0,0.500670507,84.124
2030,2905,0.840454,0.0,0.537879043,84.869
2030,2906,0.839568,0.0,0.532853424,83.851
2030,2907,0.816307,0.0,0.534017909,90.161
2030,2908,0.812833,0.0,0.54620441,100.23
2030,2909,0.822158,0.08162555555555555,0.578960245,113.11
2030,2910,0.830256,0.5096433333333333,0.586828855,121.33
2030,2911,0.853175,0.7436566666666667,0.63227236,104.37
2030,2912,0.871222,0.8586955555555554,0.651350007,86.993
2030,2913,0.881152,0.9182666666666667,0.649298066,83.112
2030,2914,0.883098,0.9429399999999999,0.653218586,80.741
2030,2915,0.895484,0.9458977777777778,0.648186696,62.442
2030,2916,0.912096,0.9313222222222223,0.652987463,53.799
2030,2917,0.928751,0.9353255555555554,0.66821279,26.944
2030,2918,0.940494,0.9384655555555554,0.66716448,62.897
2030,2919,0.944703,0.922222222222222,0.667297281,41.747
2030,2920,0.950379,0.8732444444444444,0.691310943,81.08
2030,2921,0.954726,0.7867266666666666,0.674080664,86.992
2030,2922,0.956726,0.6150133333333333,0.657403594,101.85
2030,2923,0.957153,0.26427555555555554,0.646467745,119.51
2030,2924,0.955111,0.0,0.637429759,121.34
2030,2925,0.950057,0.0,0.611272761,108.86
2030,2926,0.946324,0.0,0.569522415,96.48
2030,2927,0.950025,0.0,0.524677702,95.457
2030,2928,0.934726,0.0,0.502298908,92.077
2030,2929,0.903907,0.0,0.539328172,88.64
2030,2930,0.865833,0.0,0.534584603,88.905
2030,2931,0.820366,0.0,0.535638166,92.736
2030,2932,0.780875,0.0,0.547148386,97.789
2030,2933,0.758443,0.09613777777777777,0.579187381,108.08
2030,2934,0.724907,0.5300977777777778,0.586431432,100.59
2030,2935,0.706909,0.7754966666666666,0.631238036,85.838
2030,2936,0.691429,0.887348888888889,0.651788492,71.902
2030,2937,0.651543,0.9435266666666666,0.65021679,23.366
2030,2938,0.590821,0.9677188888888888,0.653338361,0.10845
2030,2939,0.511452,0.9662455555555555,0.650932008,0.098406
2030,2940,0.424789,0.95106,0.653201716,0.10951
2030,2941,0.36333,0.955718888888889,0.664468126,0.10636
2030,2942,0.343682,0.9583011111111112,0.673571611,0.11326
2030,2943,0.363539,0.939238888888889,0.674433771,0.40711
2030,2944,0.425767,0.8961244444444444,0.699186448,17.093
2030,2945,0.492129,0.815742222222222,0.680870287,49.701
2030,2946,0.542371,0.6577977777777778,0.66510133,85.147
2030,2947,0.59634,0.32354111111111106,0.653588847,95.313
2030,2948,0.616406,0.0,0.641349601,118.91
2030,2949,0.578754,0.0,0.611891525,98.429
2030,2950,0.518659,0.0,0.569423333,101.98
2030,2951,0.449072,0.0,0.524189845,94.178
2030,2952,0.376983,0.0,0.501745555,94.496
2030,2953,0.314239,0.0,0.53762403,93.195
2030,2954,0.264064,0.0,0.532271186,92.185
2030,2955,0.230271,0.0,0.532800869,93.245
2030,2956,0.197384,0.0,0.543910726,96.071
2030,2957,0.166879,0.09657666666666666,0.575566741,97.81
2030,2958,0.149585,0.4865722222222223,0.583048423,88.677
2030,2959,0.138438,0.7238477777777778,0.628838131,75.591
2030,2960,0.137675,0.8127844444444444,0.649088399,33.29
2030,2961,0.135091,0.84071,0.649597034,0.10877
2030,2962,0.141626,0.8671766666666666,0.654198777,0.10577
2030,2963,0.156866,0.8764911111111111,0.648177942,0.10623
2030,2964,0.172363,0.8781311111111112,0.649665465,0.093042
2030,2965,0.194389,0.8890377777777779,0.659205865,0.093372
2030,2966,0.217111,0.903902222222222,0.659337406,0.10824
2030,2967,0.224066,0.8841744444444444,0.656979075,0.10967
2030,2968,0.217176,0.8444966666666667,0.681046833,12.021
2030,2969,0.201173,0.7618244444444445,0.667233955,78.731
2030,2970,0.183321,0.5926688888888888,0.651939561,85.695
2030,2971,0.174954,0.26332222222222224,0.638037136,97.803
2030,2972,0.165711,0.0,0.623853387,118.23
2030,2973,0.150257,0.0,0.59774373,112.05
2030,2974,0.160191,0.0,0.561350178,89.384
2030,2975,0.19892,0.0,0.519782504,85.947
2030,2976,0.252382,0.0,0.497099828,85.839
2030,2977,0.307036,0.0,0.471085879,85.534
2030,2978,0.337178,0.0,0.463459424,85.327
2030,2979,0.336896,0.0,0.460494492,85.042
2030,2980,0.313303,0.0,0.463161466,85.866
2030,2981,0.284769,0.08644777777777776,0.472724542,83.285
2030,2982,0.246072,0.4422144444444444,0.485930316,81.105
2030,2983,0.187003,0.6390266666666666,0.503356755,21.927
2030,2984,0.160242,0.7156233333333334,0.517785526,12.019
2030,2985,0.159807,0.8031466666666667,0.527578352,0.11116
2030,2986,0.157878,0.8350488888888888,0.525404934,0.10878
2030,2987,0.155622,0.8397366666666666,0.511846047,0.10979
2030,2988,0.14566,0.7992122222222222,0.506596236,0.10977
2030,2989,0.135673,0.7190466666666667,0.499793792,0.10601
2030,2990,0.117523,0.6633811111111112,0.501782599,0.11301
2030,2991,0.097324,0.6703677777777778,0.514816433,0.11431
2030,2992,0.090558,0.6834844444444445,0.537150088,82.274
2030,2993,0.100465,0.6456277777777779,0.546574041,17.969
2030,2994,0.124559,0.3787688888888889,0.554871273,80.392
2030,2995,0.185723,0.060406666666666664,0.553562827,94.558
2030,2996,0.301856,0.0,0.555425213,116.49
2030,2997,0.424867,0.0,0.544632256,103.87
2030,2998,0.508741,0.0,0.517862853,90.529
2030,2999,0.563599,0.0,0.489144533,83.437
2030,3000,0.574373,0.0,0.469546425,81.799
2030,3001,0.539123,0.0,0.456789564,81.372
2030,3002,0.474823,0.0,0.449816048,82.459
2030,3003,0.404478,0.0,0.446919467,84.165
2030,3004,0.359037,0.0,0.448108931,90.608
2030,3005,0.326911,0.07230444444444444,0.451361015,94.775
2030,3006,0.304013,0.25111222222222224,0.454556899,84.96
2030,3007,0.249091,0.45780333333333334,0.461069947,52.295
2030,3008,0.224319,0.6563922222222222,0.467329313,12.021
2030,3009,0.261778,0.7432755555555556,0.47558387,0.10241
2030,3010,0.34933,0.7864577777777778,0.479181887,0.10411
2030,3011,0.417564,0.8435288888888889,0.475604248,0.094912
2030,3012,0.438126,0.8698811111111112,0.479060078,0.098048
2030,3013,0.404575,0.8183322222222221,0.47902828,0.097214
2030,3014,0.341625,0.6700788888888889,0.481714165,0.096748
2030,3015,0.266322,0.5049933333333333,0.498766473,0.10701
2030,3016,0.202444,0.4153122222222222,0.526535675,31.69
2030,3017,0.18338,0.39868111111111104,0.539381011,56.789
2030,3018,0.197827,0.34282222222222225,0.552227626,90.378
2030,3019,0.266683,0.1486977777777778,0.556362355,118.11
2030,3020,0.396078,0.0,0.560811252,121.42
2030,3021,0.550393,0.0,0.549946104,102.56
2030,3022,0.681317,0.0,0.518685721,93.015
2030,3023,0.766338,0.0,0.48553302,88.215
2030,3024,0.798719,0.0,0.466648922,81.952
2030,3025,0.778071,0.0,0.516645079,81.84
2030,3026,0.724328,0.0,0.513610102,84.83
2030,3027,0.670164,0.0,0.5158184,86.995
2030,3028,0.637339,0.0,0.528021529,93.208
2030,3029,0.628957,0.05613111111111111,0.559851525,96.245
2030,3030,0.549152,0.2924733333333333,0.568967907,91.723
2030,3031,0.43434,0.45449111111111107,0.616141585,82.845
2030,3032,0.395148,0.5562266666666668,0.635553601,85.508
2030,3033,0.443571,0.6106177777777779,0.636080649,0.45167
2030,3034,0.5546,0.6933966666666667,0.643919018,0.10497
2030,3035,0.691431,0.7744233333333332,0.642290749,0.10887
2030,3036,0.793091,0.8028222222222222,0.648629743,0.10157
2030,3037,0.819293,0.8236588888888888,0.663486885,0.11014
2030,3038,0.81501,0.8426122222222221,0.66722806,0.54993
2030,3039,0.783812,0.8144922222222221,0.668316153,48.514
2030,3040,0.740056,0.7419122222222222,0.693426707,80.009
2030,3041,0.719298,0.5122022222222222,0.677218649,91.724
2030,3042,0.763801,0.1927122222222222,0.662938999,104.75
2030,3043,0.804781,0.05161888888888889,0.65233436,120.42
2030,3044,0.814147,0.0,0.638122618,118.08
2030,3045,0.829102,0.0,0.611472329,104.27
2030,3046,0.873188,0.0,0.569528141,94.842
2030,3047,0.916247,0.0,0.524995754,86.454
2030,3048,0.939802,0.0,0.502071089,82.651
2030,3049,0.949898,0.0,0.537291514,81.423
2030,3050,0.946893,0.0,0.531466096,83.125
2030,3051,0.940372,0.0,0.531261809,86.605
2030,3052,0.935619,0.0,0.541250603,92.725
2030,3053,0.925228,0.02162111111111111,0.571628617,99.173
2030,3054,0.90124,0.09362555555555557,0.580455306,85.884
2030,3055,0.856793,0.20408666666666667,0.625034706,82.023
2030,3056,0.80813,0.3025744444444444,0.64151746,13.874
2030,3057,0.773844,0.4120622222222222,0.64345611,11.998
2030,3058,0.708712,0.5535266666666666,0.651494379,0.10401
2030,3059,0.62133,0.6926211111111112,0.649000233,0.10385
2030,3060,0.527633,0.7409344444444446,0.654809118,12.022
2030,3061,0.409846,0.7427188888888888,0.66890338,12.003
2030,3062,0.296629,0.6251122222222221,0.674131647,12.027
2030,3063,0.209905,0.50692,0.674780654,40.589
2030,3064,0.152464,0.4209833333333333,0.69834207,45.46
2030,3065,0.138686,0.2323911111111111,0.681594585,80.873
2030,3066,0.144785,0.1392122222222222,0.667899531,85.884
2030,3067,0.170274,0.052144444444444445,0.656235893,87.191
2030,3068,0.188671,0.0,0.642498314,120.51
2030,3069,0.208127,0.0,0.616452514,99.549
2030,3070,0.208966,0.0,0.575460538,86.695
2030,3071,0.202854,0.0,0.528505501,83.312
2030,3072,0.19008,0.0,0.505042274,83.445
2030,3073,0.18716,0.0,0.540818055,80.426
2030,3074,0.193959,0.0,0.534502062,82.28
2030,3075,0.198908,0.0,0.534251342,82.261
2030,3076,0.183472,0.0,0.543567463,86.999
2030,3077,0.165753,0.0030244444444444446,0.573046173,96.833
2030,3078,0.134475,0.030347777777777772,0.582888042,98.493
2030,3079,0.083122,0.08718666666666668,0.627517354,105.22
2030,3080,0.033199,0.17475,0.645801115,86.339
2030,3081,0.010469,0.2859366666666667,0.649152569,30.357
2030,3082,0.011858,0.44444888888888895,0.657332794,0.10445
2030,3083,0.01588,0.6319222222222222,0.655931599,0.11323
2030,3084,0.0188,0.7292633333333334,0.66208635,0.094493
2030,3085,0.030861,0.7565722222222222,0.677378642,0.11054
2030,3086,0.045206,0.7410466666666666,0.682777619,0.099924
2030,3087,0.041503,0.6995166666666668,0.68349829,0.16929
2030,3088,0.028639,0.6576277777777778,0.706693284,33.923
2030,3089,0.023391,0.5603244444444445,0.689102245,83.325
2030,3090,0.028598,0.39705666666666667,0.674246244,98.275
2030,3091,0.051137,0.1458377777777778,0.66251409,105.23
2030,3092,0.067153,0.0,0.647142673,112.79
2030,3093,0.055847,0.0,0.620979679,112.73
2030,3094,0.04701,0.0,0.581026128,101.56
2030,3095,0.046494,0.0,0.535045189,101.38
2030,3096,0.050531,0.0,0.510263666,97.148
2030,3097,0.057664,0.0,0.477083629,93.655
2030,3098,0.068888,0.0,0.468996355,92.654
2030,3099,0.086333,0.0,0.465207814,97.998
2030,3100,0.107123,0.0,0.467186329,102.51
2030,3101,0.103016,0.03295,0.478678498,115.92
2030,3102,0.065291,0.19415444444444444,0.500031657,119.99
2030,3103,0.034104,0.3251488888888889,0.518430261,99.89
2030,3104,0.025449,0.5835188888888888,0.524975734,89.946
2030,3105,0.019315,0.7430188888888888,0.529826859,86.485
2030,3106,0.013498,0.7860644444444445,0.529187373,79.63
2030,3107,0.017127,0.8250166666666666,0.520981283,66.611
2030,3108,0.018885,0.8512655555555556,0.520441684,26.017
2030,3109,0.018244,0.8537077777777778,0.519983168,10.681
2030,3110,0.014403,0.8188555555555556,0.52631431,15.175
2030,3111,0.009696,0.68282,0.539833695,35.88
2030,3112,0.011523,0.4852366666666667,0.561660897,70.981
2030,3113,0.029192,0.32051222222222225,0.568744772,81.674
2030,3114,0.085665,0.18480444444444444,0.579027995,94.911
2030,3115,0.136193,0.045482222222222216,0.580994798,97.134
2030,3116,0.133075,0.0,0.581092255,119.66
2030,3117,0.107912,0.0,0.568210002,97.914
2030,3118,0.079579,0.0,0.538263252,92.462
2030,3119,0.058042,0.0,0.506095662,89.244
2030,3120,0.045131,0.0,0.483605361,87.059
2030,3121,0.036914,0.0,0.481171097,86.443
2030,3122,0.034597,0.0,0.474589038,84.789
2030,3123,0.036681,0.0,0.473212367,84.586
2030,3124,0.044967,0.0,0.481258952,84.49
2030,3125,0.069169,0.11544555555555555,0.506433963,84.847
2030,3126,0.097272,0.3839877777777777,0.547280332,83.609
2030,3127,0.114549,0.5478788888888888,0.575111806,85.917
2030,3128,0.129889,0.5910688888888889,0.58918188,81.023
2030,3129,0.154159,0.5544244444444445,0.596373276,75.287
2030,3130,0.177876,0.5434833333333333,0.594035596,62.87
2030,3131,0.198808,0.5588488888888888,0.5831894,37.789
2030,3132,0.214957,0.6231811111111112,0.583135248,1.197
2030,3133,0.227283,0.7236266666666666,0.581281905,0.19778
2030,3134,0.238552,0.879151111111111,0.583150247,0.49377
2030,3135,0.240502,0.8821888888888888,0.592641749,12.008
2030,3136,0.217147,0.8137577777777778,0.607169546,10.128
2030,3137,0.183384,0.7027988888888889,0.605215299,69.616
2030,3138,0.149946,0.5030888888888888,0.605886393,88.151
2030,3139,0.122491,0.13969,0.597105218,100.99
2030,3140,0.112644,0.0,0.589297362,110.39
2030,3141,0.125559,0.0,0.571826773,102.9
2030,3142,0.166854,0.0,0.543525661,91.292
2030,3143,0.228017,0.0,0.51215859,85.303
2030,3144,0.294944,0.0,0.488129983,83.308
2030,3145,0.353955,0.0,0.478677474,80.414
2030,3146,0.355777,0.0,0.470481714,76.159
2030,3147,0.321477,0.0,0.466802292,74.128
2030,3148,0.288578,0.0,0.46682493,74.765
2030,3149,0.259151,0.006732222222222222,0.474002543,75.563
2030,3150,0.210345,0.08418222222222223,0.487527985,80.857
2030,3151,0.183371,0.2271411111111111,0.502773732,44.243
2030,3152,0.193906,0.3383777777777778,0.519246636,93.814
2030,3153,0.239487,0.4919722222222222,0.53264031,11.986
2030,3154,0.323058,0.6183244444444445,0.534603229,10.822
2030,3155,0.42678,0.7777911111111111,0.525891491,0.17166
2030,3156,0.513977,0.7628277777777777,0.52497852,0.56186
2030,3157,0.5524,0.8251422222222222,0.52308373,0.35288
2030,3158,0.555027,0.8391188888888889,0.525589249,11.744
2030,3159,0.533726,0.8194399999999998,0.539002451,11.977
2030,3160,0.499422,0.7501688888888889,0.55895175,11.992
2030,3161,0.485277,0.6386644444444446,0.563013821,69.908
2030,3162,0.4726,0.47916,0.570024099,82.951
2030,3163,0.474519,0.22918222222222223,0.567457625,92.957
2030,3164,0.512956,0.0020277777777777777,0.565155142,106.61
2030,3165,0.548714,0.0,0.554433896,104.89
2030,3166,0.565574,0.0,0.530772086,92.488
2030,3167,0.536441,0.0,0.501926717,91.667
2030,3168,0.480247,0.0,0.481189136,84.21
2030,3169,0.425971,0.0,0.467073039,78.682
2030,3170,0.379105,0.0,0.45927095,75.156
2030,3171,0.339108,0.0,0.455311692,75.915
2030,3172,0.272056,0.0,0.453738013,85.583
2030,3173,0.190098,0.08029888888888889,0.455360941,95.7
2030,3174,0.106735,0.3046411111111111,0.455063734,93.73
2030,3175,0.058568,0.5997044444444445,0.460657877,88.246
2030,3176,0.05841,0.7056588888888887,0.469777809,79.798
2030,3177,0.088542,0.7786911111111111,0.477119146,47.946
2030,3178,0.13189,0.8336933333333333,0.484130448,25.602
2030,3179,0.170426,0.8345355555555555,0.482954058,12.003
2030,3180,0.193989,0.7196877777777778,0.492766135,12.005
2030,3181,0.200426,0.6231622222222222,0.494036023,49.904
2030,3182,0.2007,0.6544911111111111,0.49380042,2.846
2030,3183,0.190076,0.64324,0.506618778,59.543
2030,3184,0.164071,0.5415777777777778,0.532220244,61.593
2030,3185,0.137167,0.37366555555555553,0.545085514,85.113
2030,3186,0.106076,0.1788488888888889,0.557725005,90.69
2030,3187,0.079422,0.053655555555555554,0.561747358,103.48
2030,3188,0.06755,0.0,0.563484846,120.65
2030,3189,0.074237,0.0,0.554992368,103.02
2030,3190,0.104065,0.0,0.526237978,89.05
2030,3191,0.167223,0.0,0.493083788,87.159
2030,3192,0.26977,0.0,0.474065037,80.19
2030,3193,0.395231,0.0,0.523490579,78.356
2030,3194,0.455999,0.0,0.520632895,77.114
2030,3195,0.433874,0.0,0.522339397,78.582
2030,3196,0.404486,0.0,0.532324244,83.721
2030,3197,0.421947,0.007584444444444443,0.564110325,98.597
2030,3198,0.482297,0.09858666666666666,0.572492319,109.66
2030,3199,0.5127100000000001,0.36690999999999996,0.613772278,83.757
2030,3200,0.496545,0.6729444444444446,0.629613581,72.193
2030,3201,0.5182039999999999,0.8294433333333334,0.631975331,35.654
2030,3202,0.557922,0.8988088888888889,0.642481178,17.261
2030,3203,0.595616,0.9228466666666667,0.644352117,0.1872
2030,3204,0.630112,0.9240177777777778,0.653896049,0.16082
2030,3205,0.657781,0.9301011111111112,0.669656882,26.92
2030,3206,0.686943,0.9178677777777778,0.674482317,40.661
2030,3207,0.691407,0.8590388888888888,0.679650828,72.933
2030,3208,0.678942,0.7425033333333334,0.70096551,86.787
2030,3209,0.636268,0.5982577777777778,0.680412052,91.354
2030,3210,0.554703,0.38321666666666665,0.66478688,108.91
2030,3211,0.475175,0.11407555555555556,0.653051793,112.55
2030,3212,0.465464,0.00022,0.637460873,110.23
2030,3213,0.5139109999999999,0.0,0.61378691,98.291
2030,3214,0.626151,0.0,0.575540003,93.501
2030,3215,0.721883,0.0,0.531863037,91.931
2030,3216,0.738924,0.0,0.509166401,80.483
2030,3217,0.713318,0.0,0.544085996,78.032
2030,3218,0.673817,0.0,0.53835244,75.811
2030,3219,0.627646,0.0,0.538018841,77.535
2030,3220,0.593357,0.0,0.546120611,84.497
2030,3221,0.555118,0.029024444444444443,0.57744856,97.461
2030,3222,0.495257,0.20422444444444446,0.583710011,106.61
2030,3223,0.449996,0.43521000000000004,0.623926821,106.77
2030,3224,0.407169,0.6061166666666666,0.640822029,90.981
2030,3225,0.425403,0.6542599999999998,0.643795802,76.884
2030,3226,0.459856,0.6965544444444446,0.651554745,22.838
2030,3227,0.479107,0.70043,0.651022504,82.263
2030,3228,0.506034,0.7427155555555555,0.657535344,0.79906
2030,3229,0.540629,0.6159333333333333,0.675258611,0.10155
2030,3230,0.565366,0.3796522222222223,0.676894142,0.3778
2030,3231,0.575507,0.2599822222222222,0.679452113,11.989
2030,3232,0.550902,0.1791255555555555,0.70478907,64.034
2030,3233,0.47558,0.12224222222222222,0.682286017,83.229
2030,3234,0.380592,0.08718333333333335,0.663314697,98.347
2030,3235,0.33081,0.032805555555555546,0.649966079,106.2
2030,3236,0.36376,0.0,0.636840037,114.49
2030,3237,0.450135,0.0,0.612323531,98.845
2030,3238,0.549829,0.0,0.574893595,91.408
2030,3239,0.641999,0.0,0.530213851,86.967
2030,3240,0.726712,0.0,0.507600766,82.083
2030,3241,0.766659,0.0,0.543926625,79.956
2030,3242,0.802028,0.0,0.538811412,85.13
2030,3243,0.829037,0.0,0.538868435,83.818
2030,3244,0.830736,0.0,0.546859449,87.221
2030,3245,0.827624,0.0012277777777777775,0.576257299,92.264
2030,3246,0.838374,0.020123333333333337,0.580737357,82.683
2030,3247,0.836974,0.05046777777777778,0.631135258,86.887
2030,3248,0.844853,0.08799,0.653461313,82.525
2030,3249,0.847236,0.1446011111111111,0.658598002,67.823
2030,3250,0.850464,0.21474111111111113,0.671250914,42.094
2030,3251,0.828167,0.2776377777777778,0.672961528,55.179
2030,3252,0.796393,0.34380777777777777,0.676483485,38.197
2030,3253,0.763812,0.3407811111111111,0.691522638,20.797
2030,3254,0.767698,0.4277288888888889,0.688026761,26.403
2030,3255,0.789305,0.6062877777777778,0.683014326,45.446
2030,3256,0.785282,0.6405611111111111,0.701420349,77.837
2030,3257,0.770929,0.6011844444444445,0.678938216,87.551
2030,3258,0.755983,0.48699888888888887,0.65955991,100.49
2030,3259,0.766208,0.2390011111111111,0.64489665,105.36
2030,3260,0.802184,0.00696888888888889,0.630569192,109.64
2030,3261,0.810499,0.0,0.608624226,98.355
2030,3262,0.770803,0.0,0.571980427,88.414
2030,3263,0.726185,0.0,0.528536476,87.474
2030,3264,0.735245,0.0,0.505840616,79.497
2030,3265,0.721792,0.0,0.542076882,84.149
2030,3266,0.678975,0.0,0.537011042,88.28
2030,3267,0.649118,0.0,0.537093592,95.411
2030,3268,0.664506,0.0,0.544738488,98.082
2030,3269,0.680869,0.007438888888888889,0.57417597,110.54
2030,3270,0.647348,0.044714444444444446,0.57926774,124.6
2030,3271,0.601721,0.10640333333333335,0.63069182,96.051
2030,3272,0.598158,0.37814555555555557,0.661078687,87.315
2030,3273,0.610143,0.6775444444444444,0.669363608,85.716
2030,3274,0.597274,0.6494455555555555,0.684648765,80.315
2030,3275,0.568205,0.6061344444444444,0.686648065,71.562
2030,3276,0.539698,0.5758111111111112,0.691807024,46.281
2030,3277,0.508749,0.550137777777778,0.70882262,60.683
2030,3278,0.503694,0.5191044444444444,0.711689273,60.161
2030,3279,0.534254,0.4845544444444444,0.703356136,77.013
2030,3280,0.566283,0.42197999999999997,0.716256227,85.544
2030,3281,0.593547,0.3745311111111111,0.684677854,88.592
2030,3282,0.596118,0.2706088888888889,0.665075412,82.792
2030,3283,0.587225,0.11317777777777778,0.647487626,102.05
2030,3284,0.636258,0.004347777777777777,0.63154222,115.36
2030,3285,0.701207,0.0,0.605930179,102.93
2030,3286,0.731113,0.0,0.568660478,94.201
2030,3287,0.7436,0.0,0.525291175,85.243
2030,3288,0.717104,0.0,0.503324584,79.161
2030,3289,0.676847,0.0,0.53942885,76.71
2030,3290,0.62999,0.0,0.534519696,77.731
2030,3291,0.585727,0.0,0.534897983,76.62
2030,3292,0.54569,0.0,0.542399796,79.703
2030,3293,0.5178640000000001,0.042228888888888885,0.573349803,82.415
2030,3294,0.490897,0.13160555555555556,0.576513236,91.327
2030,3295,0.520366,0.18247777777777777,0.619539539,91.889
2030,3296,0.591645,0.2039133333333333,0.636638887,82.248
2030,3297,0.662833,0.24628111111111112,0.637844591,23.34
2030,3298,0.723157,0.28436,0.649002862,16.307
2030,3299,0.762617,0.3256633333333333,0.652692279,12.018
2030,3300,0.772726,0.33185666666666663,0.657469602,11.955
2030,3301,0.775937,0.35613,0.67175832,11.993
2030,3302,0.779412,0.40201,0.668800579,11.286
2030,3303,0.779136,0.4640888888888889,0.66370401,0.86847
2030,3304,0.780845,0.5417644444444445,0.685845678,21.556
2030,3305,0.785867,0.43666333333333335,0.666695991,80.287
2030,3306,0.762573,0.3208844444444444,0.64644061,85.991
2030,3307,0.733166,0.1717077777777778,0.628281923,90.541
2030,3308,0.777063,0.00720888888888889,0.60921717,124.2
2030,3309,0.72697,0.0,0.59086446,115.88
2030,3310,0.627628,0.0,0.558321265,87.221
2030,3311,0.466696,0.0,0.518418015,93.07
2030,3312,0.326169,0.0,0.496417164,87.002
2030,3313,0.219011,0.0,0.471164725,85.692
2030,3314,0.156156,0.0,0.464646236,85.541
2030,3315,0.100854,0.0,0.462242801,81.921
2030,3316,0.072229,0.0,0.46198809,85.62
2030,3317,0.045485,0.008276666666666667,0.472872746,85.834
2030,3318,0.028544,0.046837777777777784,0.48317111,89.379
2030,3319,0.021851,0.09263666666666667,0.496173581,43.555
2030,3320,0.02201,0.14497888888888888,0.509373809,11.626
2030,3321,0.028472,0.20835222222222222,0.521656178,0.1112
2030,3322,0.040659,0.32209,0.526455867,0.095898
2030,3323,0.05907,0.4342855555555556,0.517012826,0.096246
2030,3324,0.08372,0.5428711111111112,0.518403692,0.096905
2030,3325,0.117965,0.5965133333333333,0.510417087,0.10483
2030,3326,0.152428,0.6054755555555554,0.511597088,0.10364
2030,3327,0.171194,0.5999155555555554,0.51890486,0.73151
2030,3328,0.172014,0.5561388888888887,0.538043808,44.79
2030,3329,0.16461,0.4649544444444444,0.546513903,85.835
2030,3330,0.159173,0.3247522222222222,0.548415947,94.501
2030,3331,0.165256,0.13508555555555551,0.542716172,105.96
2030,3332,0.173269,0.005203333333333333,0.538563324,115.72
2030,3333,0.167638,0.0,0.536538604,110.41
2030,3334,0.16659,0.0,0.512935256,94.831
2030,3335,0.169464,0.0,0.48554052,88.188
2030,3336,0.157261,0.0,0.466761944,83.488
2030,3337,0.135784,0.0,0.445435171,80.791
2030,3338,0.124168,0.0,0.437551855,79.332
2030,3339,0.12960400000000002,0.0,0.432594015,80.774
2030,3340,0.137687,0.0,0.42500843,86.159
2030,3341,0.145095,0.05534666666666666,0.413817003,92.373
2030,3342,0.145385,0.12794777777777777,0.383742454,98.608
2030,3343,0.134088,0.2025911111111111,0.360762057,99.482
2030,3344,0.129463,0.39451,0.35860998,89.08
2030,3345,0.144948,0.6894511111111111,0.372647459,83.333
2030,3346,0.176834,0.802031111111111,0.382749005,73.355
2030,3347,0.223832,0.8485755555555554,0.388313074,53.914
2030,3348,0.269776,0.8521766666666666,0.390795866,26.173
2030,3349,0.299385,0.8596022222222222,0.385803333,13.077
2030,3350,0.322093,0.8658100000000001,0.386067744,30.331
2030,3351,0.346761,0.8484399999999999,0.399174956,60.025
2030,3352,0.341639,0.8066711111111111,0.43571338,81.337
2030,3353,0.286501,0.7237544444444444,0.463554871,89.601
2030,3354,0.234809,0.5784022222222223,0.483232888,98.6
2030,3355,0.21713,0.3166555555555556,0.486952415,102.11
2030,3356,0.231394,0.023034444444444444,0.497616066,109.89
2030,3357,0.261329,0.0,0.502835481,113.05
2030,3358,0.307917,0.0,0.481688297,103.76
2030,3359,0.348543,0.0,0.455293457,97.521
2030,3360,0.367964,0.0,0.441048931,93.293
2030,3361,0.355777,0.0,0.445064785,90.541
2030,3362,0.310615,0.0,0.441935854,89.126
2030,3363,0.2516,0.0,0.441692846,93.555
2030,3364,0.181041,0.0,0.44485708,102.32
2030,3365,0.118027,0.1717122222222222,0.46269492,117.11
2030,3366,0.07435,0.4773866666666666,0.483630837,123.21
2030,3367,0.053651,0.68702,0.500222965,100.38
2030,3368,0.063826,0.79274,0.503718697,92.005
2030,3369,0.101097,0.8536433333333334,0.507423426,90.734
2030,3370,0.145389,0.8843422222222221,0.50668108,82.498
2030,3371,0.179094,0.8918277777777778,0.498139626,69.097
2030,3372,0.192053,0.8872288888888888,0.505571232,41.867
2030,3373,0.183538,0.8908377777777778,0.507580473,44.518
2030,3374,0.159394,0.8900122222222221,0.509677097,54.578
2030,3375,0.128196,0.8690144444444445,0.521573664,72.72
2030,3376,0.099817,0.8212444444444444,0.545742773,90.411
2030,3377,0.077099,0.7379566666666666,0.547151071,96.268
2030,3378,0.063749,0.5914955555555556,0.551862537,101.75
2030,3379,0.065417,0.3286077777777778,0.548048848,114.68
2030,3380,0.074939,0.027304444444444444,0.551159663,138.94
2030,3381,0.09944,0.0,0.543761999,117.55
2030,3382,0.1572,0.0,0.515943682,105.17
2030,3383,0.274121,0.0,0.486367441,100.55
2030,3384,0.428683,0.0,0.466863966,95.601
2030,3385,0.498316,0.0,0.533359939,90.151
2030,3386,0.514798,0.0,0.528161682,86.687
2030,3387,0.576451,0.0,0.528439543,88.188
2030,3388,0.625159,0.0,0.536435344,92.479
2030,3389,0.646585,0.02008111111111111,0.571108683,107.66
2030,3390,0.669037,0.11437333333333333,0.580360674,115.21
2030,3391,0.681277,0.3630333333333334,0.622524536,109.92
2030,3392,0.718883,0.6089,0.64190447,98.406
2030,3393,0.848286,0.7522855555555554,0.643204644,65.998
2030,3394,0.880529,0.5897255555555556,0.650923756,41.716
2030,3395,0.86947,0.47177,0.649444123,21.109
2030,3396,0.877288,0.5235022222222222,0.653984885,74.884
2030,3397,0.9032,0.7579655555555554,0.672438853,29.201
2030,3398,0.933803,0.8971322222222221,0.683046272,17.125
2030,3399,0.953293,0.8784777777777778,0.683266746,86.036
2030,3400,0.962429,0.8082411111111112,0.704628011,49.005
2030,3401,0.947417,0.6862044444444444,0.682365707,66.967
2030,3402,0.913662,0.5346577777777779,0.663851242,87.666
2030,3403,0.873971,0.2944444444444444,0.645751079,97.104
2030,3404,0.837628,0.024664444444444444,0.629763759,104.18
2030,3405,0.740741,0.0,0.607769693,99.553
2030,3406,0.651903,0.0,0.569437171,92.851
2030,3407,0.586904,0.0,0.523446219,81.371
2030,3408,0.553215,0.0,0.501287423,78.717
2030,3409,0.510381,0.0,0.537605389,83.929
2030,3410,0.485013,0.0,0.531878213,92.322
2030,3411,0.485657,0.0,0.531681653,96.745
2030,3412,0.501985,0.0,0.539080687,101.42
2030,3413,0.493983,0.13142222222222222,0.573404718,122.65
2030,3414,0.469012,0.3065877777777777,0.582585504,137.62
2030,3415,0.538127,0.4518911111111111,0.626336541,125.61
2030,3416,0.685117,0.74672,0.64550316,95.413
2030,3417,0.825648,0.8232211111111112,0.646561886,85.199
2030,3418,0.893993,0.863218888888889,0.65331316,73.73
2030,3419,0.924474,0.8934144444444444,0.652507866,99.913
2030,3420,0.941009,0.8905355555555554,0.659262846,0.44688
2030,3421,0.94894,0.8906166666666665,0.676598301,48.966
2030,3422,0.955987,0.8815477777777778,0.682970644,11.553
2030,3423,0.957129,0.83487,0.681350441,27.427
2030,3424,0.952756,0.7768766666666665,0.703680933,73.133
2030,3425,0.94694,0.71591,0.680902562,95.683
2030,3426,0.948371,0.5715566666666666,0.663206205,102.07
2030,3427,0.952267,0.31787,0.645684058,114.52
2030,3428,0.95084,0.030247777777777776,0.62793154,148.11
2030,3429,0.940816,0.0,0.611332241,126.61
2030,3430,0.928015,0.0,0.571951433,111.41
2030,3431,0.905499,0.0,0.52651631,107.46
2030,3432,0.906432,0.0,0.502750994,103.99
2030,3433,0.906401,0.0,0.538004407,99.475
2030,3434,0.890178,0.0,0.5323921,101.01
2030,3435,0.873266,0.0,0.532160272,103.32
2030,3436,0.863333,0.0,0.53920874,107.04
2030,3437,0.847988,0.07214666666666665,0.57301754,110.59
2030,3438,0.849575,0.37419,0.582547382,99.538
2030,3439,0.856625,0.7196322222222221,0.624033894,98.494
2030,3440,0.858085,0.8123299999999999,0.639692211,93.951
2030,3441,0.857791,0.8746566666666666,0.641094203,66.703
2030,3442,0.852164,0.9157322222222221,0.650357331,15.133
2030,3443,0.842578,0.9264133333333334,0.649052557,17.828
2030,3444,0.835066,0.9200799999999999,0.657295093,19.451
2030,3445,0.810193,0.9228611111111111,0.672225476,77.382
2030,3446,0.757871,0.9247422222222222,0.680173189,31.18
2030,3447,0.695189,0.90328,0.67975145,60.205
2030,3448,0.643774,0.85506,0.702451126,92.88
2030,3449,0.607597,0.7551966666666667,0.684364846,101.72
2030,3450,0.547703,0.581551111111111,0.669417206,107.19
2030,3451,0.493771,0.2697944444444444,0.653862344,117.19
2030,3452,0.451738,0.023866666666666668,0.636146018,138.91
2030,3453,0.389387,0.0,0.618311959,129.96
2030,3454,0.33163,0.0,0.579703829,113.65
2030,3455,0.274057,0.0,0.534797918,104.06
2030,3456,0.229973,0.0,0.511075722,100.93
2030,3457,0.174599,0.0,0.544385384,99.729
2030,3458,0.107701,0.0,0.537360492,99.405
2030,3459,0.066568,0.0,0.536126715,98.493
2030,3460,0.044318,0.0,0.542224105,98.335
2030,3461,0.039058,0.1884977777777778,0.574889367,98.428
2030,3462,0.05304,0.5001311111111111,0.579485638,94.612
2030,3463,0.076981,0.7069744444444445,0.625714837,90.408
2030,3464,0.121042,0.8037944444444444,0.648675693,31.355
2030,3465,0.210666,0.8570766666666667,0.658975188,16.353
2030,3466,0.314367,0.8534666666666667,0.676402383,0.10554
2030,3467,0.38381,0.747737777777778,0.669789267,0.10001
2030,3468,0.40713,0.7799822222222222,0.677182984,0.10686
2030,3469,0.371377,0.8647244444444443,0.697450839,0.10346
2030,3470,0.309765,0.8903466666666667,0.691885853,0.10162
2030,3471,0.272121,0.8673222222222222,0.686490419,47.298
2030,3472,0.246037,0.7127677777777778,0.701750665,57.528
2030,3473,0.205864,0.3143788888888889,0.683504611,90.659
2030,3474,0.21919,0.1298311111111111,0.655220701,100.29
2030,3475,0.362254,0.08361,0.634939811,110.09
2030,3476,0.589923,0.024804444444444445,0.616174611,127.35
2030,3477,0.757902,0.0,0.595357089,119.53
2030,3478,0.822737,0.0,0.564333893,98.257
2030,3479,0.836404,0.0,0.52358843,94.271
2030,3480,0.816538,0.0,0.500725937,89.204
2030,3481,0.780879,0.0,0.474000426,86.089
2030,3482,0.739244,0.0,0.466262043,86.088
2030,3483,0.721823,0.0,0.462428372,83.953
2030,3484,0.709017,0.0,0.460872735,77.772
2030,3485,0.718191,0.047363333333333334,0.472460126,86.612
2030,3486,0.694868,0.12399666666666666,0.487080601,83.404
2030,3487,0.694194,0.1763488888888889,0.498507235,86.11
2030,3488,0.829373,0.25104222222222217,0.52604635,29.504
2030,3489,0.92181,0.35970222222222226,0.537986714,12.031
2030,3490,0.954804,0.7478155555555555,0.549635214,0.79473
2030,3491,0.965162,0.8628511111111111,0.536439368,0.62994
2030,3492,0.974368,0.8526355555555555,0.540105194,0.17439
2030,3493,0.98067,0.8313844444444444,0.537135391,0.24462
2030,3494,0.987041,0.7694999999999999,0.532355468,0.10388
2030,3495,0.988944,0.7063311111111111,0.526673682,0.20563
2030,3496,0.989113,0.5968888888888888,0.545101552,15.018
2030,3497,0.988953,0.4031088888888889,0.549440625,29.538
2030,3498,0.986186,0.18829222222222222,0.553018856,83.402
2030,3499,0.975998,0.09933666666666667,0.54531397,86.114
2030,3500,0.951343,0.01091,0.54289549,94.734
2030,3501,0.910133,0.0,0.540352314,90.291
2030,3502,0.861499,0.0,0.517280544,82.676
2030,3503,0.822035,0.0,0.489507528,83.756
2030,3504,0.811354,0.0,0.470255372,83.596
2030,3505,0.813461,0.0,0.457235604,88.09
2030,3506,0.806671,0.0,0.45079806,89.876
2030,3507,0.782664,0.0,0.447749328,97.767
2030,3508,0.748727,0.0,0.445246107,101.89
2030,3509,0.724389,0.020636666666666668,0.450545596,113.26
2030,3510,0.757893,0.0974922222222222,0.452462221,103.88
2030,3511,0.796457,0.22102444444444444,0.460459076,73.807
2030,3512,0.798349,0.3209933333333333,0.473466092,0.97276
2030,3513,0.800439,0.5241944444444444,0.484306053,0.10634
2030,3514,0.78376,0.7068366666666668,0.491045703,0.10323
2030,3515,0.749666,0.8226344444444444,0.493827706,0.09745
2030,3516,0.709025,0.8442566666666667,0.501112733,0.10257
2030,3517,0.665448,0.8531122222222222,0.500974937,0.10395
2030,3518,0.625157,0.8499055555555555,0.509694387,0.10509
2030,3519,0.564525,0.8276855555555555,0.527271221,0.097608
2030,3520,0.478307,0.7740466666666668,0.543937769,0.14709
2030,3521,0.377855,0.6925088888888888,0.551259278,13.614
2030,3522,0.286027,0.5308011111111111,0.554637328,74.412
2030,3523,0.221665,0.2297811111111111,0.550507691,93.872
2030,3524,0.208133,0.018867777777777775,0.55103987,119.96
2030,3525,0.26304,0.0,0.550201319,119.66
2030,3526,0.363671,0.0,0.522996318,107.67
2030,3527,0.449555,0.0,0.490603426,100.74
2030,3528,0.508755,0.0,0.471771705,96.337
2030,3529,0.536848,0.0,0.520757176,93.005
2030,3530,0.567059,0.0,0.517774065,93.7
2030,3531,0.607584,0.0,0.519661195,97.815
2030,3532,0.639957,0.0,0.528793361,105.47
2030,3533,0.660351,0.060831111111111114,0.564945738,95.783
2030,3534,0.689186,0.12644666666666668,0.575344629,87.86
2030,3535,0.755346,0.15170111111111115,0.618273846,61.53
2030,3536,0.841782,0.2779844444444444,0.642072229,0.90547
2030,3537,0.905286,0.4246366666666666,0.641475244,0.11007
2030,3538,0.930918,0.5273277777777777,0.653556511,0.10825
2030,3539,0.940667,0.526208888888889,0.659788393,0.10326
2030,3540,0.943629,0.42860777777777775,0.668502653,0.10844
2030,3541,0.946649,0.2987388888888889,0.682074413,0.095301
2030,3542,0.956154,0.30791777777777773,0.681911338,0.10065
2030,3543,0.964003,0.28347666666666665,0.679518,0.1102
2030,3544,0.967847,0.13120444444444443,0.702667435,49.395
2030,3545,0.969424,0.07709555555555556,0.681730366,92.984
2030,3546,0.967906,0.06272111111111112,0.664987473,113.3
2030,3547,0.957935,0.009441111111111112,0.649531028,122.49
2030,3548,0.941287,0.0,0.630424002,133.32
2030,3549,0.918121,0.0,0.614585285,121.01
2030,3550,0.882787,0.0,0.574477937,107.68
2030,3551,0.847148,0.0,0.530683973,96.458
2030,3552,0.79708,0.0,0.507288345,95.192
2030,3553,0.770981,0.0,0.542723423,93.816
2030,3554,0.750779,0.0,0.537648716,95.284
2030,3555,0.72946,0.0,0.536995013,97.946
2030,3556,0.752312,0.0,0.542520207,106.73
2030,3557,0.804565,0.09343777777777776,0.575398914,118.81
2030,3558,0.820801,0.2726733333333334,0.583566832,125.95
2030,3559,0.859851,0.4446533333333333,0.626614307,109.5
2030,3560,0.88971,0.4176833333333333,0.653555303,101.81
2030,3561,0.924483,0.57888,0.659650517,97.273
2030,3562,0.943469,0.7484477777777777,0.669355407,93.047
2030,3563,0.950917,0.7888144444444445,0.66917323,83.58
2030,3564,0.955838,0.7142244444444444,0.683092435,73.681
2030,3565,0.962808,0.6855833333333332,0.710023427,82.191
2030,3566,0.973709,0.6845144444444444,0.712907909,83.947
2030,3567,0.983409,0.5229266666666667,0.700767952,81.355
2030,3568,0.98487,0.431691111111111,0.710419624,85.885
2030,3569,0.981234,0.4795922222222222,0.686783279,89.587
2030,3570,0.971951,0.4985588888888889,0.671963185,92.892
2030,3571,0.946341,0.3233355555555556,0.654719734,110.43
2030,3572,0.904116,0.05209888888888889,0.639563841,119.23
2030,3573,0.849406,0.0,0.616764402,114.41
2030,3574,0.765025,0.0,0.580359555,95.378
2030,3575,0.678565,0.0,0.535403187,93.189
2030,3576,0.56997,0.0,0.51169602,91.297
2030,3577,0.440547,0.0,0.546739274,86.991
2030,3578,0.327752,0.0,0.540049879,88.861
2030,3579,0.27438,0.0,0.539052975,88.581
2030,3580,0.280933,8.777777777777777e-05,0.54501566,94.892
2030,3581,0.319019,0.1961077777777778,0.576391276,97.115
2030,3582,0.327539,0.45595222222222226,0.585522417,100.28
2030,3583,0.3532,0.66876,0.629425029,101.7
2030,3584,0.392476,0.7767655555555556,0.654837588,98.335
2030,3585,0.433052,0.8273733333333333,0.655893972,91.53
2030,3586,0.440843,0.8574888888888889,0.667137561,80.68
2030,3587,0.419247,0.8661533333333332,0.667555552,67.652
2030,3588,0.377422,0.8581544444444446,0.676217547,19.617
2030,3589,0.340424,0.7997377777777778,0.688168804,17.569
2030,3590,0.28857,0.652738888888889,0.68807998,26.579
2030,3591,0.239757,0.5981433333333334,0.684987273,23.692
2030,3592,0.186527,0.43465333333333334,0.703101309,63.315
2030,3593,0.156733,0.24530888888888885,0.677309246,94.392
2030,3594,0.169963,0.12244,0.657395407,102.4
2030,3595,0.217811,0.05677777777777778,0.640965623,116.2
2030,3596,0.280312,0.006461111111111111,0.623171536,122.15
2030,3597,0.301777,0.0,0.610693522,107.15
2030,3598,0.239223,0.0,0.574292005,91.04
2030,3599,0.178684,0.0,0.530562049,86.382
2030,3600,0.148138,0.0,0.507268754,71.007
2030,3601,0.137923,0.0,0.543123046,66.281
2030,3602,0.164601,0.0,0.53806829,61.664
2030,3603,0.244656,0.0,0.537981811,69.3
2030,3604,0.37663,0.0,0.54393281,75.516
2030,3605,0.511454,0.007787777777777778,0.575123051,99.464
2030,3606,0.61707,0.028004444444444443,0.584177631,113.59
2030,3607,0.630095,0.08345777777777776,0.624613506,111.65
2030,3608,0.571788,0.21490222222222224,0.64765972,57.01
2030,3609,0.516592,0.40101,0.656606862,0.99108
2030,3610,0.482211,0.7175333333333332,0.663537255,0.11499
2030,3611,0.468471,0.7790922222222221,0.66006454,0.10338
2030,3612,0.484917,0.8211766666666667,0.662051792,0.1029
2030,3613,0.51862,0.79628,0.677547549,0.11011
2030,3614,0.549145,0.7886788888888888,0.679026303,0.10957
2030,3615,0.569625,0.7714555555555555,0.679468139,0.11731
2030,3616,0.556688,0.7265711111111112,0.698799728,94.186
2030,3617,0.490049,0.648,0.680021244,80.06
2030,3618,0.40415,0.544151111111111,0.665096074,93.753
2030,3619,0.34173,0.3527522222222222,0.647238813,110.81
2030,3620,0.331046,0.07673222222222223,0.631216198,118.93
2030,3621,0.311117,0.0,0.609177914,113.76
2030,3622,0.285143,0.0,0.573954694,100.93
2030,3623,0.252822,0.0,0.531212048,95.31
2030,3624,0.21005,0.0,0.508833003,89.429
2030,3625,0.150015,0.0,0.548415918,90.419
2030,3626,0.105703,0.0,0.542806551,92
2030,3627,0.104986,0.0,0.542671202,93.219
2030,3628,0.110971,0.004172222222222221,0.54691151,94.435
2030,3629,0.125149,0.31691444444444444,0.5814306,97.369
2030,3630,0.135611,0.6021722222222222,0.5895271,98.717
2030,3631,0.115447,0.7540322222222222,0.632689693,98.212
2030,3632,0.113946,0.8386,0.668268907,94.812
2030,3633,0.100745,0.8849377777777777,0.670433819,89.767
2030,3634,0.080741,0.9089344444444445,0.682637883,77.895
2030,3635,0.079084,0.9122655555555554,0.677348712,39.732
2030,3636,0.08576,0.9065155555555556,0.6892088,12.013
2030,3637,0.085282,0.91097,0.702783864,21.724
2030,3638,0.078369,0.9137911111111111,0.699525272,73.182
2030,3639,0.055088,0.8993244444444445,0.692680822,12.067
2030,3640,0.041081,0.8611633333333333,0.705680718,21.221
2030,3641,0.040171,0.7969133333333333,0.684043804,35.162
2030,3642,0.039559,0.6863377777777777,0.661646035,57.773
2030,3643,0.039315,0.4762988888888889,0.644673766,91.591
2030,3644,0.036398,0.13272555555555557,0.617208074,108.62
2030,3645,0.030649,0.0,0.601201129,108.77
2030,3646,0.025335,0.0,0.575909533,106.11
2030,3647,0.021405,0.0,0.535511199,95.24
2030,3648,0.020117,0.0,0.512091246,78.864
2030,3649,0.021972,0.0,0.485475867,75.214
2030,3650,0.024722,0.0,0.476613655,67.107
2030,3651,0.028012,0.0,0.472247151,63.175
2030,3652,0.028207,0.0024311111111111113,0.467838875,62.395
2030,3653,0.02544,0.2142877777777778,0.483281615,42.947
2030,3654,0.018276,0.5455944444444444,0.496804108,24.396
2030,3655,0.014789,0.7104366666666667,0.512250741,12.005
2030,3656,0.02083,0.7992388888888889,0.530208542,0.10743
2030,3657,0.030828,0.8521611111111111,0.542424891,0.10611
2030,3658,0.042614,0.8779955555555555,0.544469456,0.09277
2030,3659,0.06453,0.8849388888888888,0.534177321,0.088587
2030,3660,0.113738,0.8794322222222222,0.538098703,0.092657
2030,3661,0.192044,0.8795799999999999,0.532019512,0.099521
2030,3662,0.283778,0.877271111111111,0.535911725,0.096625
2030,3663,0.370008,0.8569833333333332,0.546957933,0.11064
2030,3664,0.453545,0.8195622222222222,0.565820818,0.10797
2030,3665,0.541225,0.7482633333333334,0.569889547,11.989
2030,3666,0.606325,0.6294144444444444,0.577479698,26.811
2030,3667,0.657944,0.4233277777777778,0.572697092,77.687
2030,3668,0.714357,0.11350333333333333,0.566219052,87.976
2030,3669,0.735584,0.0,0.561837431,88.529
2030,3670,0.729866,0.0,0.543463362,90.723
2030,3671,0.70686,0.0,0.513567509,93.382
2030,3672,0.671369,0.0,0.491681142,85.072
2030,3673,0.638817,0.0,0.480313343,85.727
2030,3674,0.61961,0.0,0.471262774,87.26
2030,3675,0.616429,0.0,0.466014748,89.763
2030,3676,0.612181,0.004957777777777777,0.459989865,97.248
2030,3677,0.591953,0.2822977777777778,0.468675046,115.14
2030,3678,0.572789,0.5584444444444445,0.471857186,108.18
2030,3679,0.609876,0.7153677777777778,0.473052368,120.97
2030,3680,0.63297,0.7983744444444444,0.485611064,83.367
2030,3681,0.667705,0.8456422222222221,0.500264308,27.551
2030,3682,0.701773,0.8681477777777777,0.511500129,11.995
2030,3683,0.73852,0.8722766666666666,0.514720708,0.19375
2030,3684,0.78151,0.8663577777777778,0.516082254,0.11207
2030,3685,0.823029,0.8657177777777777,0.506220852,0.10583
2030,3686,0.858834,0.8621966666666666,0.509451069,0.10636
2030,3687,0.88499,0.841181111111111,0.517658598,0.11238
2030,3688,0.898844,0.7947388888888889,0.5399192,1.2
2030,3689,0.898206,0.7175388888888888,0.547614908,12.533
2030,3690,0.88702,0.5902588888888887,0.560255065,93.204
2030,3691,0.867275,0.36119111111111113,0.559689413,101.36
2030,3692,0.84906,0.08902333333333333,0.55484598,118.36
2030,3693,0.828467,0.0,0.55416468,112.94
2030,3694,0.809426,0.0,0.533527248,104.42
2030,3695,0.787665,0.0,0.503228175,96.629
2030,3696,0.763252,0.0,0.484605391,94.246
2030,3697,0.742575,0.0,0.52495357,92.97
2030,3698,0.733167,0.0,0.521289553,95.105
2030,3699,0.731127,0.0,0.522429556,98.966
2030,3700,0.724542,0.00032555555555555555,0.528455167,108.19
2030,3701,0.715961,0.08577888888888889,0.567127055,117.97
2030,3702,0.704699,0.2764311111111111,0.58216969,95.305
2030,3703,0.714369,0.5028455555555555,0.628175383,90.995
2030,3704,0.754622,0.6392733333333332,0.663181468,45.647
2030,3705,0.809766,0.7067622222222222,0.660857772,0.10522
2030,3706,0.853636,0.7412844444444444,0.67659733,0.1137
2030,3707,0.870487,0.7749666666666667,0.672712628,0.097589
2030,3708,0.874904,0.7906233333333333,0.676280328,0.097202
2030,3709,0.881861,0.7964622222222221,0.684905946,0.11294
2030,3710,0.897972,0.7862244444444444,0.682844978,0.096222
2030,3711,0.914161,0.7348033333333333,0.681605797,0.10319
2030,3712,0.924002,0.6316577777777778,0.699099918,42.218
2030,3713,0.927496,0.48014,0.679695055,36.268
2030,3714,0.926489,0.2718222222222222,0.661098112,92.512
2030,3715,0.920009,0.10775666666666665,0.643329351,93.377
2030,3716,0.911232,0.018776666666666667,0.622248973,112.51
2030,3717,0.897836,0.0,0.604383137,114.6
2030,3718,0.880926,0.0,0.571971521,105.54
2030,3719,0.870049,0.0,0.528822293,100.28
2030,3720,0.863621,0.0,0.506598015,96.971
2030,3721,0.862368,0.0,0.54238885,98.95
2030,3722,0.863586,0.0,0.536279167,99.959
2030,3723,0.872744,0.0,0.535468337,106.12
2030,3724,0.86153,0.0007377777777777777,0.539908547,112.93
2030,3725,0.853585,0.10109888888888889,0.576482181,107.9
2030,3726,0.855965,0.2496177777777778,0.591063765,91.453
2030,3727,0.841075,0.2977744444444444,0.63365551,87.254
2030,3728,0.813021,0.2768466666666667,0.663897459,40.648
2030,3729,0.789225,0.2220933333333333,0.666203009,56.389
2030,3730,0.773813,0.25218444444444443,0.674855261,0.11173
2030,3731,0.778799,0.33575444444444436,0.671932729,0.11555
2030,3732,0.780895,0.4087044444444444,0.680000149,0.099338
2030,3733,0.776312,0.4567688888888889,0.695220064,0.098783
2030,3734,0.758202,0.4424155555555555,0.695960332,0.11317
2030,3735,0.733295,0.3893177777777778,0.684480002,0.1039
2030,3736,0.719379,0.2720888888888889,0.708129427,28.15
2030,3737,0.702047,0.17497333333333334,0.682017186,84.474
2030,3738,0.679019,0.1073888888888889,0.665230052,96.357
2030,3739,0.633584,0.05455666666666666,0.645409972,108.38
2030,3740,0.578547,0.00738111111111111,0.623318588,136.59
2030,3741,0.515226,0.0,0.606993526,121.11
2030,3742,0.434914,0.0,0.575462092,100.4
2030,3743,0.350593,0.0,0.530559177,96.961
2030,3744,0.266898,0.0,0.507693199,94.909
2030,3745,0.218835,0.0,0.544133817,93.508
2030,3746,0.189064,0.0,0.537770202,93.485
2030,3747,0.171401,0.0,0.537044723,96.35
2030,3748,0.16173,0.0,0.54101272,91.86
2030,3749,0.162918,0.022681111111111107,0.578742599,90.573
2030,3750,0.189227,0.08811555555555557,0.590281781,82.203
2030,3751,0.233342,0.18465666666666666,0.634702449,60.155
2030,3752,0.26167700000000005,0.2535588888888889,0.656966015,18.557
2030,3753,0.260839,0.3259622222222222,0.659152712,0.11033
2030,3754,0.231923,0.3924755555555556,0.665517115,0.098424
2030,3755,0.217124,0.4278255555555555,0.662914325,0.096894
2030,3756,0.245987,0.39111,0.676417696,0.10433
2030,3757,0.290146,0.30243333333333333,0.6937527,0.093123
2030,3758,0.340653,0.2285988888888889,0.697263643,0.10864
2030,3759,0.371354,0.2289322222222222,0.695993713,0.10379
2030,3760,0.450339,0.2272777777777778,0.716926623,0.97434
2030,3761,0.530322,0.21304555555555554,0.690421361,66.954
2030,3762,0.547873,0.1710311111111111,0.669732901,88.541
2030,3763,0.496961,0.09739444444444445,0.65260331,94.315
2030,3764,0.417489,0.020635555555555556,0.63147204,109.37
2030,3765,0.327727,0.0,0.613082715,113.19
2030,3766,0.23627,0.0,0.581349202,104.2
2030,3767,0.156162,0.0,0.535929669,104.16
2030,3768,0.10263,0.0,0.511774588,102.28
2030,3769,0.072056,0.0,0.547166804,101.51
2030,3770,0.052244,0.0,0.540581543,102.58
2030,3771,0.041367,0.0,0.539327914,106.83
2030,3772,0.034246,0.002588888888888889,0.542909109,108.45
2030,3773,0.026004,0.18859555555555552,0.579418333,109.75
2030,3774,0.017168,0.4746811111111111,0.592547818,90.885
2030,3775,0.017228,0.6647900000000001,0.63478579,86.805
2030,3776,0.034109,0.7582933333333334,0.657327447,13.919
2030,3777,0.063955,0.8001888888888888,0.663618973,0.1045
2030,3778,0.088424,0.8293055555555555,0.672497789,0.10533
2030,3779,0.100403,0.8462433333333333,0.666829344,0.099745
2030,3780,0.102325,0.8555333333333333,0.673156812,0.093311
2030,3781,0.088911,0.8459011111111112,0.685190841,0.10399
2030,3782,0.064669,0.8154266666666666,0.687129834,0.11
2030,3783,0.04598,0.6978733333333333,0.68801578,0.39536
2030,3784,0.037875,0.4549188888888889,0.705347324,30.138
2030,3785,0.030668,0.22598111111111113,0.684194094,82.781
2030,3786,0.025888,0.07936333333333334,0.669551887,95.005
2030,3787,0.026683,0.015423333333333334,0.65368613,96.804
2030,3788,0.038249,0.00015444444444444446,0.627402133,137.93
2030,3789,0.059657,0.0,0.611041664,134.71
2030,3790,0.101574,0.0,0.581326443,110.54
2030,3791,0.170892,0.0,0.537252249,103.4
2030,3792,0.249232,0.0,0.513474091,98.154
2030,3793,0.331659,0.0,0.548462507,96.977
2030,3794,0.402416,0.0,0.542207561,96.768
2030,3795,0.454603,0.0,0.541302767,94.892
2030,3796,0.462559,0.0006766666666666667,0.544833373,95.118
2030,3797,0.460707,0.1620988888888889,0.579072763,94.811
2030,3798,0.480262,0.4125877777777777,0.58781603,90.772
2030,3799,0.508827,0.4419,0.630704975,90.063
2030,3800,0.506035,0.4463044444444444,0.65597516,24.097
2030,3801,0.480604,0.5695244444444444,0.659059959,23.683
2030,3802,0.456466,0.7185255555555555,0.664492203,0.107
2030,3803,0.453063,0.8042044444444445,0.658872586,0.10629
2030,3804,0.484322,0.8363577777777778,0.663420891,0.10442
2030,3805,0.530997,0.8546566666666666,0.675481616,0.10572
2030,3806,0.578849,0.84765,0.678521981,0.10175
2030,3807,0.621653,0.8310955555555555,0.676808249,0.10093
2030,3808,0.680002,0.794762222222222,0.698892196,14.741
2030,3809,0.749167,0.70338,0.681363719,89.139
2030,3810,0.7942,0.55599,0.665196773,96.068
2030,3811,0.807718,0.3584877777777778,0.647335127,100.34
2030,3812,0.825091,0.1252211111111111,0.619403176,125.21
2030,3813,0.840765,0.0,0.602518333,130.18
2030,3814,0.845772,0.0,0.577261977,111.66
2030,3815,0.83181,0.0,0.535397535,96.748
2030,3816,0.804345,0.0,0.510331466,96.789
2030,3817,0.764612,0.0,0.482538709,94.831
2030,3818,0.732744,0.0,0.473271104,88.296
2030,3819,0.709477,0.0,0.4685548,90.054
2030,3820,0.676647,0.008173333333333335,0.463237458,91.537
2030,3821,0.612521,0.2088811111111111,0.474340852,94.012
2030,3822,0.549551,0.4673133333333333,0.488209762,87.589
2030,3823,0.527762,0.6423088888888888,0.506901246,92.537
2030,3824,0.525708,0.7514977777777778,0.527322995,81.325
2030,3825,0.530435,0.8126977777777777,0.538779994,43.972
2030,3826,0.530413,0.8376022222222221,0.539769484,22.217
2030,3827,0.534827,0.8584877777777777,0.530047554,12.009
2030,3828,0.541365,0.8629855555555555,0.528635041,0.11644
2030,3829,0.534888,0.8367188888888888,0.52391357,0.11176
2030,3830,0.503162,0.8394355555555555,0.527775078,0.11311
2030,3831,0.442503,0.8085955555555555,0.539336136,0.62323
2030,3832,0.376643,0.77385,0.556765119,12.003
2030,3833,0.316893,0.6464844444444444,0.56232763,81.993
2030,3834,0.264022,0.5184188888888889,0.570369697,91.078
2030,3835,0.225103,0.36600555555555553,0.566251649,94.977
2030,3836,0.209937,0.11721000000000001,0.554907997,108.99
2030,3837,0.196935,0.0,0.550253143,109.35
2030,3838,0.191993,0.0,0.53415583,99.485
2030,3839,0.196918,0.0,0.503845178,97.626
2030,3840,0.217164,0.0,0.48230323,90.509
2030,3841,0.25612900000000005,0.0,0.46911178,87.849
2030,3842,0.305044,0.0,0.461396822,89.501
2030,3843,0.359252,0.0,0.457394374,91.265
2030,3844,0.371381,0.002272222222222222,0.450576094,100.79
2030,3845,0.344956,0.06402,0.454973173,96.88
2030,3846,0.296983,0.15646555555555552,0.459316479,118.19
2030,3847,0.25637099999999996,0.26111666666666666,0.466478842,116.24
2030,3848,0.233545,0.372,0.475678884,94.544
2030,3849,0.210276,0.4857111111111111,0.484157728,92.083
2030,3850,0.176365,0.5649988888888888,0.488623012,85.167
2030,3851,0.132404,0.5950288888888887,0.487576561,37.07
2030,3852,0.098138,0.5501588888888889,0.497052395,16.072
2030,3853,0.076097,0.39796,0.497751376,0.10423
2030,3854,0.065601,0.2812422222222222,0.500208227,0.1125
2030,3855,0.061748,0.18149666666666667,0.508565916,31.527
2030,3856,0.055289,0.12903777777777775,0.526092794,70.737
2030,3857,0.041639,0.08609444444444445,0.540571085,88.076
2030,3858,0.038583,0.04390555555555556,0.552008852,97.603
2030,3859,0.052265,0.01506222222222222,0.549749041,115.53
2030,3860,0.083104,0.00035222222222222225,0.541665032,130.39
2030,3861,0.124284,0.0,0.541490638,120.75
2030,3862,0.179408,0.0,0.521864052,109.97
2030,3863,0.256163,0.0,0.490709875,102.99
2030,3864,0.330254,0.0,0.471657141,101.96
2030,3865,0.376622,0.0,0.522340161,100.74
2030,3866,0.416544,0.0,0.519753409,102.04
2030,3867,0.449053,0.0,0.521456216,103.99
2030,3868,0.453063,0.005854444444444444,0.527062356,98.199
2030,3869,0.434772,0.18133222222222223,0.564465176,98.059
2030,3870,0.429921,0.37291555555555556,0.576178621,95.513
2030,3871,0.455016,0.4695377777777777,0.620275733,90.629
2030,3872,0.467496,0.48012222222222223,0.644005135,52.602
2030,3873,0.455039,0.48690333333333335,0.646210135,0.93717
2030,3874,0.428665,0.4934955555555556,0.658066946,0.11097
2030,3875,0.393685,0.3477077777777777,0.652429837,0.11134
2030,3876,0.34445,0.40038555555555555,0.663766143,0.095813
2030,3877,0.301786,0.6133077777777777,0.675821288,98.236
2030,3878,0.28387,0.6724677777777778,0.676041018,0.18783
2030,3879,0.275958,0.72467,0.672320582,13.3
2030,3880,0.253961,0.728581111111111,0.693254486,88.451
2030,3881,0.22334,0.6668788888888888,0.672745004,98.057
2030,3882,0.198875,0.5401933333333333,0.655299169,99.164
2030,3883,0.183917,0.3253044444444444,0.638759448,105.61
2030,3884,0.200842,0.08831888888888888,0.612482177,138.19
2030,3885,0.231318,0.0,0.598644565,129.69
2030,3886,0.274431,0.0,0.568565593,104.08
2030,3887,0.323069,0.0,0.525602447,102.26
2030,3888,0.37412,0.0,0.503943348,98.286
2030,3889,0.395279,0.0,0.540334618,95.417
2030,3890,0.385876,0.0,0.53554512,95.204
2030,3891,0.350696,0.0,0.535410778,95.787
2030,3892,0.319011,0.0034355555555555554,0.539226878,100.62
2030,3893,0.304213,0.14270000000000002,0.574794734,101.23
2030,3894,0.275218,0.37972888888888884,0.58568831,98.005
2030,3895,0.280366,0.5650911111111112,0.627590862,99.172
2030,3896,0.307902,0.6563988888888889,0.651645745,91.628
2030,3897,0.328423,0.6394777777777778,0.654368087,83.287
2030,3898,0.327031,0.7701266666666666,0.666851718,81.871
2030,3899,0.30267,0.88168,0.669314943,79.951
2030,3900,0.27704,0.8709988888888888,0.681110524,67.191
2030,3901,0.259515,0.8344666666666666,0.695578766,29.718
2030,3902,0.222371,0.8065233333333333,0.687103872,0.69845
2030,3903,0.178175,0.7089588888888888,0.684256316,11.593
2030,3904,0.164952,0.5109577777777777,0.701544604,74.74
2030,3905,0.202958,0.24340444444444445,0.67774919,94.91
2030,3906,0.296948,0.09655444444444443,0.657653349,104.12
2030,3907,0.462559,0.03676777777777778,0.638261584,122.33
2030,3908,0.640841,0.004072222222222222,0.613650037,142.74
2030,3909,0.750484,0.0,0.599653951,129.81
2030,3910,0.809662,0.0,0.5698289,109.94
2030,3911,0.83582,0.0,0.525300916,104.77
2030,3912,0.828464,0.0,0.5032386,99.061
2030,3913,0.840592,0.0,0.540247375,96.776
2030,3914,0.838202,0.0,0.534841464,94.915
2030,3915,0.876048,0.0,0.534570421,95.608
2030,3916,0.870753,0.0,0.538103967,97.998
2030,3917,0.846175,0.03352666666666666,0.572966823,112.05
2030,3918,0.852438,0.07460222222222221,0.583276565,121.06
2030,3919,0.855665,0.12756222222222222,0.626804413,109.77
2030,3920,0.852161,0.21889111111111115,0.645684902,91.488
2030,3921,0.861166,0.32391666666666663,0.647673611,30.856
2030,3922,0.859905,0.4196311111111111,0.661398717,77.476
2030,3923,0.850903,0.4866233333333333,0.656183104,15.454
2030,3924,0.84624,0.5922344444444444,0.664438608,18.094
2030,3925,0.841258,0.639151111111111,0.680249285,37.262
2030,3926,0.841029,0.6334044444444444,0.681607559,57.317
2030,3927,0.829918,0.6119633333333334,0.676747609,72.251
2030,3928,0.829885,0.5315322222222223,0.69802058,89.269
2030,3929,0.838615,0.4747188888888889,0.675736209,96.56
2030,3930,0.817636,0.39525,0.656078186,112.56
2030,3931,0.777845,0.2188488888888889,0.639003613,127.3
2030,3932,0.722866,0.03959666666666666,0.614212542,139.01
2030,3933,0.600262,0.0,0.600808687,123.74
2030,3934,0.450068,0.0,0.571906534,104.23
2030,3935,0.327712,0.0,0.527350923,95.99
2030,3936,0.250874,0.0,0.504713759,90.392
2030,3937,0.194377,0.0,0.541351142,84.033
2030,3938,0.163468,0.0,0.535941788,79.619
2030,3939,0.137992,0.0,0.535656303,80.219
2030,3940,0.117075,0.008346666666666665,0.53894298,89.366
2030,3941,0.110643,0.2138788888888889,0.573682571,102.09
2030,3942,0.100151,0.3864611111111111,0.583759469,103.12
2030,3943,0.08098,0.45063111111111104,0.627114593,114.65
2030,3944,0.070505,0.5744911111111112,0.646144126,84.232
2030,3945,0.069973,0.71116,0.647666811,10.175
2030,3946,0.079152,0.8033633333333333,0.659370793,0.11341
2030,3947,0.09039,0.8504988888888887,0.65981959,0.10624
2030,3948,0.084099,0.8615944444444443,0.663362956,0.10942
2030,3949,0.078032,0.8756644444444445,0.675613086,0.10046
2030,3950,0.07987,0.8719077777777778,0.676505036,0.09991
2030,3951,0.075159,0.8314633333333333,0.673357207,59.589
2030,3952,0.065816,0.7682499999999999,0.697648536,64.006
2030,3953,0.056331,0.7197866666666666,0.678412092,93.659
2030,3954,0.0528,0.6020533333333332,0.659407091,99.12
2030,3955,0.073994,0.38437,0.643520431,101.93
2030,3956,0.129781,0.10472555555555557,0.617678596,136.18
2030,3957,0.212134,0.0,0.60132862,141.9
2030,3958,0.276726,0.0,0.572118638,117.34
2030,3959,0.299385,0.0,0.528436301,105.38
2030,3960,0.317547,0.0,0.505952631,104.04
2030,3961,0.318996,0.0,0.541730931,102.65
2030,3962,0.286021,0.0,0.535777712,100.69
2030,3963,0.26154000000000005,0.0,0.535310941,99.748
2030,3964,0.24164,0.0,0.538650937,98.416
2030,3965,0.205912,0.018983333333333335,0.572850107,96.998
2030,3966,0.15907,0.06496666666666667,0.581444204,95.682
2030,3967,0.12917599999999999,0.12121777777777777,0.625788981,99.197
2030,3968,0.123606,0.15657000000000004,0.64147027,94.978
2030,3969,0.12948500000000002,0.18476444444444445,0.64793173,85.196
2030,3970,0.150415,0.2363977777777778,0.653955825,0.10817
2030,3971,0.191551,0.3032411111111111,0.653516686,0.095345
2030,3972,0.239022,0.3168833333333333,0.662453443,0.11105
2030,3973,0.288405,0.3107122222222223,0.67546787,0.096329
2030,3974,0.362005,0.31623,0.670002801,0.11097
2030,3975,0.44078,0.3195111111111111,0.662484376,0.10459
2030,3976,0.5217670000000001,0.4604322222222222,0.685138851,0.30404
2030,3977,0.569733,0.5626944444444445,0.66633238,30.353
2030,3978,0.550454,0.45809666666666665,0.648170463,89.223
2030,3979,0.474748,0.2721188888888889,0.628742255,94.45
2030,3980,0.427071,0.07022111111111111,0.60025504,111.17
2030,3981,0.426147,0.0,0.586815413,129.67
2030,3982,0.456839,0.0,0.562380807,117.9
2030,3983,0.480255,0.0,0.522011784,110.87
2030,3984,0.511456,0.0,0.499532564,99.179
2030,3985,0.56248,0.0,0.474316652,95.875
2030,3986,0.563722,0.0,0.466864769,94.45
2030,3987,0.553605,0.0,0.463284767,93.355
2030,3988,0.485412,0.0,0.458508349,92.325
2030,3989,0.371362,0.0035155555555555556,0.468681541,89.928
2030,3990,0.266099,0.014834444444444445,0.483739409,89.605
2030,3991,0.181494,0.03199222222222222,0.49964778,84.238
2030,3992,0.215096,0.08262333333333333,0.515006838,44.615
2030,3993,0.373335,0.12939888888888887,0.529054094,0.2933
2030,3994,0.362239,0.23680444444444446,0.530995385,0.10254
2030,3995,0.273023,0.6140344444444444,0.517301115,0.098689
2030,3996,0.310732,0.8016666666666666,0.521332625,0.095896
2030,3997,0.433135,0.7164644444444446,0.514561885,0.094402
2030,3998,0.530324,0.4865344444444444,0.512105134,0.12362
2030,3999,0.577641,0.3297077777777777,0.522976825,11.885
2030,4000,0.642252,0.3493755555555556,0.539438372,47.951
2030,4001,0.721755,0.405821111111111,0.544494794,87.921
2030,4002,0.760958,0.3523533333333333,0.550713691,95.999
2030,4003,0.786664,0.23068666666666665,0.542286724,97.34
2030,4004,0.815047,0.04000666666666666,0.533081128,104.62
2030,4005,0.829817,0.0,0.534189753,111.9
2030,4006,0.846798,0.0,0.517703242,107.15
2030,4007,0.859884,0.0,0.490474091,105.62
2030,4008,0.876895,0.0,0.471304138,104.03
2030,4009,0.865551,0.0,0.459683623,102.58
2030,4010,0.832212,0.0,0.453277904,102.39
2030,4011,0.784585,0.0,0.450312971,106.33
2030,4012,0.702747,0.00482,0.444623144,111.36
2030,4013,0.598176,0.20240222222222223,0.449134337,102.06
2030,4014,0.518203,0.50535,0.449340271,91.869
2030,4015,0.489496,0.68182,0.455795212,87.527
2030,4016,0.514163,0.7797444444444445,0.4654543,33.104
2030,4017,0.459565,0.7766899999999999,0.474434387,15.732
2030,4018,0.416528,0.4187577777777778,0.480742519,65.369
2030,4019,0.41727,0.3311844444444444,0.476460854,68.978
2030,4020,0.431977,0.4039066666666667,0.482444923,32.313
2030,4021,0.423961,0.38727,0.483304948,19.202
2030,4022,0.412522,0.3011211111111111,0.486536642,31.926
2030,4023,0.411617,0.22287222222222225,0.501826817,90.402
2030,4024,0.465537,0.2926644444444445,0.52660773,33.615
2030,4025,0.472958,0.07807555555555555,0.540043662,87.388
2030,4026,0.513731,0.028155555555555555,0.551161335,95.888
2030,4027,0.631579,0.01113222222222222,0.547121177,99.324
2030,4028,0.75597,0.005744444444444444,0.541226032,125.44
2030,4029,0.820421,0.0,0.541731259,125.17
2030,4030,0.869116,0.0,0.518572232,100.15
2030,4031,0.903142,0.0,0.487046411,92.09
2030,4032,0.908792,0.0,0.46836356,85.234
2030,4033,0.91243,0.0,0.518922473,85.196
2030,4034,0.889633,0.0,0.5158702,82.117
2030,4035,0.873173,0.0,0.517426314,83.968
2030,4036,0.891778,0.00013666666666666666,0.522844784,99.54
2030,4037,0.920433,0.024274444444444446,0.55750578,113.76
2030,4038,0.959852,0.06941888888888889,0.570119199,95.939
2030,4039,0.986084,0.19925888888888887,0.616135326,92.878
2030,4040,0.988801,0.4491022222222223,0.636346412,30.412
2030,4041,0.989064,0.7597511111111112,0.637050752,0.37659
2030,4042,0.985701,0.7803411111111112,0.648321547,0.11039
2030,4043,0.977385,0.7142577777777778,0.650166002,0.10122
2030,4044,0.972904,0.6709166666666667,0.657121774,0.10535
2030,4045,0.969677,0.7056355555555556,0.678036984,0.10426
2030,4046,0.963899,0.6808111111111111,0.682896426,0.10168
2030,4047,0.955597,0.6211888888888889,0.684715579,49.396
2030,4048,0.953721,0.5380477777777778,0.708117049,58.223
2030,4049,0.962423,0.41779222222222223,0.683910753,92.087
2030,4050,0.963635,0.21858,0.661766624,93.067
2030,4051,0.96152,0.06285555555555555,0.643224392,97.771
2030,4052,0.95675,0.006975555555555556,0.615602158,133.37
2030,4053,0.952743,0.0,0.601286368,124.44
2030,4054,0.950235,0.0,0.571887594,105.47
2030,4055,0.95106,0.0,0.529517146,94.165
2030,4056,0.949508,0.0,0.50738685,90.396
2030,4057,0.940793,0.0,0.543495045,90.138
2030,4058,0.929302,0.0,0.537178875,90.093
2030,4059,0.923015,0.0,0.535600568,92.201
2030,4060,0.929121,0.0,0.539154998,100.08
2030,4061,0.944173,0.024211111111111107,0.576062464,91.981
2030,4062,0.956082,0.0914788888888889,0.588849794,91.57
2030,4063,0.95793,0.2678722222222222,0.632046773,111.43
2030,4064,0.953908,0.42631777777777774,0.651331364,97.67
2030,4065,0.947074,0.39896333333333334,0.652208075,81.809
2030,4066,0.932321,0.4346588888888888,0.66963378,14.122
2030,4067,0.912635,0.5786366666666666,0.682821177,12.001
2030,4068,0.884976,0.6193666666666665,0.694055718,0.10877
2030,4069,0.844444,0.6574044444444445,0.702543577,0.10881
2030,4070,0.778185,0.6786233333333334,0.694521835,11.936
2030,4071,0.689166,0.6885466666666666,0.682836513,84.999
2030,4072,0.608195,0.5843788888888888,0.701907007,86.542
2030,4073,0.535096,0.4242488888888889,0.676742318,94.832
2030,4074,0.4748,0.2902711111111111,0.659437791,95.09
2030,4075,0.443566,0.13877777777777778,0.64308944,104.24
2030,4076,0.442644,0.029131111111111108,0.618535302,128.02
2030,4077,0.459868,0.0,0.604653422,122.76
2030,4078,0.473548,0.0,0.573719801,106.41
2030,4079,0.484978,0.0,0.527924525,97.499
2030,4080,0.506039,0.0,0.50555244,88.603
2030,4081,0.502955,0.0,0.542036661,85.788
2030,4082,0.493833,0.0,0.536077396,86.464
2030,4083,0.493843,0.0,0.535110088,90.725
2030,4084,0.457254,0.010443333333333332,0.538517931,96.652
2030,4085,0.373026,0.22908111111111112,0.571274017,108.86
2030,4086,0.277075,0.4890433333333334,0.581897131,101.03
2030,4087,0.217159,0.6469022222222222,0.627565305,95.85
2030,4088,0.195218,0.7247977777777778,0.647807769,87.726
2030,4089,0.183399,0.7555477777777778,0.649809419,20.989
2030,4090,0.15593,0.7089544444444446,0.660950136,24.464
2030,4091,0.116711,0.6970899999999999,0.663191641,16.704
2030,4092,0.083114,0.7228344444444446,0.671537467,29.491
2030,4093,0.057875,0.7457433333333334,0.682728095,44.697
2030,4094,0.044195,0.7486111111111111,0.686507837,63.87
2030,4095,0.036086,0.70634,0.685085654,81.631
2030,4096,0.043706,0.7034966666666667,0.707484662,89.556
2030,4097,0.057731,0.5319555555555555,0.680466807,92.788
2030,4098,0.022642,0.3599966666666667,0.659367972,98.159
2030,4099,0.004027,0.09894888888888889,0.64291825,103.21
2030,4100,0.011256,0.02319444444444444,0.622143365,142.48
2030,4101,0.012953,0.0,0.605330097,121.8
2030,4102,0.023578,0.0,0.576938338,106.03
2030,4103,0.062375,0.0,0.531260885,104.09
2030,4104,0.101882,0.0,0.508081337,98.105
2030,4105,0.124357,0.0,0.544581847,93.79
2030,4106,0.181489,0.0,0.538859201,91.588
2030,4107,0.341372,0.0,0.538039586,91.842
2030,4108,0.576476,0.0,0.541361274,91.112
2030,4109,0.726854,0.027474444444444444,0.575866007,102.99
2030,4110,0.786438,0.0846711111111111,0.588672502,107.72
2030,4111,0.787074,0.1923122222222222,0.631918489,107.2
2030,4112,0.806066,0.4493755555555556,0.650014012,97.048
2030,4113,0.826345,0.6566355555555554,0.656714525,90.865
2030,4114,0.832382,0.6783244444444444,0.673273893,78.412
2030,4115,0.833815,0.7554566666666667,0.670360251,21.048
2030,4116,0.837821,0.8404322222222222,0.680275529,27.022
2030,4117,0.859633,0.6457777777777779,0.700142017,24.333
2030,4118,0.869042,0.6989233333333332,0.706504507,25.504
2030,4119,0.881507,0.7436133333333332,0.704165054,26.001
2030,4120,0.885892,0.6551977777777778,0.721245735,28.815
2030,4121,0.898808,0.5367177777777777,0.693566034,81.695
2030,4122,0.898802,0.1726088888888889,0.675680948,92.185
2030,4123,0.878628,0.05361,0.659839136,101.51
2030,4124,0.870819,0.006608888888888889,0.63434803,117.05
2030,4125,0.86379,0.0,0.61751195,117.79
2030,4126,0.852187,0.0,0.590376671,107.94
2030,4127,0.835442,0.0,0.546074104,98.163
2030,4128,0.813502,0.0,0.522328116,94.802
2030,4129,0.803976,0.0,0.556033235,93.064
2030,4130,0.796452,0.0,0.548534582,92.775
2030,4131,0.772755,0.0,0.546584098,95.941
2030,4132,0.74795,0.0,0.549354576,97.974
2030,4133,0.714362,0.03852888888888889,0.584505877,99.154
2030,4134,0.6627,0.10461,0.596257667,92.483
2030,4135,0.610629,0.1833311111111111,0.642345765,91.416
2030,4136,0.561897,0.38954,0.667064094,87.186
2030,4137,0.638249,0.3834244444444444,0.66745728,81.665
2030,4138,0.67898,0.2837388888888889,0.676588477,59.317
2030,4139,0.605059,0.47339777777777775,0.675245013,31.833
2030,4140,0.749171,0.5851566666666667,0.686711112,15.281
2030,4141,0.843441,0.6571122222222221,0.698093425,12.042
2030,4142,0.876473,0.7828488888888888,0.695002352,52.794
2030,4143,0.921048,0.738511111111111,0.682599542,25.045
2030,4144,0.952626,0.5832122222222221,0.700208482,80.129
2030,4145,0.971378,0.5400522222222222,0.680470976,90.552
2030,4146,0.975227,0.4625488888888889,0.662746868,103.56
2030,4147,0.968032,0.24011444444444444,0.644303079,105.84
2030,4148,0.955083,0.05272,0.616642264,116.86
2030,4149,0.938777,0.0,0.606657911,120.55
2030,4150,0.928027,0.0,0.575107673,104.96
2030,4151,0.910721,0.0,0.532934464,93.514
2030,4152,0.895342,0.0,0.508441437,90.459
2030,4153,0.846201,0.0,0.480846572,89.385
2030,4154,0.779093,0.0,0.472159319,88.521
2030,4155,0.716048,0.0,0.467423425,90.079
2030,4156,0.663505,0.006193333333333333,0.462294581,90.077
2030,4157,0.626009,0.1908822222222222,0.472552493,89.351
2030,4158,0.638889,0.41613,0.485089651,88.564
2030,4159,0.684673,0.6072333333333334,0.501356609,92.287
2030,4160,0.691804,0.6866444444444445,0.520160362,87.584
2030,4161,0.680128,0.7345522222222222,0.53616569,79.871
2030,4162,0.672897,0.7612444444444444,0.54010218,48.826
2030,4163,0.669821,0.7219966666666666,0.534616445,16.526
2030,4164,0.657979,0.6783155555555554,0.530829003,0.13518
2030,4165,0.636245,0.6436977777777778,0.521560578,0.4211
2030,4166,0.616418,0.65436,0.516633132,0.25303
2030,4167,0.597649,0.6012811111111112,0.524231179,0.94484
2030,4168,0.589143,0.5370766666666668,0.542305385,1.202
2030,4169,0.586646,0.44847777777777775,0.546878223,60.017
2030,4170,0.556427,0.30854777777777775,0.552829801,87.537
2030,4171,0.503752,0.16711444444444445,0.547997175,92.288
2030,4172,0.506061,0.03271,0.533937585,96.209
2030,4173,0.542798,0.0,0.539523201,104.89
2030,4174,0.586497,0.0,0.520248748,95.924
2030,4175,0.625161,0.0,0.493395525,91.167
2030,4176,0.655572,0.0,0.473867026,86.89
2030,4177,0.619645,0.0,0.462213091,86.841
2030,4178,0.569676,0.0,0.455783692,88.909
2030,4179,0.483472,0.0,0.452528312,93.213
2030,4180,0.364731,0.005078888888888889,0.446388499,93.559
2030,4181,0.261296,0.15731333333333333,0.449711033,99.23
2030,4182,0.20045,0.34652555555555553,0.451086144,104.57
2030,4183,0.200878,0.45842333333333335,0.456096338,110.04
2030,4184,0.24606,0.507191111111111,0.462788664,103.92
2030,4185,0.309633,0.5297611111111111,0.472685763,89.068
2030,4186,0.37135,0.5722566666666665,0.480393939,77.736
2030,4187,0.40981,0.6473855555555555,0.477513433,15.733
2030,4188,0.440572,0.7198922222222222,0.483189502,33.125
2030,4189,0.449282,0.7532933333333334,0.480029806,17.778
2030,4190,0.412948,0.7216899999999998,0.485057068,29.334
2030,4191,0.319021,0.4806322222222223,0.499671826,42.533
2030,4192,0.215046,0.3077833333333333,0.524697429,41.854
2030,4193,0.143518,0.25817555555555555,0.540061393,81.815
2030,4194,0.092007,0.2091444444444444,0.553536853,90.152
2030,4195,0.066922,0.10543666666666668,0.552300421,101.52
2030,4196,0.085058,0.013537777777777779,0.544374847,113.43
2030,4197,0.155072,0.0,0.546076618,120.24
2030,4198,0.243836,0.0,0.527522258,98.143
2030,4199,0.368017,0.0,0.495302054,92.951
2030,4200,0.514161,0.0,0.475844029,90.365
2030,4201,0.588892,0.0,0.52589131,87.902
2030,4202,0.655579,0.0,0.522506507,88.39
2030,4203,0.677814,0.0,0.523909405,89.65
2030,4204,0.63259,0.0006144444444444445,0.528900227,91.63
2030,4205,0.598678,0.04153888888888888,0.565289548,96.152
2030,4206,0.611298,0.05975444444444445,0.576821278,88.37
2030,4207,0.664017,0.08818222222222222,0.622316112,89.213
2030,4208,0.742341,0.11526444444444443,0.643041285,27.475
2030,4209,0.799418,0.13111777777777778,0.6478361,0.94662
2030,4210,0.820387,0.14983777777777782,0.657787048,0.10218
2030,4211,0.799244,0.18331444444444445,0.659128763,0.11119
2030,4212,0.756524,0.24014555555555553,0.667477943,0.10717
2030,4213,0.738216,0.31173111111111107,0.676697126,0.11369
2030,4214,0.751591,0.34719777777777777,0.678098931,0.10258
2030,4215,0.736974,0.3357611111111111,0.677754451,0.13854
2030,4216,0.694931,0.2762633333333333,0.697787541,23.176
2030,4217,0.65798,0.1683833333333333,0.67867531,47.123
2030,4218,0.672011,0.1282722222222222,0.66399067,88.367
2030,4219,0.697199,0.07086,0.649338018,92.604
2030,4220,0.676479,0.011274444444444446,0.621855186,128.26
2030,4221,0.651272,0.0,0.607697262,119.6
2030,4222,0.664894,0.0,0.577255339,103.39
2030,4223,0.690296,0.0,0.533441811,94.393
2030,4224,0.706883,0.0,0.510225373,81.85
2030,4225,0.694471,0.0,0.545304502,78.884
2030,4226,0.6519,0.0,0.538954497,79.591
2030,4227,0.569855,0.0,0.537864988,83.852
2030,4228,0.441749,0.009201111111111113,0.54091735,91.388
2030,4229,0.290927,0.23847666666666667,0.575729312,107.14
2030,4230,0.183988,0.5178244444444444,0.584110794,105.57
2030,4231,0.121356,0.6872822222222222,0.628399454,87.446
2030,4232,0.072843,0.7649911111111112,0.644367859,81.006
2030,4233,0.052031,0.7935833333333334,0.645546632,31.146
2030,4234,0.0607,0.816641111111111,0.654481908,20.435
2030,4235,0.075719,0.8532688888888889,0.655380197,98.765
2030,4236,0.080901,0.8515311111111111,0.664213412,0.18632
2030,4237,0.069131,0.8437377777777778,0.679281621,0.10685
2030,4238,0.048347,0.8274744444444444,0.681324369,0.15957
2030,4239,0.026767,0.7739655555555555,0.679620555,0.71842
2030,4240,0.017912,0.7154599999999999,0.70053292,19.068
2030,4241,0.030863,0.6663244444444445,0.679808325,85.837
2030,4242,0.083821,0.5714477777777778,0.662956838,94.744
2030,4243,0.190391,0.3765633333333333,0.646685672,102.61
2030,4244,0.367493,0.10172777777777779,0.622068948,102.18
2030,4245,0.566505,0.0,0.60930009,98.936
2030,4246,0.684682,0.0,0.578518483,97.311
2030,4247,0.726202,0.0,0.533868009,94.359
2030,4248,0.727647,0.0,0.511307145,95.092
2030,4249,0.709002,0.0,0.54738006,90.431
2030,4250,0.689151,0.0,0.540510717,94.228
2030,4251,0.671605,0.0,0.538721715,97.226
2030,4252,0.648082,0.014414444444444447,0.54184773,101.81
2030,4253,0.605044,0.2949333333333333,0.574444449,112.39
2030,4254,0.548438,0.5523788888888889,0.583524082,105.95
2030,4255,0.542371,0.6987144444444445,0.631768704,95.954
2030,4256,0.547755,0.7789377777777776,0.649766738,87.063
2030,4257,0.555295,0.8199244444444446,0.651554985,67.28
2030,4258,0.593547,0.8297344444444444,0.65626352,27.252
2030,4259,0.655583,0.8238466666666666,0.654788085,29.734
2030,4260,0.699406,0.8223566666666665,0.662496183,34.3
2030,4261,0.704686,0.8297911111111111,0.677904555,29.046
2030,4262,0.67898,0.8236255555555556,0.680643587,34.328
2030,4263,0.64002,0.7973633333333332,0.68378453,69.703
2030,4264,0.621102,0.7088377777777777,0.702673922,86.409
2030,4265,0.583243,0.4439011111111111,0.681098127,93.649
2030,4266,0.508113,0.19221,0.663361872,101.5
2030,4267,0.407134,0.06712222222222222,0.647873434,110.29
2030,4268,0.288556,0.010344444444444446,0.623376064,125.91
2030,4269,0.174938,0.0,0.611048725,124.5
2030,4270,0.144471,0.0,0.583667166,110.76
2030,4271,0.205855,0.0,0.539047092,102.89
2030,4272,0.281766,0.0,0.515305537,97.721
2030,4273,0.314165,0.0,0.550849305,94.815
2030,4274,0.301784,0.0,0.544745612,93.513
2030,4275,0.265308,0.0,0.54340242,94.466
2030,4276,0.209717,0.00553,0.546941575,96.317
2030,4277,0.153745,0.16211222222222224,0.577997466,109.52
2030,4278,0.108839,0.4009855555555556,0.589806483,120.66
2030,4279,0.07964,0.576891111111111,0.645688153,121.08
2030,4280,0.089759,0.6824355555555555,0.670470774,101.92
2030,4281,0.168558,0.673448888888889,0.67183618,98.053
2030,4282,0.484945,0.37297777777777774,0.684077973,92.328
2030,4283,0.506049,0.21928555555555554,0.674413694,85.831
2030,4284,0.219193,0.23378777777777776,0.678636892,73.572
2030,4285,0.04508,0.36248222222222226,0.687431677,57.636
2030,4286,0.027102,0.4826022222222222,0.688989031,55.715
2030,4287,0.028625,0.2824388888888889,0.687745407,71.582
2030,4288,0.121776,0.1717977777777778,0.707815221,89.421
2030,4289,0.277912,0.19968666666666662,0.685903394,97.504
2030,4290,0.172977,0.07140444444444444,0.670118594,103.22
2030,4291,0.193998,0.008,0.656407682,124.71
2030,4292,0.348042,0.0,0.63051422,136.29
2030,4293,0.440845,0.0,0.614056164,127.74
2030,4294,0.478324,0.0,0.584671644,109.19
2030,4295,0.5195700000000001,0.0,0.539776231,102.14
2030,4296,0.550135,0.0,0.515680485,99.939
2030,4297,0.607183,0.0,0.550075072,97.562
2030,4298,0.653573,0.0,0.543691271,95.62
2030,4299,0.71752,0.0,0.54287483,96.415
2030,4300,0.757883,0.0,0.546140234,95.669
2030,4301,0.684749,0.004837777777777778,0.578880179,97.169
2030,4302,0.65113,0.020974444444444445,0.587080765,100.5
2030,4303,0.609494,0.08480999999999998,0.631332517,103.41
2030,4304,0.562518,0.2708088888888889,0.655989504,94.565
2030,4305,0.584588,0.5915422222222222,0.660817657,85.439
2030,4306,0.636493,0.8076211111111111,0.669895497,19.658
2030,4307,0.672295,0.8710955555555555,0.672040539,0.09585
2030,4308,0.67669,0.8768077777777776,0.672426341,0.10572
2030,4309,0.65827,0.8770799999999999,0.685429144,0.10192
2030,4310,0.637363,0.8760711111111111,0.685087682,0.10317
2030,4311,0.612444,0.8569100000000002,0.682748444,38.532
2030,4312,0.559397,0.8172166666666667,0.699926455,54.672
2030,4313,0.468689,0.7440066666666666,0.677477638,86.547
2030,4314,0.360774,0.6207311111111111,0.657432019,92.256
2030,4315,0.259457,0.39890333333333333,0.637910614,97.367
2030,4316,0.211062,0.10326555555555555,0.610715239,109.01
2030,4317,0.191166,0.0,0.597251441,112.31
2030,4318,0.162154,0.0,0.572720037,105.88
2030,4319,0.140655,0.0,0.532644153,99.781
2030,4320,0.137708,0.0,0.509580451,88.86
2030,4321,0.148435,0.0,0.482676766,88.818
2030,4322,0.165835,0.0,0.474407154,91.476
2030,4323,0.174977,0.0,0.469843909,93.082
2030,4324,0.164519,0.010583333333333333,0.464869315,94.071
2030,4325,0.142757,0.23837333333333335,0.477209225,92.255
2030,4326,0.117179,0.46075777777777777,0.487073735,94.313
2030,4327,0.109471,0.5750088888888888,0.503711067,100.46
2030,4328,0.122311,0.6603566666666666,0.519962153,95.54
2030,4329,0.151514,0.71448,0.532168103,84.475
2030,4330,0.193525,0.6889555555555554,0.534646751,5.821
2030,4331,0.251639,0.6866999999999999,0.529693746,0.10098
2030,4332,0.31948,0.7152855555555555,0.530234993,0.10024
2030,4333,0.383194,0.7333111111111111,0.527051576,0.10061
2030,4334,0.424127,0.7366655555555555,0.527626783,0.10115
2030,4335,0.437055,0.7411466666666666,0.539323627,0.23604
2030,4336,0.419242,0.7325222222222222,0.550974741,22.887
2030,4337,0.38456,0.6951244444444444,0.55545866,85.626
2030,4338,0.339133,0.5698011111111112,0.557006095,92.281
2030,4339,0.2803,0.29529999999999995,0.551409385,95.345
2030,4340,0.237554,0.03334444444444445,0.543106184,107.99
2030,4341,0.209905,0.0,0.543042337,113.44
2030,4342,0.20187,0.0,0.525459493,103.84
2030,4343,0.213294,0.0,0.497611954,99.406
2030,4344,0.236181,0.0,0.477512444,90.598
2030,4345,0.26175400000000004,0.0,0.468460434,90.721
2030,4346,0.280256,0.0,0.46114945,92.344
2030,4347,0.299388,0.0,0.457630409,97.833
2030,4348,0.312803,0.0006388888888888887,0.452298625,104.91
2030,4349,0.321435,0.08885777777777776,0.456283839,116.93
2030,4350,0.33409,0.30456222222222223,0.454986422,104.35
2030,4351,0.380377,0.5077266666666667,0.460091997,95.797
2030,4352,0.446274,0.6543844444444445,0.471291037,91.249
2030,4353,0.498015,0.7529911111111112,0.483476381,81.64
2030,4354,0.514969,0.8072366666666666,0.489274329,98.396
2030,4355,0.511454,0.8302255555555554,0.488532196,54.108
2030,4356,0.51415,0.8312188888888888,0.495192467,0.10806
2030,4357,0.514842,0.8253266666666667,0.495428023,0.10065
2030,4358,0.514158,0.8198733333333332,0.502147525,0.10076
2030,4359,0.511452,0.8041344444444444,0.516203234,1.017
2030,4360,0.5168630000000001,0.7688933333333334,0.540168191,48.829
2030,4361,0.522974,0.7034233333333333,0.556158399,82.696
2030,4362,0.514155,0.5890444444444444,0.572921504,89.913
2030,4363,0.476303,0.39129111111111103,0.578978178,90.807
2030,4364,0.435992,0.1079211111111111,0.577377796,121.47
2030,4365,0.389522,0.0,0.573453315,126.7
2030,4366,0.346016,0.0,0.541275757,98.972
2030,4367,0.313513,0.0,0.508654663,96.19
2030,4368,0.294158,0.0,0.489374042,93.296
2030,4369,0.292286,0.0,0.538376339,92.873
2030,4370,0.301809,0.0,0.533670196,96.842
2030,4371,0.330246,0.0,0.534117518,98.317
2030,4372,0.366882,0.016583333333333332,0.539801746,99.031
2030,4373,0.38585,0.3440022222222222,0.574308562,91.845
2030,4374,0.388515,0.5908166666666668,0.582145812,87.137
2030,4375,0.411755,0.7235922222222221,0.629705821,82.096
2030,4376,0.440839,0.8113966666666665,0.654235599,32.653
2030,4377,0.457101,0.8533955555555556,0.658622135,10.796
2030,4378,0.453761,0.8506933333333334,0.669504759,0.10911
2030,4379,0.431746,0.80683,0.671780422,0.10169
2030,4380,0.446274,0.8057733333333332,0.678472339,0.1144
2030,4381,0.466663,0.80283,0.692325889,14.725
2030,4382,0.493847,0.8765122222222221,0.698392188,21.472
2030,4383,0.499271,0.8525488888888888,0.697936265,59.478
2030,4384,0.496547,0.8039566666666668,0.715065641,92.613
2030,4385,0.488614,0.7197477777777778,0.692601654,109.9
2030,4386,0.46726,0.5773944444444444,0.673834068,111.56
2030,4387,0.433083,0.3416444444444444,0.656774541,99.809
2030,4388,0.412511,0.09293555555555555,0.636668124,111.62
2030,4389,0.398207,0.0,0.621900544,99.991
2030,4390,0.397124,0.0,0.592220522,93.12
2030,4391,0.406894,0.0,0.549038667,85.796
2030,4392,0.419251,0.0,0.52619972,86.428
2030,4393,0.440843,0.0,0.561779715,86.884
2030,4394,0.464828,0.0,0.555170723,84.948
2030,4395,0.494996,0.0,0.554034327,89.118
2030,4396,0.514158,0.017974444444444446,0.558013379,95.996
2030,4397,0.506041,0.3763277777777778,0.588515585,111.09
2030,4398,0.470469,0.6367099999999999,0.593135258,108.34
2030,4399,0.446274,0.7636355555555556,0.64218319,121.43
2030,4400,0.420857,0.8385111111111111,0.660020544,98.086
2030,4401,0.39394,0.8814277777777777,0.662345934,89.813
2030,4402,0.358632,0.90213,0.675014816,75.496
2030,4403,0.312795,0.9031433333333333,0.678956404,72.951
2030,4404,0.270512,0.89424,0.691381774,39.032
2030,4405,0.24052,0.8927466666666666,0.709184908,12.025
2030,4406,0.221926,0.8917377777777777,0.714617439,43.175
2030,4407,0.211036,0.87535,0.712562017,47.619
2030,4408,0.212479,0.8383544444444444,0.726756792,69.608
2030,4409,0.22051,0.772588888888889,0.695393537,83.029
2030,4410,0.22608,0.6623022222222222,0.668974061,89.543
2030,4411,0.227326,0.45906444444444444,0.646187231,93.909
2030,4412,0.22805,0.15733333333333333,0.630399165,105.59
2030,4413,0.205888,0.0,0.613470859,107.08
2030,4414,0.16381,0.0,0.582046252,102.31
2030,4415,0.120156,0.0,0.539527172,91.855
2030,4416,0.08178,0.0,0.517397379,93.999
2030,4417,0.054767,0.0,0.553775891,95.549
2030,4418,0.042527,0.0,0.547577082,100.42
2030,4419,0.042014,0.0,0.546675611,107.18
2030,4420,0.050261,0.013426666666666667,0.550901914,111.19
2030,4421,0.061151,0.3235733333333333,0.580949585,105.25
2030,4422,0.066415,0.516638888888889,0.585399663,122.28
2030,4423,0.069603,0.68711,0.627942391,96.003
2030,4424,0.073328,0.8310355555555554,0.652852568,85.658
2030,4425,0.0761,0.8743755555555555,0.660074506,46.339
2030,4426,0.075094,0.8938366666666666,0.67085106,0.77127
2030,4427,0.074145,0.894641111111111,0.671373205,0.11007
2030,4428,0.078167,0.8850766666666666,0.675809655,0.10719
2030,4429,0.087422,0.8815066666666667,0.692666324,70.612
2030,4430,0.097917,0.8783866666666666,0.692593251,57.681
2030,4431,0.106017,0.8594833333333333,0.687828573,80.578
2030,4432,0.112487,0.8208211111111111,0.704444893,91.321
2030,4433,0.123162,0.7527777777777778,0.680772499,100.4
2030,4434,0.138948,0.6388144444444446,0.66178724,112.66
2030,4435,0.162537,0.4284055555555556,0.644919006,111.92
2030,4436,0.19979,0.13841777777777775,0.623979483,151.06
2030,4437,0.221123,0.0,0.612370891,133.55
2030,4438,0.222255,0.0,0.583063366,113.8
2030,4439,0.221834,0.0,0.539587863,105.87
2030,4440,0.219204,0.0,0.514948199,100.62
2030,4441,0.218649,0.0,0.550075395,97.899
2030,4442,0.215328,0.0,0.543106235,97.824
2030,4443,0.204441,0.0,0.541576673,100.85
2030,4444,0.189469,0.009453333333333333,0.545496556,106.21
2030,4445,0.161658,0.2443533333333333,0.580135469,106.62
2030,4446,0.120036,0.4827666666666666,0.582280307,126.91
2030,4447,0.100407,0.6348544444444444,0.624816163,99.818
2030,4448,0.079375,0.7151877777777778,0.647005898,91.578
2030,4449,0.060291,0.7588733333333334,0.650527538,83.9
2030,4450,0.04556,0.7984811111111112,0.660308966,27.709
2030,4451,0.041195,0.82829,0.660975273,0.87974
2030,4452,0.044012,0.84842,0.668768245,0.10798
2030,4453,0.054435,0.8554144444444446,0.686024655,0.10523
2030,4454,0.070091,0.8452411111111111,0.690844675,0.10878
2030,4455,0.090509,0.80641,0.689898204,0.11337
2030,4456,0.115842,0.6709655555555556,0.711508487,59.234
2030,4457,0.148445,0.44404111111111105,0.690279656,86.12
2030,4458,0.210933,0.24519777777777776,0.67093721,92.976
2030,4459,0.330259,0.12041555555555555,0.656966628,94.567
2030,4460,0.502745,0.03384222222222222,0.633224557,127.85
2030,4461,0.651819,0.0,0.61646189,130.09
2030,4462,0.713773,0.0,0.587277595,113.24
2030,4463,0.688098,0.0,0.543856723,94.771
2030,4464,0.56549,0.0,0.521488366,94.46
2030,4465,0.401133,0.0,0.557924535,94.329
2030,4466,0.26979,0.0,0.551785894,93.241
2030,4467,0.162871,0.0,0.551206089,90.656
2030,4468,0.121842,0.0,0.555566906,90.62
2030,4469,0.161292,0.021127777777777777,0.584622274,87.156
2030,4470,0.307882,0.0841911111111111,0.58992224,80.351
2030,4471,0.563596,0.1665011111111111,0.632508383,22.329
2030,4472,0.753933,0.32149,0.653404654,0.5705
2030,4473,0.821925,0.6710055555555554,0.656592509,0.1007
2030,4474,0.829298,0.8291766666666667,0.667581511,0.10733
2030,4475,0.818342,0.8324366666666666,0.665614589,0.091044
2030,4476,0.816596,0.8265444444444444,0.668447665,0.10811
2030,4477,0.81798,0.7836144444444444,0.6835627,0.10513
2030,4478,0.816677,0.73078,0.68183494,0.09342
2030,4479,0.799468,0.662588888888889,0.675670073,0.10955
2030,4480,0.792654,0.5712811111111111,0.693076004,0.11048
2030,4481,0.791143,0.571188888888889,0.674335301,17.976
2030,4482,0.764217,0.4923533333333333,0.654177797,82.124
2030,4483,0.723508,0.3547822222222222,0.636567721,90.424
2030,4484,0.693948,0.10100111111111108,0.608760983,120.39
2030,4485,0.655607,0.0,0.597657278,131.76
2030,4486,0.566231,0.0,0.5745606,99.046
2030,4487,0.458821,0.0,0.534710643,90.658
2030,4488,0.407131,0.0,0.511470474,88.507
2030,4489,0.425977,0.0,0.48490056,90.416
2030,4490,0.50329,0.0,0.476306128,92.348
2030,4491,0.566222,0.0,0.472276527,88.294
2030,4492,0.558807,0.0,0.468717697,91.678
2030,4493,0.52997,0.03107444444444444,0.478336609,85.989
2030,4494,0.510798,0.17925888888888886,0.490338678,54.583
2030,4495,0.526068,0.41901222222222223,0.503047342,46.082
2030,4496,0.605047,0.6872277777777778,0.521480473,11.842
2030,4497,0.680399,0.81853,0.534171749,0.11226
2030,4498,0.725438,0.8532533333333334,0.537294407,0.10225
2030,4499,0.720105,0.8517711111111111,0.529940265,0.11083
2030,4500,0.672417,0.8406644444444444,0.528642019,0.10835
2030,4501,0.578343,0.8316988888888889,0.526626992,0.10166
2030,4502,0.48501,0.8135611111111112,0.5314836,0.097386
2030,4503,0.425158,0.7605955555555555,0.536722809,0.10835
2030,4504,0.387236,0.663511111111111,0.552622562,11.337
2030,4505,0.34648,0.5157733333333333,0.552490376,64.394
2030,4506,0.274456,0.40038,0.556362047,89.514
2030,4507,0.193991,0.22992333333333334,0.546503719,96.076
2030,4508,0.169653,0.05198111111111111,0.536182222,111.89
2030,4509,0.21715,0.0,0.538923803,117.94
2030,4510,0.312716,0.0,0.52435583,107.61
2030,4511,0.29937,0.0,0.49902024,102.53
2030,4512,0.376074,0.0,0.480377604,101.06
2030,4513,0.469539,0.0,0.472005319,99.022
2030,4514,0.508459,0.0,0.464548642,99.595
2030,4515,0.560956,0.0,0.460544157,93.95
2030,4516,0.584177,0.0024411111111111113,0.455644966,95.091
2030,4517,0.56263,0.19387444444444446,0.458747399,89.995
2030,4518,0.590929,0.44477888888888883,0.456826087,83.556
2030,4519,0.697424,0.56613,0.460051951,62.139
2030,4520,0.768171,0.5828411111111111,0.468817123,10.103
2030,4521,0.807537,0.665088888888889,0.481121431,0.10509
2030,4522,0.814976,0.7808077777777777,0.492922454,0.099115
2030,4523,0.813021,0.8363066666666668,0.498929752,0.10723
2030,4524,0.812018,0.8314911111111112,0.497757709,0.10258
2030,4525,0.809601,0.8037855555555554,0.498928497,0.10426
2030,4526,0.810385,0.7136877777777777,0.496424885,0.10745
2030,4527,0.81089,0.5765566666666666,0.50096403,0.10205
2030,4528,0.79798,0.5688588888888889,0.524696813,0.17657
2030,4529,0.773692,0.5423766666666666,0.535468932,15.493
2030,4530,0.735431,0.4177122222222222,0.543629975,60.741
2030,4531,0.67351,0.20749555555555554,0.54235794,86.253
2030,4532,0.680287,0.03452444444444444,0.536863969,106.83
2030,4533,0.714226,0.0,0.542219729,114.91
2030,4534,0.725678,0.0,0.524306594,104.31
2030,4535,0.69616,0.0,0.494399164,99.772
2030,4536,0.634401,0.0,0.476620811,94.376
2030,4537,0.569131,0.0,0.527504678,92.061
2030,4538,0.486214,0.0,0.52441764,92.348
2030,4539,0.498407,0.0,0.525826729,88.53
2030,4540,0.600787,0.0,0.532436632,102.09
2030,4541,0.665971,0.016446666666666665,0.564870785,91.518
2030,4542,0.663793,0.08558333333333334,0.572292365,79.611
2030,4543,0.665776,0.14510111111111113,0.615835108,69.705
2030,4544,0.670122,0.20367555555555555,0.637262747,18.054
2030,4545,0.671754,0.3220544444444444,0.643977601,0.10778
2030,4546,0.678945,0.5908722222222221,0.658751105,0.10863
2030,4547,0.699211,0.78875,0.664545871,0.095798
2030,4548,0.716543,0.8272577777777779,0.670959463,0.097161
2030,4549,0.746674,0.83778,0.687305963,0.10157
2030,4550,0.786095,0.8395977777777778,0.693442674,0.11166
2030,4551,0.813602,0.8155244444444444,0.692329918,0.10346
2030,4552,0.827122,0.7704666666666666,0.713448818,0.23793
2030,4553,0.835122,0.6782511111111112,0.686474272,71.198
2030,4554,0.83369,0.5611022222222222,0.663393854,82.94
2030,4555,0.817275,0.3335833333333334,0.64879545,90.155
2030,4556,0.800625,0.07811555555555556,0.621898477,133.52
2030,4557,0.789598,0.0,0.60390799,125.68
2030,4558,0.788733,0.0,0.574395763,94.851
2030,4559,0.766465,0.0,0.533260368,92.457
2030,4560,0.735396,0.0,0.512773212,90.281
2030,4561,0.691686,0.0,0.550043718,88.652
2030,4562,0.636669,0.0,0.544563133,88.468
2030,4563,0.560958,0.0,0.544150871,86.446
2030,4564,0.456797,0.0,0.549661383,86.322
2030,4565,0.350671,0.04096444444444445,0.579870282,83.715
2030,4566,0.272106,0.1140288888888889,0.586457839,76.675
2030,4567,0.236702,0.20791666666666667,0.632388517,57.474
2030,4568,0.212281,0.2591422222222222,0.659455866,14.24
2030,4569,0.215051,0.3402433333333333,0.666986148,21.27
2030,4570,0.23444,0.5154144444444444,0.678956368,30.752
2030,4571,0.255257,0.6725833333333334,0.683629606,11.975
2030,4572,0.264041,0.70925,0.69065432,11.996
2030,4573,0.252198,0.669671111111111,0.718170913,0.11249
2030,4574,0.21844,0.6269244444444444,0.713609166,0.10319
2030,4575,0.176778,0.57275,0.708382795,0.62234
2030,4576,0.135936,0.48538333333333333,0.723005585,17.453
2030,4577,0.106853,0.3843888888888889,0.687409916,55.724
2030,4578,0.089848,0.31956777777777773,0.663095339,87.496
2030,4579,0.08256,0.26701777777777774,0.644543206,90.179
2030,4580,0.083446,0.06095444444444445,0.631219973,111.05
2030,4581,0.087178,0.0,0.611788623,111.91
2030,4582,0.087427,0.0,0.580269973,104.46
2030,4583,0.085407,0.0,0.536142075,98.612
2030,4584,0.083121,0.0,0.514007122,94.948
2030,4585,0.079725,0.0,0.550468838,95.409
2030,4586,0.075588,0.0,0.54414434,94.041
2030,4587,0.07061,0.0,0.543255738,98.457
2030,4588,0.056682,0.0024488888888888885,0.548125533,102.19
2030,4589,0.04098,0.22112666666666667,0.579732273,95.649
2030,4590,0.029508,0.46209,0.585606074,90.19
2030,4591,0.024673,0.6246066666666665,0.628299856,98.63
2030,4592,0.026988,0.7147788888888889,0.649849717,86.177
2030,4593,0.032119999999999996,0.7879533333333334,0.657707319,62.373
2030,4594,0.037292,0.7977199999999999,0.672002633,1.167
2030,4595,0.044781,0.7909922222222222,0.671399647,0.10772
2030,4596,0.051649,0.7356122222222222,0.680459391,0.11008
2030,4597,0.05186,0.7533611111111111,0.693159694,0.10135
2030,4598,0.047662,0.69255,0.695199105,0.10932
2030,4599,0.039924,0.6414533333333332,0.688488085,38.773
2030,4600,0.034388,0.5829488888888888,0.70470999,24.62
2030,4601,0.037125,0.5144144444444445,0.680677768,85.855
2030,4602,0.055889,0.3595544444444444,0.660959483,91.771
2030,4603,0.097624,0.21117444444444441,0.641638381,94.753
2030,4604,0.156197,0.049572222222222226,0.619239121,125.56
2030,4605,0.205882,0.0,0.608313424,118.28
2030,4606,0.23817,0.0,0.57965059,104.37
2030,4607,0.26404,0.0,0.536665707,98.404
2030,4608,0.274446,0.0,0.513762459,93.111
2030,4609,0.272108,0.0,0.549919648,92.449
2030,4610,0.266922,0.0,0.543361704,90.69
2030,4611,0.270738,0.0,0.542326341,91.397
2030,4612,0.285413,0.0,0.547354779,89.272
2030,4613,0.307877,0.058138888888888886,0.578070335,91.629
2030,4614,0.319732,0.11434,0.581406079,86.11
2030,4615,0.361332,0.21546666666666664,0.627686282,89.35
2030,4616,0.455288,0.3714311111111111,0.652933836,83.347
2030,4617,0.584328,0.5313411111111112,0.656855605,12.748
2030,4618,0.690185,0.6701344444444444,0.663462927,38.278
2030,4619,0.725579,0.6239066666666666,0.663001301,78.642
2030,4620,0.747175,0.6314677777777777,0.667198231,12.013
2030,4621,0.799548,0.52838,0.68151875,11.987
2030,4622,0.852422,0.3232033333333333,0.679858462,0.71898
2030,4623,0.886159,0.1468033333333333,0.679287545,12.026
2030,4624,0.894418,0.07510000000000001,0.696435878,71.291
2030,4625,0.909843,0.048773333333333335,0.675415021,74.655
2030,4626,0.938549,0.029869999999999997,0.657368859,86.657
2030,4627,0.950044,0.011606666666666666,0.642219269,87.463
2030,4628,0.95071,0.0,0.619224039,124.39
2030,4629,0.947422,0.0,0.606298714,105.48
2030,4630,0.945355,0.0,0.576459265,93.431
2030,4631,0.942329,0.0,0.534090087,85.942
2030,4632,0.936422,0.0,0.511991743,81.541
2030,4633,0.935524,0.0,0.548151249,83.964
2030,4634,0.940789,0.0,0.542014811,89.712
2030,4635,0.95004,0.0,0.541475994,93.315
2030,4636,0.946758,0.0,0.546058306,100.61
2030,4637,0.933473,0.004878888888888889,0.576663621,88.926
2030,4638,0.920198,0.028141111111111113,0.580634831,86.807
2030,4639,0.925634,0.06674666666666668,0.623658751,86.893
2030,4640,0.940025,0.1281122222222222,0.642064443,25.585
2030,4641,0.946595,0.21100333333333335,0.646767651,0.15525
2030,4642,0.936188,0.25375333333333333,0.656338529,0.10526
2030,4643,0.921014,0.2734744444444444,0.659479767,0.109
2030,4644,0.915807,0.358751111111111,0.668889154,0.10347
2030,4645,0.917012,0.42065,0.680715997,0.10219
2030,4646,0.914962,0.38318555555555567,0.677291819,0.1018
2030,4647,0.902328,0.2702555555555555,0.668003812,0.10674
2030,4648,0.889699,0.18125888888888886,0.689640481,27.108
2030,4649,0.889646,0.12590222222222222,0.667850981,57.166
2030,4650,0.900697,0.07968,0.646913276,88.324
2030,4651,0.912644,0.03305777777777777,0.626723189,93.121
2030,4652,0.921012,0.0023899999999999993,0.601277228,115.31
2030,4653,0.917458,0.0,0.590897436,131.37
2030,4654,0.914558,0.0,0.566936576,115.54
2030,4655,0.917464,0.0,0.528283248,102.44
2030,4656,0.93085,0.0,0.50588193,96.543
2030,4657,0.940806,0.0,0.480909694,96.372
2030,4658,0.94739,0.0,0.472898663,93.121
2030,4659,0.953814,0.0,0.469178266,92.7
2030,4660,0.962644,0.0,0.465877597,90.195
2030,4661,0.967685,0.04836333333333333,0.475164668,94.851
2030,4662,0.967665,0.11206,0.48454602,90.418
2030,4663,0.956099,0.15301,0.499306557,92.175
2030,4664,0.945748,0.20425333333333334,0.516760069,87.688
2030,4665,0.960288,0.22617888888888887,0.528767555,79.542
2030,4666,0.975621,0.26439888888888885,0.530986067,22.655
2030,4667,0.988195,0.30415222222222227,0.525922096,0.53513
2030,4668,0.984433,0.3067733333333333,0.530498758,0.10715
2030,4669,0.96305,0.2656488888888889,0.529143611,0.11297
2030,4670,0.929666,0.21080555555555552,0.526828683,0.097175
2030,4671,0.901606,0.1519977777777778,0.535662218,0.14394
2030,4672,0.887989,0.10672555555555555,0.548299177,73.825
2030,4673,0.912741,0.05884888888888888,0.549668513,75.367
2030,4674,0.949321,0.02578,0.554118256,89.362
2030,4675,0.976219,0.006493333333333333,0.547324215,97.78
2030,4676,0.987929,0.0,0.53675684,102.81
2030,4677,0.987916,0.0,0.540117368,109.12
2030,4678,0.980707,0.0,0.525476079,104.44
2030,4679,0.965865,0.0,0.499207314,100.83
2030,4680,0.942878,0.0,0.480859496,100.63
2030,4681,0.914616,0.0,0.469599546,97.574
2030,4682,0.882137,0.0,0.462617812,94.1
2030,4683,0.836976,0.0,0.45886966,87.897
2030,4684,0.785684,0.0,0.454941955,93.948
2030,4685,0.706841,0.1938077777777778,0.455511465,87.057
2030,4686,0.593572,0.4852788888888888,0.456599804,81.59
2030,4687,0.501974,0.6680855555555556,0.465090813,53.617
2030,4688,0.42371,0.7909355555555555,0.480880961,11.978
2030,4689,0.359072,0.8608177777777778,0.494156142,0.10399
2030,4690,0.314955,0.8859977777777778,0.503344936,0.10955
2030,4691,0.290945,0.8887811111111111,0.503875104,0.10969
2030,4692,0.288543,0.8762844444444444,0.513011169,0.091629
2030,4693,0.296966,0.8659877777777778,0.517350147,0.095664
2030,4694,0.301655,0.8535911111111112,0.518631114,0.10296
2030,4695,0.296635,0.8136477777777777,0.522959828,0.11012
2030,4696,0.272125,0.7014444444444444,0.539786585,0.41909
2030,4697,0.234815,0.5414311111111112,0.549275543,33.572
2030,4698,0.198885,0.3060266666666666,0.552852175,79.666
2030,4699,0.181401,0.13133666666666668,0.550566254,86.161
2030,4700,0.197008,0.021195555555555554,0.549422269,115.85
2030,4701,0.238685,0.0,0.548208074,111.17
2030,4702,0.293363,0.0,0.527520535,92.692
2030,4703,0.356483,0.0,0.497183719,87.679
2030,4704,0.403603,0.0,0.480137208,83.836
2030,4705,0.409838,0.0,0.531899536,83.348
2030,4706,0.410971,0.0,0.529131279,84.988
2030,4707,0.450946,0.0,0.530867613,86.661
2030,4708,0.474218,0.0,0.538615583,94.615
2030,4709,0.460842,0.03762111111111111,0.56848712,102.25
2030,4710,0.462558,0.12237111111111111,0.573559921,92.389
2030,4711,0.50197,0.2122655555555555,0.627296045,89.065
2030,4712,0.596118,0.2768422222222222,0.654161016,79.179
2030,4713,0.704692,0.2884855555555556,0.657935834,12.015
2030,4714,0.825884,0.29015777777777774,0.671005745,15.415
2030,4715,0.873176,0.2700433333333333,0.677147761,0.10642
2030,4716,0.878307,0.21998222222222222,0.677678649,0.096833
2030,4717,0.876448,0.17533333333333334,0.686645755,0.11311
2030,4718,0.909152,0.13854999999999998,0.679553182,0.96363
2030,4719,0.946035,0.10098222222222222,0.669315988,25.37
2030,4720,0.96638,0.059263333333333335,0.687897507,84.532
2030,4721,0.97066,0.03873555555555555,0.669275575,94.88
2030,4722,0.9722,0.019847777777777773,0.651145841,115.38
2030,4723,0.965847,0.005988888888888888,0.634503313,108.11
2030,4724,0.949476,0.0,0.61241282,134.47
2030,4725,0.924643,0.0,0.601292372,107.94
2030,4726,0.890453,0.0,0.570745282,94.276
2030,4727,0.867854,0.0,0.529327108,88.998
2030,4728,0.8353,0.0,0.508832485,81.799
2030,4729,0.813474,0.0,0.546341209,77.723
2030,4730,0.787717,0.0,0.540744019,76.642
2030,4731,0.766494,0.0,0.54038145,81.273
2030,4732,0.755084,0.0,0.546273335,99.779
2030,4733,0.754953,0.16124888888888886,0.576467203,121.03
2030,4734,0.77467,0.3960188888888889,0.580392575,110.51
2030,4735,0.800863,0.5982977777777778,0.627687819,85.752
2030,4736,0.827112,0.7320744444444445,0.659546205,46.254
2030,4737,0.854711,0.7720588888888887,0.662989944,23.003
2030,4738,0.873154,0.7509799999999999,0.677521874,1.675
2030,4739,0.888834,0.7029399999999999,0.684444764,0.53641
2030,4740,0.908416,0.65698,0.691964252,0.11536
2030,4741,0.921846,0.6281488888888888,0.706530493,0.11409
2030,4742,0.928163,0.5821933333333333,0.706237737,0.10587
2030,4743,0.936951,0.6300933333333333,0.702356873,0.10749
2030,4744,0.946919,0.5086033333333333,0.71903982,12.005
2030,4745,0.950383,0.3309511111111111,0.693464509,12.689
2030,4746,0.951836,0.21684888888888887,0.675678964,85.29
2030,4747,0.951867,0.13564444444444446,0.654946491,97.117
2030,4748,0.944304,0.021085555555555555,0.630675436,107.24
2030,4749,0.932347,0.0,0.601663145,119.38
2030,4750,0.927269,0.0,0.572858897,103.21
2030,4751,0.942085,0.0,0.53028981,87.255
2030,4752,0.951326,0.0,0.509306661,85.957
2030,4753,0.948056,0.0,0.547341953,87.569
2030,4754,0.941412,0.0,0.541654832,85.007
2030,4755,0.939857,0.0,0.541526457,84.795
2030,4756,0.937576,0.0,0.547597197,87.828
2030,4757,0.936177,0.01854888888888889,0.575907993,88.551
2030,4758,0.943613,0.08032777777777778,0.581641499,83.258
2030,4759,0.956128,0.17534444444444444,0.635045872,79.293
2030,4760,0.965364,0.30347888888888885,0.667200789,11.982
2030,4761,0.971153,0.41172777777777775,0.680535608,0.10851
2030,4762,0.973932,0.4797033333333333,0.692309134,0.11165
2030,4763,0.973559,0.5226466666666666,0.689128474,0.10505
2030,4764,0.970047,0.4882255555555556,0.686361102,0.11121
2030,4765,0.963654,0.5201466666666666,0.69542622,0.094754
2030,4766,0.95416,0.5442022222222223,0.696245541,0.10575
2030,4767,0.944523,0.6155588888888889,0.691913275,0.10769
2030,4768,0.939906,0.604858888888889,0.70356986,0.15729
2030,4769,0.937048,0.47586111111111107,0.680657106,12.523
2030,4770,0.9295,0.33857666666666664,0.659714207,60.146
2030,4771,0.920591,0.15568555555555552,0.641404779,85.072
2030,4772,0.912643,0.015875555555555552,0.621887931,107.5
2030,4773,0.899341,0.0,0.608420355,105.4
2030,4774,0.871025,0.0,0.577760957,94.215
2030,4775,0.819783,0.0,0.534242761,92.084
2030,4776,0.762617,0.0,0.512324199,83.94
2030,4777,0.707013,0.0,0.549514586,83.177
2030,4778,0.660561,0.0,0.543657676,86.855
2030,4779,0.623878,0.0,0.543226842,91.113
2030,4780,0.580002,0.0,0.549502474,101.47
2030,4781,0.5397,0.13304888888888888,0.577970293,110.79
2030,4782,0.490526,0.3902422222222222,0.586099912,87.143
2030,4783,0.463604,0.4406288888888889,0.638230482,83.023
2030,4784,0.407133,0.4509311111111111,0.661878781,43.351
2030,4785,0.344229,0.6117088888888889,0.66507664,49.443
2030,4786,0.270361,0.7202688888888887,0.671205932,0.1105
2030,4787,0.193959,0.7188122222222222,0.668594222,0.11164
2030,4788,0.134881,0.7014611111111112,0.672944838,0.1132
2030,4789,0.091258,0.6276477777777779,0.694473451,0.10884
2030,4790,0.062845,0.5061122222222222,0.690165566,0.12773
2030,4791,0.042964,0.36056111111111105,0.679606122,0.42871
2030,4792,0.033223,0.23164555555555552,0.698243064,10.714
2030,4793,0.03097,0.15207,0.677323724,31.992
2030,4794,0.032974,0.08857333333333332,0.658770504,63.535
2030,4795,0.035589,0.03733555555555555,0.643966954,84.03
2030,4796,0.037269,0.004222222222222223,0.621054425,105.32
2030,4797,0.035297,0.0,0.607874294,110.46
2030,4798,0.030318,0.0,0.576748996,102.74
2030,4799,0.028336,0.0,0.53423048,91.162
2030,4800,0.024297,0.0,0.512624567,88.528
2030,4801,0.019545,0.0,0.549106955,83.664
2030,4802,0.020817,0.0,0.542714437,82.703
2030,4803,0.027184,0.0,0.542245138,83.102
2030,4804,0.031315,0.0,0.547827832,85.253
2030,4805,0.028936,0.24359666666666666,0.576675594,86.924
2030,4806,0.026363,0.544392222222222,0.580963968,81.681
2030,4807,0.03131,0.7080022222222222,0.624580868,101.02
2030,4808,0.044781,0.7948033333333333,0.648386691,97.078
2030,4809,0.061919,0.842671111111111,0.654631062,86.355
2030,4810,0.073291,0.8538699999999999,0.665861887,60.445
2030,4811,0.069527,0.830401111111111,0.668820656,24.442
2030,4812,0.055888,0.7976811111111112,0.669579487,1.141
2030,4813,0.046356,0.7578644444444445,0.681701229,0.12244
2030,4814,0.043119,0.6905255555555555,0.678193987,0.109
2030,4815,0.043722,0.5746555555555556,0.667917626,0.16815
2030,4816,0.045424,0.4688655555555556,0.684041746,11.824
2030,4817,0.043104,0.2919244444444445,0.666466928,18.503
2030,4818,0.034791,0.1808833333333333,0.644086359,74.923
2030,4819,0.026479,0.06905555555555556,0.624688939,87.105
2030,4820,0.021067,0.004770000000000001,0.60048982,115.65
2030,4821,0.015325,0.0,0.589762348,119.23
2030,4822,0.013526,0.0,0.563386625,106.32
2030,4823,0.016886,0.0,0.525000684,96.104
2030,4824,0.02335,0.0,0.503499025,94.221
2030,4825,0.033445,0.0,0.478421489,92.334
2030,4826,0.049207,0.0,0.470493503,89.639
2030,4827,0.067571,0.0,0.467015862,94.19
2030,4828,0.081396,0.0,0.465285825,97.932
2030,4829,0.083181,0.012075555555555555,0.471196609,91.09
2030,4830,0.080612,0.05976333333333333,0.482238518,86.956
2030,4831,0.088429,0.13459555555555552,0.502336423,82.418
2030,4832,0.111013,0.23097777777777775,0.528710902,12.004
2030,4833,0.136911,0.33640333333333333,0.549269379,0.11222
2030,4834,0.150033,0.4116288888888889,0.561190016,0.11122
2030,4835,0.158138,0.4249033333333333,0.562889252,0.10007
2030,4836,0.172212,0.4134611111111111,0.559448323,0.09911
2030,4837,0.205726,0.3860911111111111,0.55753719,0.096466
2030,4838,0.26181,0.3314366666666667,0.539952594,0.11359
2030,4839,0.327729,0.2718611111111111,0.539326905,0.099472
2030,4840,0.388497,0.24565222222222222,0.549039543,0.098693
2030,4841,0.435799,0.20501777777777777,0.55033357,16.923
2030,4842,0.456512,0.1548711111111111,0.549939579,87.041
2030,4843,0.465282,0.08262555555555555,0.541259529,87.367
2030,4844,0.472405,0.00730888888888889,0.53629504,104.45
2030,4845,0.467513,0.0,0.534396232,113.25
2030,4846,0.453052,0.0,0.518677695,103.17
2030,4847,0.439218,0.0,0.493116234,97.706
2030,4848,0.43597,0.0,0.475108486,97.51
2030,4849,0.440835,0.0,0.464356875,92.681
2030,4850,0.450352,0.0,0.457399981,95.639
2030,4851,0.460187,0.0,0.454193975,99.119
2030,4852,0.472085,0.0,0.451428687,101.48
2030,4853,0.484328,0.0758311111111111,0.452167422,102.37
2030,4854,0.497405,0.28599444444444444,0.451809089,85.295
2030,4855,0.541023,0.5021311111111111,0.461510018,78.46
2030,4856,0.578172,0.6366466666666666,0.478676118,14.433
2030,4857,0.601306,0.7505755555555554,0.487635689,0.10297
2030,4858,0.613558,0.826017777777778,0.496439748,0.099842
2030,4859,0.63188,0.8423577777777778,0.502879488,0.096373
2030,4860,0.667847,0.8400766666666666,0.506326818,0.10824
2030,4861,0.704573,0.8397955555555555,0.502773842,0.10612
2030,4862,0.733159,0.8413299999999999,0.499857802,0.09504
2030,4863,0.741372,0.8157077777777777,0.503822327,0.098345
2030,4864,0.744632,0.7637288888888888,0.527116732,27.59
2030,4865,0.742656,0.6584888888888888,0.532970874,40.847
2030,4866,0.735215,0.5134211111111111,0.54166534,86.073
2030,4867,0.725383,0.2908122222222222,0.542010752,89.787
2030,4868,0.721766,0.02976444444444444,0.540324519,121.93
2030,4869,0.722635,0.0,0.541256693,116.78
2030,4870,0.724785,0.0,0.520775189,101.8
2030,4871,0.723413,0.0,0.491442329,96.889
2030,4872,0.721775,0.0,0.474847285,92.159
2030,4873,0.720931,0.0,0.519568659,91.287
2030,4874,0.71652,0.0,0.516976333,93.635
2030,4875,0.71448,0.0,0.519043577,95.574
2030,4876,0.721994,0.0,0.528181033,101.54
2030,4877,0.727554,0.08317999999999999,0.554455515,90.117
2030,4878,0.731105,0.23763777777777775,0.554563909,85.902
2030,4879,0.75802,0.41527222222222226,0.597089749,82.151
2030,4880,0.780872,0.5754033333333334,0.623726613,69.898
2030,4881,0.794726,0.7055522222222222,0.631785569,0.1049
2030,4882,0.79436,0.7639777777777778,0.643226565,0.10912
2030,4883,0.798118,0.7846333333333333,0.646463384,0.11312
2030,4884,0.82516,0.76822,0.653139311,0.10857
2030,4885,0.863085,0.6703422222222221,0.665806167,0.11054
2030,4886,0.896612,0.46716444444444444,0.668403754,0.1052
2030,4887,0.920809,0.2693244444444444,0.662437378,10.085
2030,4888,0.937359,0.14002,0.681795613,48.735
2030,4889,0.94837,0.06426666666666667,0.662831124,80.808
2030,4890,0.9538,0.027665555555555554,0.642305473,91.977
2030,4891,0.956139,0.007517777777777778,0.622645963,99.641
2030,4892,0.96133,0.0,0.601000542,129.94
2030,4893,0.966782,0.0,0.59029672,102.26
2030,4894,0.972554,0.0,0.559874702,87.712
2030,4895,0.977378,0.0,0.519339741,90.249
2030,4896,0.981277,0.0,0.499711405,80.282
2030,4897,0.983359,0.0,0.537457529,81.489
2030,4898,0.984852,0.0,0.530988498,79.921
2030,4899,0.98619,0.0,0.530421375,87.598
2030,4900,0.986536,0.0,0.537312476,88.465
2030,4901,0.985562,0.0015511111111111107,0.562928029,90.507
2030,4902,0.983672,0.01729666666666667,0.562266725,92.556
2030,4903,0.981134,0.047023333333333334,0.593641344,100.47
2030,4904,0.9775,0.10266111111111109,0.612660047,88.822
2030,4905,0.97363,0.1990011111111111,0.621458459,70.015
2030,4906,0.96858,0.3111,0.634057847,30.693
2030,4907,0.963876,0.4244566666666667,0.635466207,11.981
2030,4908,0.959491,0.4786477777777777,0.643485344,0.25423
2030,4909,0.952932,0.4343688888888889,0.658277075,11.962
2030,4910,0.942552,0.3573455555555556,0.663449124,1.125
2030,4911,0.922999,0.28897666666666666,0.663520237,0.82952
2030,4912,0.896116,0.25654,0.68530423,12.019
2030,4913,0.854536,0.2522844444444445,0.665701341,45.523
2030,4914,0.783844,0.18049666666666667,0.650260232,85.632
2030,4915,0.692151,0.0972011111111111,0.632781705,90.278
2030,4916,0.585199,0.004977777777777778,0.610007885,120.45
2030,4917,0.466049,0.0,0.600498128,118.13
2030,4918,0.356526,0.0,0.570498035,102.01
2030,4919,0.277968,0.0,0.528120827,94.174
2030,4920,0.226167,0.0,0.507789934,93.013
2030,4921,0.190393,0.0,0.546228439,89.006
2030,4922,0.158836,0.0,0.538929855,89.965
2030,4923,0.123961,0.0,0.537840959,93.758
2030,4924,0.09113,0.0,0.54453717,95.331
2030,4925,0.068404,0.214,0.569588066,88.32
2030,4926,0.055713,0.5124066666666667,0.567618604,84.886
2030,4927,0.047384,0.688,0.600446872,84.95
2030,4928,0.046815,0.7870766666666668,0.621770495,51.407
2030,4929,0.048713,0.8171133333333334,0.62934981,11.994
2030,4930,0.054786,0.8022466666666667,0.642201979,0.11026
2030,4931,0.06411700000000001,0.7398044444444444,0.645554306,0.10393
2030,4932,0.066035,0.6842055555555555,0.656924269,0.10865
2030,4933,0.060873,0.6310655555555554,0.670475781,0.10308
2030,4934,0.069287,0.5462255555555554,0.674568325,0.10936
2030,4935,0.104046,0.44028444444444437,0.675031055,0.11027
2030,4936,0.172214,0.3127833333333333,0.697885034,20.034
2030,4937,0.252252,0.20642444444444444,0.678089966,78.764
2030,4938,0.306242,0.13095777777777778,0.662078504,90.702
2030,4939,0.323265,0.05073555555555555,0.648891448,95.592
2030,4940,0.310318,0.0004811111111111111,0.627352858,131.41
2030,4941,0.282121,0.0,0.615242082,126.57
2030,4942,0.25931,0.0,0.585007745,108.36
2030,4943,0.256531,0.0,0.541810274,99.743
2030,4944,0.284543,0.0,0.518359077,95.782
2030,4945,0.33371,0.0,0.554120036,95.536
2030,4946,0.385855,0.0,0.546517305,95.235
2030,4947,0.428482,0.0,0.545692021,96.442
2030,4948,0.451025,0.0,0.552368596,89.212
2030,4949,0.452113,0.011424444444444445,0.576521537,93.379
2030,4950,0.42597,0.053026666666666666,0.572869484,92.282
2030,4951,0.389319,0.1011588888888889,0.606300861,88.542
2030,4952,0.355765,0.1503611111111111,0.629285577,88.585
2030,4953,0.327612,0.2196377777777778,0.643468566,82.114
2030,4954,0.300703,0.29933333333333334,0.659438034,86.577
2030,4955,0.289698,0.3955633333333333,0.654159178,80.496
2030,4956,0.310355,0.4800522222222222,0.66227539,47.048
2030,4957,0.351795,0.512498888888889,0.672961513,0.10741
2030,4958,0.388976,0.5491177777777778,0.676283336,0.10775
2030,4959,0.412392,0.4791233333333333,0.676277338,29.725
2030,4960,0.399079,0.4802366666666667,0.693492603,70.811
2030,4961,0.350997,0.39815555555555554,0.676631011,87.13
2030,4962,0.279658,0.2579677777777778,0.662496672,90.668
2030,4963,0.199777,0.0813288888888889,0.650063734,97.381
2030,4964,0.142491,0.0010799999999999998,0.626494775,119.72
2030,4965,0.093213,0.0,0.606141682,118.06
2030,4966,0.058937,0.0,0.579620693,110.03
2030,4967,0.039646,0.0,0.540523972,105.38
2030,4968,0.030599,0.0,0.519247678,100.82
2030,4969,0.026731,0.0,0.555203504,97.582
2030,4970,0.02637,0.0,0.548209531,95.896
2030,4971,0.028761,0.0,0.54778418,97.907
2030,4972,0.039184,0.0,0.554367043,100.5
2030,4973,0.0522,0.05269,0.577243855,98.529
2030,4974,0.063129,0.2195411111111111,0.570752565,92.532
2030,4975,0.072676,0.4189788888888889,0.605067122,92.783
2030,4976,0.076769,0.6283288888888888,0.632283631,88.071
2030,4977,0.070602,0.7475466666666667,0.646329241,88.8
2030,4978,0.055278,0.7917188888888889,0.656292022,84.012
2030,4979,0.043757,0.7341977777777778,0.655662407,61.675
2030,4980,0.039892,0.7234411111111112,0.661029572,56.433
2030,4981,0.04056,0.6779622222222222,0.673995938,0.11335
2030,4982,0.049214,0.6026233333333334,0.672923006,0.10452
2030,4983,0.068564,0.4747355555555556,0.671436579,0.28339
2030,4984,0.098913,0.3989588888888889,0.689913114,35.597
2030,4985,0.134353,0.2713355555555556,0.670500529,59.172
2030,4986,0.172206,0.20989333333333332,0.655619018,85.035
2030,4987,0.215075,0.09147999999999999,0.638022922,92.104
2030,4988,0.254661,0.0023488888888888886,0.61523524,113.53
2030,4989,0.272129,0.0,0.603472191,127.63
2030,4990,0.277903,0.0,0.578834922,98.282
2030,4991,0.26742,0.0,0.540496627,93.815
2030,4992,0.241679,0.0,0.519036081,91.853
2030,4993,0.211822,0.0,0.501519521,88.528
2030,4994,0.186857,0.0,0.492971637,85.997
2030,4995,0.174975,0.0,0.489121303,85.372
2030,4996,0.174953,0.0,0.487885385,90.131
2030,4997,0.181526,0.03644999999999999,0.492648095,86.726
2030,4998,0.178216,0.19693555555555553,0.501011478,89.924
2030,4999,0.172887,0.44632777777777777,0.520048975,92.13
2030,5000,0.187197,0.6109844444444444,0.537392711,82.92
2030,5001,0.198884,0.7297644444444444,0.548932858,37.794
2030,5002,0.196098,0.7820222222222222,0.55506023,11.985
2030,5003,0.190125,0.7957488888888887,0.546690728,0.74331
2030,5004,0.198875,0.7874444444444445,0.546918331,0.1072
2030,5005,0.217104,0.767582222222222,0.543185614,0.10267
2030,5006,0.236203,0.7363188888888889,0.542716744,0.10411
2030,5007,0.257024,0.6746122222222221,0.551639698,0.50081
2030,5008,0.293333,0.5616077777777778,0.568988946,14.23
2030,5009,0.341331,0.4744399999999999,0.569430332,84.183
2030,5010,0.3888,0.3651166666666667,0.576771381,92.855
2030,5011,0.433125,0.1571211111111111,0.573657754,96.833
2030,5012,0.454079,0.0042833333333333334,0.566687303,112.67
2030,5013,0.433515,0.0,0.566081619,114.1
2030,5014,0.381769,0.0,0.549349646,106.44
2030,5015,0.334582,0.0,0.521490436,100.63
2030,5016,0.302012,0.0,0.501591264,97.649
2030,5017,0.28198,0.0,0.489140491,98.044
2030,5018,0.277934,0.0,0.480988582,95.733
2030,5019,0.29694,0.0,0.476058415,97.701
2030,5020,0.341673,0.0,0.472996725,105.82
2030,5021,0.391026,0.09549444444444444,0.472428082,104.82
2030,5022,0.409814,0.22322444444444445,0.47121217,109.37
2030,5023,0.418439,0.3697233333333333,0.478758588,95.505
2030,5024,0.418447,0.5151766666666666,0.488057396,85.822
2030,5025,0.419249,0.6462911111111111,0.499319836,18.587
2030,5026,0.41652,0.7066522222222221,0.504906465,75.342
2030,5027,0.425772,0.6700544444444444,0.503728541,0.10234
2030,5028,0.453096,0.7553222222222222,0.510463756,0.11043
2030,5029,0.484062,0.76364,0.513507884,0.10432
2030,5030,0.506042,0.7573377777777778,0.510916037,0.11242
2030,5031,0.517376,0.71287,0.522163594,0.097056
2030,5032,0.530358,0.6235888888888889,0.539938948,44.106
2030,5033,0.539701,0.5331177777777777,0.547765225,85.375
2030,5034,0.542372,0.3687222222222223,0.556644278,95.449
2030,5035,0.539698,0.12379111111111112,0.558771607,102.47
2030,5036,0.530975,0.0009711111111111112,0.556715823,139.78
2030,5037,0.506044,0.0,0.554641763,121.53
2030,5038,0.477285,0.0,0.534201341,106.72
2030,5039,0.449236,0.0,0.504692584,100.4
2030,5040,0.42866,0.0,0.486791374,94.904
2030,5041,0.441131,0.0,0.530756407,92.151
2030,5042,0.472095,0.0,0.527629101,91.454
2030,5043,0.500634,0.0,0.529636288,88.308
2030,5044,0.501973,0.0,0.538898392,94.395
2030,5045,0.47208,0.008085555555555556,0.56326632,89.268
2030,5046,0.419244,0.03860555555555555,0.557743219,92.734
2030,5047,0.371391,0.0885188888888889,0.594374681,88.497
2030,5048,0.350618,0.1813422222222222,0.619397929,53.927
2030,5049,0.3506,0.32647777777777776,0.628723312,23.534
2030,5050,0.353861,0.41966999999999993,0.641620688,57.775
2030,5051,0.356379,0.5005955555555556,0.641974121,32.745
2030,5052,0.35576,0.55727,0.651989253,67.039
2030,5053,0.338569,0.5466111111111112,0.667243497,12.004
2030,5054,0.307869,0.5620511111111112,0.669546087,20.465
2030,5055,0.288575,0.5168955555555556,0.666812705,1.208
2030,5056,0.299349,0.3916188888888889,0.68970106,51.159
2030,5057,0.318989,0.23903666666666665,0.664506278,91.852
2030,5058,0.312804,0.11315222222222222,0.642463505,96.416
2030,5059,0.27441,0.01807555555555556,0.624019399,101.81
2030,5060,0.230471,0.0,0.604632247,119.73
2030,5061,0.19758,0.0,0.590398082,119.48
2030,5062,0.175814,0.0,0.562609633,106.11
2030,5063,0.152441,0.0,0.521548667,99.487
2030,5064,0.135358,0.0,0.503244015,93.491
2030,5065,0.138326,0.0,0.537770767,89.997
2030,5066,0.148435,0.0,0.531332081,89.769
2030,5067,0.148444,0.0,0.530217247,91.988
2030,5068,0.138938,0.0,0.538521836,98.35
2030,5069,0.12361,0.005375555555555556,0.565808516,114.32
2030,5070,0.101314,0.042699999999999995,0.565705452,124.5
2030,5071,0.074967,0.10520222222222222,0.600217555,117.87
2030,5072,0.050369,0.20939,0.62383443,95.688
2030,5073,0.031313,0.3904988888888889,0.631422161,84.288
2030,5074,0.021297,0.5099944444444444,0.638494863,26.717
2030,5075,0.018459,0.7553688888888889,0.640595051,72.878
2030,5076,0.019605,0.8263299999999999,0.645681918,0.11172
2030,5077,0.019585,0.8455122222222222,0.656824518,0.44055
2030,5078,0.020647,0.8521088888888889,0.664237693,13.402
2030,5079,0.021279,0.8334844444444445,0.680438615,18.155
2030,5080,0.017894,0.7931244444444444,0.711719883,81.072
2030,5081,0.012104,0.7059422222222222,0.69276329,97.499
2030,5082,0.007012,0.5455,0.665423024,110.14
2030,5083,0.005167,0.26962444444444444,0.631746831,127.82
2030,5084,0.006468,0.005994444444444443,0.615976674,142.99
2030,5085,0.012269,0.0,0.601261744,133.53
2030,5086,0.028611,0.0,0.575618547,119.57
2030,5087,0.045887,0.0,0.534332429,108.99
2030,5088,0.06129,0.0,0.514747203,102.71
2030,5089,0.074719,0.0,0.54616347,101.25
2030,5090,0.088818,0.0,0.538555579,99.949
2030,5091,0.102314,0.0,0.536996688,96.136
2030,5092,0.108838,0.0,0.547446519,100.84
2030,5093,0.108837,0.18547111111111114,0.570130163,104.35
2030,5094,0.099897,0.4922233333333333,0.5605594,97.855
2030,5095,0.084216,0.7073477777777779,0.600398716,93.963
2030,5096,0.083537,0.8137088888888888,0.626482233,44.183
2030,5097,0.084231,0.8670755555555556,0.63276713,0.74003
2030,5098,0.082378,0.889531111111111,0.643500423,0.11393
2030,5099,0.076382,0.8899855555555555,0.640234352,0.10505
2030,5100,0.068556,0.87548,0.643329123,0.10524
2030,5101,0.06491500000000001,0.8672633333333334,0.651856271,0.10577
2030,5102,0.068249,0.8585577777777778,0.652958673,0.10847
2030,5103,0.078244,0.8286455555555554,0.650102806,0.11516
2030,5104,0.087348,0.7697022222222222,0.672686012,16.314
2030,5105,0.094582,0.6692466666666667,0.653344617,93.557
2030,5106,0.115999,0.49358,0.635577123,102.67
2030,5107,0.16513,0.21165888888888887,0.618087823,116.47
2030,5108,0.254302,0.0027555555555555554,0.604568835,133.31
2030,5109,0.354912,0.0,0.58908585,133.11
2030,5110,0.429943,0.0,0.558055575,115.54
2030,5111,0.468679,0.0,0.517023864,108.23
2030,5112,0.47211,0.0,0.495749572,99.647
2030,5113,0.442046,0.0,0.531966063,96.85
2030,5114,0.383188,0.0,0.525922957,96.018
2030,5115,0.310344,0.0,0.524751293,96.923
2030,5116,0.252777,0.0,0.534110265,104.15
2030,5117,0.212139,0.11794777777777778,0.556874792,124.69
2030,5118,0.174991,0.3422955555555555,0.548291708,104.59
2030,5119,0.138179,0.41658777777777767,0.584123889,96.98
2030,5120,0.122759,0.44697999999999993,0.608610405,44.02
2030,5121,0.148444,0.5445866666666667,0.616619266,10.127
2030,5122,0.201163,0.6322244444444444,0.626342595,0.099636
2030,5123,0.241643,0.6471722222222223,0.629997887,0.10163
2030,5124,0.241665,0.6884744444444444,0.641003002,0.10157
2030,5125,0.217131,0.7452566666666667,0.654970073,0.10982
2030,5126,0.189282,0.76166,0.655425643,0.10363
2030,5127,0.137669,0.6874799999999999,0.655731448,0.67698
2030,5128,0.070485,0.5675733333333333,0.677024421,61.981
2030,5129,0.0207,0.4541311111111111,0.660013758,96.659
2030,5130,0.031512,0.2745911111111111,0.640687475,101.56
2030,5131,0.130645,0.07305444444444444,0.627998049,105.45
2030,5132,0.223812,0.0,0.620997449,152.19
2030,5133,0.296927,0.0,0.593086933,128.06
2030,5134,0.344765,0.0,0.562480185,109.59
2030,5135,0.385851,0.0,0.522875498,102.57
2030,5136,0.412763,0.0,0.502689687,98.456
2030,5137,0.378394,0.0,0.538113186,95.808
2030,5138,0.318763,0.0,0.531520404,94.662
2030,5139,0.314697,0.0,0.530110268,97.555
2030,5140,0.392168,0.0,0.539154267,101.25
2030,5141,0.425955,0.01567333333333333,0.561786578,104.54
2030,5142,0.389361,0.061426666666666664,0.550394925,105.28
2030,5143,0.329351,0.1040788888888889,0.584823773,97.142
2030,5144,0.25158,0.12412333333333332,0.611403884,25.656
2030,5145,0.164575,0.14473999999999998,0.622606275,1.092
2030,5146,0.087225,0.18007222222222222,0.636808745,0.1039
2030,5147,0.037501,0.21784333333333333,0.640415751,0.10244
2030,5148,0.015463,0.23012666666666665,0.646196741,0.10143
2030,5149,0.012688,0.21031666666666665,0.668208663,0.10398
2030,5150,0.02446,0.17613555555555555,0.674117788,0.11267
2030,5151,0.047096,0.15222666666666665,0.664157224,0.10104
2030,5152,0.064968,0.12889777777777778,0.677937804,83.589
2030,5153,0.074576,0.10550666666666665,0.655777776,82.382
2030,5154,0.083122,0.07863111111111111,0.634678574,98.733
2030,5155,0.098528,0.04145666666666666,0.615670615,108.68
2030,5156,0.122912,0.0,0.601970844,124.86
2030,5157,0.156129,0.0,0.58009504,127.34
2030,5158,0.196902,0.0,0.55463257,119.15
2030,5159,0.231821,0.0,0.517543551,108.55
2030,5160,0.243851,0.0,0.49633268,106.5
2030,5161,0.239369,0.0,0.477412314,102.91
2030,5162,0.236186,0.0,0.46895794,101.38
2030,5163,0.243843,0.0,0.464411316,101.26
2030,5164,0.270878,0.0,0.465763563,102.23
2030,5165,0.3079,0.09008666666666668,0.470044461,101.35
2030,5166,0.327717,0.38801111111111103,0.472805893,96.98
2030,5167,0.346917,0.6110188888888889,0.492879316,91.238
2030,5168,0.385828,0.7397288888888889,0.512821711,36.894
2030,5169,0.419223,0.80226,0.519939856,0.30179
2030,5170,0.426869,0.822431111111111,0.521232314,0.1038
2030,5171,0.425953,0.794151111111111,0.513696841,0.10841
2030,5172,0.441697,0.7243022222222222,0.513847739,0.10709
2030,5173,0.470022,0.6339277777777776,0.508387555,0.10377
2030,5174,0.470802,0.3901088888888889,0.508578633,0.10298
2030,5175,0.459416,0.17562555555555553,0.519141739,0.11446
2030,5176,0.443666,0.11435555555555556,0.536061719,35.535
2030,5177,0.48593,0.10243333333333333,0.543285437,95.582
2030,5178,0.573333,0.05033,0.543781362,105.36
2030,5179,0.666515,0.007765555555555556,0.540615179,119.81
2030,5180,0.736721,0.0,0.544304631,132.62
2030,5181,0.789544,0.0,0.538072737,131.99
2030,5182,0.827538,0.0,0.519278801,109.14
2030,5183,0.852554,0.0,0.49296221,101.62
2030,5184,0.824104,0.0,0.473986153,96.285
2030,5185,0.806299,0.0,0.46088737,91.853
2030,5186,0.779189,0.0,0.453715343,92.745
2030,5187,0.726314,0.0,0.449782095,97.343
2030,5188,0.601231,0.0,0.449848675,105.18
2030,5189,0.476782,0.12049333333333334,0.448703062,106.29
2030,5190,0.396258,0.49279,0.439692489,93.449
2030,5191,0.369372,0.6885933333333334,0.449724187,86.104
2030,5192,0.34567,0.7863988888888889,0.461209203,24.986
2030,5193,0.334282,0.8369733333333332,0.473128697,0.11039
2030,5194,0.315548,0.8636133333333332,0.480462138,0.10643
2030,5195,0.281411,0.8667366666666666,0.482033683,0.10189
2030,5196,0.236275,0.8644288888888888,0.488182911,0.10646
2030,5197,0.183394,0.8592455555555556,0.489558591,0.10103
2030,5198,0.125799,0.8571188888888889,0.488119597,0.10853
2030,5199,0.073105,0.8325311111111111,0.499687148,12.697
2030,5200,0.035615,0.7713388888888889,0.524808908,78.98
2030,5201,0.01465,0.6587844444444444,0.537088419,100.28
2030,5202,0.005654,0.4533788888888889,0.548171196,119.68
2030,5203,0.004631,0.17384444444444447,0.553898244,139.59
2030,5204,0.011942,0.0,0.567256825,154.49
2030,5205,0.027556,0.0,0.552878913,123.02
2030,5206,0.052478,0.0,0.530102857,108.61
2030,5207,0.084031,0.0,0.50017107,101.28
2030,5208,0.128122,0.0,0.481929087,89.195
2030,5209,0.168196,0.0,0.524271779,88.049
2030,5210,0.205573,0.0,0.520852318,90.571
2030,5211,0.243861,0.0,0.521407682,95.179
2030,5212,0.275169,0.0,0.532657758,103.79
2030,5213,0.283945,0.0,0.556041969,124.67
2030,5214,0.261747,0.029991111111111107,0.545179045,130.12
2030,5215,0.238016,0.14929888888888887,0.586299012,121.12
2030,5216,0.236965,0.26696444444444445,0.60603054,101.21
2030,5217,0.26402,0.3638133333333333,0.613808751,92.661
2030,5218,0.293366,0.4672266666666667,0.624598164,9.88
2030,5219,0.302564,0.4808766666666667,0.631523011,10.144
2030,5220,0.284897,0.36341333333333337,0.640046132,0.10963
2030,5221,0.264022,0.24925333333333335,0.654799765,0.10817
2030,5222,0.26181,0.32079555555555556,0.660241583,0.40812
2030,5223,0.299381,0.39128222222222225,0.660005208,12.932
2030,5224,0.361765,0.36123111111111106,0.68103545,82.933
2030,5225,0.405388,0.12150999999999998,0.659910166,96.848
2030,5226,0.44626,0.03669222222222222,0.643123248,107.12
2030,5227,0.533544,0.006747777777777778,0.630684105,125.47
2030,5228,0.607219,0.0,0.619841636,142.92
2030,5229,0.672851,0.0,0.602588883,126.09
2030,5230,0.70613,0.0,0.571849934,108.73
2030,5231,0.696287,0.0,0.532605759,106.32
2030,5232,0.716229,0.0,0.512276274,104.47
2030,5233,0.758245,0.0,0.547867887,100.84
2030,5234,0.796399,0.0,0.540944145,99.37
2030,5235,0.784658,0.0,0.539635201,103.56
2030,5236,0.754062,0.0,0.549685282,106.37
2030,5237,0.74272,0.11565555555555555,0.57314074,112.42
2030,5238,0.74963,0.4831277777777777,0.559577869,103.84
2030,5239,0.812005,0.6629855555555556,0.598124312,99.743
2030,5240,0.873983,0.7464300000000001,0.631480182,95.984
2030,5241,0.911643,0.80443,0.640418513,95.958
2030,5242,0.933096,0.8457788888888889,0.656919497,85.203
2030,5243,0.942125,0.8604422222222222,0.654246823,79.09
2030,5244,0.943622,0.8524655555555556,0.660059051,58.925
2030,5245,0.94029,0.8479677777777778,0.672406869,53.576
2030,5246,0.936195,0.8409777777777778,0.676630093,58.646
2030,5247,0.933772,0.8038933333333333,0.685108649,59.364
2030,5248,0.932365,0.7289833333333334,0.699929581,84.409
2030,5249,0.92723,0.6174544444444444,0.670047182,100.46
2030,5250,0.913314,0.3788122222222222,0.642543554,109.67
2030,5251,0.89815,0.15545999999999996,0.628671577,126.24
2030,5252,0.878222,0.0,0.622046319,127.2
2030,5253,0.840064,0.0,0.600841538,114.72
2030,5254,0.785395,0.0,0.568847055,102.33
2030,5255,0.71008,0.0,0.528254686,95.985
2030,5256,0.619711,0.0,0.507482113,99.233
2030,5257,0.547703,0.0,0.543195372,99.137
2030,5258,0.469682,0.0,0.536306841,102.2
2030,5259,0.381789,0.0,0.534366264,106.78
2030,5260,0.320109,0.0,0.543099174,114.32
2030,5261,0.299422,0.004163333333333333,0.565360007,128.39
2030,5262,0.310356,0.06491222222222222,0.552857374,127.75
2030,5263,0.36114,0.13154888888888888,0.589605224,109.65
2030,5264,0.43138,0.2097111111111111,0.613070719,100.06
2030,5265,0.524501,0.34327444444444444,0.62702333,70.349
2030,5266,0.627626,0.5670344444444445,0.641033509,99.529
2030,5267,0.719608,0.6989,0.652793614,0.11308
2030,5268,0.789377,0.74409,0.651067696,0.11252
2030,5269,0.849574,0.7087188888888888,0.669369367,0.098147
2030,5270,0.898946,0.72291,0.668716463,19.495
2030,5271,0.933724,0.6935366666666666,0.661629604,21.691
2030,5272,0.949475,0.5886422222222222,0.676657361,62.318
2030,5273,0.938511,0.34845333333333334,0.655595614,104.37
2030,5274,0.915392,0.13938444444444445,0.632574327,122.69
2030,5275,0.900144,0.023167777777777777,0.621155749,129.28
2030,5276,0.890882,0.0,0.612318096,137.68
2030,5277,0.891708,0.0,0.595450138,122.84
2030,5278,0.900872,0.0,0.563441371,110.72
2030,5279,0.920237,0.0,0.523269347,107.86
2030,5280,0.925504,0.0,0.501121103,106.57
2030,5281,0.909559,0.0,0.536527072,105.62
2030,5282,0.876037,0.0,0.529872376,107.57
2030,5283,0.827189,0.0,0.528271192,112.74
2030,5284,0.796442,0.0,0.536447347,121.42
2030,5285,0.806702,0.05488888888888888,0.55900226,134.48
2030,5286,0.828541,0.2862411111111111,0.545561588,138.52
2030,5287,0.863526,0.45589777777777774,0.581103233,112.29
2030,5288,0.888708,0.6781377777777778,0.601685508,101.97
2030,5289,0.899945,0.7798899999999999,0.614162563,93.151
2030,5290,0.907151,0.8279788888888889,0.631289416,72.176
2030,5291,0.917969,0.8497244444444443,0.636286209,48.059
2030,5292,0.926018,0.8371822222222222,0.643944998,0.10831
2030,5293,0.929122,0.8298944444444444,0.655745321,0.1109
2030,5294,0.933534,0.8206566666666666,0.668333604,0.11152
2030,5295,0.936197,0.7365544444444445,0.671267499,21.509
2030,5296,0.931447,0.6758255555555556,0.685728003,93.395
2030,5297,0.918565,0.5717744444444444,0.66762522,104.08
2030,5298,0.894335,0.3565077777777778,0.650890892,116.34
2030,5299,0.86362,0.11048666666666668,0.64418302,144.37
2030,5300,0.816655,0.0,0.629571524,166.17
2030,5301,0.735066,0.0,0.597414149,137.92
2030,5302,0.612599,0.0,0.564758886,124.07
2030,5303,0.46697,0.0,0.525088033,116.97
2030,5304,0.343011,0.0,0.50437264,115.15
2030,5305,0.261731,0.0,0.53990604,111.69
2030,5306,0.222321,0.0,0.534012073,108.95
2030,5307,0.212783,0.0,0.533503379,108.39
2030,5308,0.236418,0.0,0.544240044,108.85
2030,5309,0.269773,0.020593333333333328,0.569027109,110.07
2030,5310,0.330248,0.1174111111111111,0.561565068,110.48
2030,5311,0.416049,0.38073111111111113,0.597616417,117.22
2030,5312,0.511458,0.6531355555555556,0.62631202,104.08
2030,5313,0.619667,0.6226677777777778,0.648849545,65.486
2030,5314,0.714298,0.5798433333333334,0.6656836,77.672
2030,5315,0.807656,0.6325233333333332,0.66704233,29.997
2030,5316,0.876346,0.6850366666666666,0.661900086,0.11025
2030,5317,0.898875,0.5410666666666666,0.663405169,0.1062
2030,5318,0.899497,0.3387,0.6520436,0.52341
2030,5319,0.91263,0.3001788888888889,0.643964399,28.199
2030,5320,0.93502,0.28237666666666666,0.659590758,26.803
2030,5321,0.959478,0.23066666666666666,0.644565982,87.736
2030,5322,0.971076,0.16439666666666666,0.626030109,108.5
2030,5323,0.973207,0.05906222222222222,0.612934814,117.72
2030,5324,0.974964,0.0,0.602185832,130.06
2030,5325,0.973124,0.0,0.582639297,127.42
2030,5326,0.965604,0.0,0.555188076,116.21
2030,5327,0.956763,0.0,0.518869361,109.01
2030,5328,0.950831,0.0,0.497649836,103.86
2030,5329,0.950967,0.0,0.479219603,99.951
2030,5330,0.960616,0.0,0.471113378,97.066
2030,5331,0.965064,0.0,0.466547291,97.179
2030,5332,0.95347,0.0,0.46791617,101.01
2030,5333,0.944524,0.011487777777777777,0.473315123,104.91
2030,5334,0.945528,0.10765,0.47424873,104.46
2030,5335,0.953636,0.16358444444444445,0.495344368,115.78
2030,5336,0.957842,0.19989444444444446,0.514525749,106.15
2030,5337,0.959484,0.22833777777777778,0.523654223,49.086
2030,5338,0.956161,0.4883333333333333,0.528761894,40.916
2030,5339,0.954109,0.6515344444444444,0.519786063,63.372
2030,5340,0.953169,0.6799422222222222,0.525918916,0.97482
2030,5341,0.952855,0.6786777777777777,0.517500076,0.21119
2030,5342,0.955615,0.6755566666666666,0.51633454,0.11254
2030,5343,0.959943,0.5600844444444445,0.527645956,0.51704
2030,5344,0.960337,0.35936666666666667,0.542804505,11.985
2030,5345,0.951919,0.19318444444444446,0.548639808,88.044
2030,5346,0.931494,0.10959666666666666,0.548466442,104.46
2030,5347,0.906518,0.026722222222222224,0.544629408,116.51
2030,5348,0.864855,0.0,0.551737312,128.89
2030,5349,0.824185,0.0,0.54118783,127.26
2030,5350,0.769296,0.0,0.520902872,111.65
2030,5351,0.725585,0.0,0.496501303,104.26
2030,5352,0.697345,0.0,0.477608104,92.489
2030,5353,0.654766,0.0,0.4644414,86.323
2030,5354,0.588339,0.0,0.456632976,82.728
2030,5355,0.508755,0.0,0.452424789,88.957
2030,5356,0.409819,0.0,0.453002983,104.2
2030,5357,0.30788,0.007367777777777777,0.452933504,122.36
2030,5358,0.221863,0.09194777777777777,0.442975095,137.83
2030,5359,0.16282,0.1703,0.452381071,134.94
2030,5360,0.140689,0.2530077777777778,0.463734647,102.78
2030,5361,0.119409,0.33418333333333333,0.478616034,74.972
2030,5362,0.110813,0.446061111111111,0.495557082,21.796
2030,5363,0.110069,0.5310522222222223,0.509292589,12.005
2030,5364,0.111131,0.5960588888888888,0.50937855,0.83315
2030,5365,0.118535,0.711401111111111,0.504943219,0.12071
2030,5366,0.127717,0.7138555555555556,0.491849632,0.11767
2030,5367,0.126656,0.5982411111111111,0.496380771,79.805
2030,5368,0.108111,0.4275222222222222,0.516728185,59.318
2030,5369,0.074224,0.22001555555555555,0.529050325,101.19
2030,5370,0.039738,0.11910333333333332,0.540763957,115.07
2030,5371,0.020442,0.04128777777777778,0.545026721,127.9
2030,5372,0.006335,0.0,0.550887276,165.29
2030,5373,0.004893,0.0,0.542876207,137.8
2030,5374,0.011362,0.0,0.516458333,120.05
2030,5375,0.028627,0.0,0.486672816,112.99
2030,5376,0.06530200000000001,0.0,0.46927302,110.44
2030,5377,0.128492,0.0,0.511072948,104.21
2030,5378,0.206934,0.0,0.507584843,102.42
2030,5379,0.283713,0.0,0.508428967,103.42
2030,5380,0.333671,0.0,0.520871151,111.36
2030,5381,0.355774,0.011888888888888886,0.548363919,126.53
2030,5382,0.353181,0.11743888888888888,0.537861806,113.68
2030,5383,0.355751,0.15288000000000004,0.57234951,107.58
2030,5384,0.388654,0.18826666666666667,0.592715005,94.513
2030,5385,0.416523,0.2789022222222223,0.60438489,55.677
2030,5386,0.438151,0.3782222222222222,0.622790119,0.41284
2030,5387,0.453171,0.43303555555555556,0.626369005,0.10254
2030,5388,0.457055,0.44189,0.635210844,0.097968
2030,5389,0.45767,0.3904277777777777,0.65110506,0.099486
2030,5390,0.460211,0.3500866666666666,0.649622052,0.10003
2030,5391,0.462582,0.2836488888888889,0.648643431,0.23857
2030,5392,0.453647,0.18497333333333335,0.667987209,37.794
2030,5393,0.418056,0.09184111111111111,0.646334901,97.575
2030,5394,0.443551,0.021702222222222223,0.631735379,114.16
2030,5395,0.530318,0.0024077777777777773,0.61857658,140.32
2030,5396,0.566231,0.0,0.610636384,141.54
2030,5397,0.575407,0.0,0.58742788,129.36
2030,5398,0.558953,0.0,0.553742994,113.85
2030,5399,0.533035,0.0,0.514790536,105.53
2030,5400,0.511234,0.0,0.494901594,100.75
2030,5401,0.454955,0.0,0.529741229,99.81
2030,5402,0.367719,0.0,0.523424132,101.05
2030,5403,0.280729,0.0,0.522361463,104.61
2030,5404,0.222374,0.0,0.533242154,112.73
2030,5405,0.191227,0.0,0.559873734,130.84
2030,5406,0.150101,0.010228888888888886,0.550447424,140.07
2030,5407,0.13281,0.03430777777777778,0.582753417,125.21
2030,5408,0.138608,0.09128555555555555,0.604282734,101.91
2030,5409,0.162582,0.20942000000000002,0.610427045,67.404
2030,5410,0.204514,0.5477722222222222,0.622691555,12.24
2030,5411,0.255387,0.7393277777777778,0.622942642,24.199
2030,5412,0.312836,0.6671733333333333,0.632555612,0.10793
2030,5413,0.341667,0.5794944444444444,0.645097148,0.11309
2030,5414,0.316,0.5399655555555555,0.647434352,0.10511
2030,5415,0.264052,0.48389777777777765,0.64707908,0.11005
2030,5416,0.252005,0.4346044444444444,0.667442752,24.247
2030,5417,0.293871,0.350118888888889,0.647432842,101.54
2030,5418,0.339113,0.2583066666666667,0.630122941,122.55
2030,5419,0.396954,0.07813777777777776,0.618568438,132.32
2030,5420,0.460481,0.0,0.611525654,138.95
2030,5421,0.503212,0.0,0.588256649,121.88
2030,5422,0.534456,0.0,0.554078616,107.51
2030,5423,0.50875,0.0,0.514010832,104.16
2030,5424,0.442797,0.0,0.494156873,102.33
2030,5425,0.348751,0.0,0.531305855,101.6
2030,5426,0.282295,0.0,0.524974174,101.84
2030,5427,0.260618,0.0,0.5240166,100.28
2030,5428,0.26632,0.0,0.534224538,102.6
2030,5429,0.25719299999999995,0.00797888888888889,0.55980316,103.85
2030,5430,0.233494,0.22286777777777775,0.548382776,97.271
2030,5431,0.210523,0.5047855555555556,0.581274222,107.63
2030,5432,0.215081,0.7025344444444445,0.604088116,100.48
2030,5433,0.249355,0.7996477777777778,0.61430337,93.675
2030,5434,0.299372,0.8480722222222222,0.623134889,68.602
2030,5435,0.358639,0.8654588888888889,0.626655505,16.782
2030,5436,0.386845,0.8508711111111111,0.635296171,79.361
2030,5437,0.385871,0.8426655555555554,0.646086624,11.863
2030,5438,0.356654,0.8495144444444445,0.649974327,11.159
2030,5439,0.296979,0.8334977777777778,0.649327958,12.013
2030,5440,0.221361,0.76739,0.667327812,25.004
2030,5441,0.138677,0.5521133333333333,0.648357937,82.131
2030,5442,0.088512,0.2799266666666667,0.630556869,112.37
2030,5443,0.083609,0.026024444444444444,0.61797224,116.77
2030,5444,0.124725,0.0,0.610306435,146.22
2030,5445,0.236232,0.0,0.587737018,120.36
2030,5446,0.383221,0.0,0.553896637,108.13
2030,5447,0.504464,0.0,0.514435114,108
2030,5448,0.563593,0.0,0.494012181,99.347
2030,5449,0.571557,0.0,0.531322053,95.495
2030,5450,0.521632,0.0,0.52525639,93.346
2030,5451,0.428686,0.0,0.524193007,96.071
2030,5452,0.341674,0.0,0.534080362,100.61
2030,5453,0.336767,0.003415555555555555,0.559678298,125.42
2030,5454,0.39249,0.12372333333333332,0.549238827,117.18
2030,5455,0.438152,0.32946333333333333,0.581208468,103.78
2030,5456,0.5093,0.5227622222222222,0.602218053,96.367
2030,5457,0.560958,0.6338611111111112,0.611081408,88.639
2030,5458,0.555914,0.70096,0.620954821,0.89979
2030,5459,0.530318,0.7784666666666668,0.621398552,0.096777
2030,5460,0.532651,0.8421633333333333,0.633005069,0.10339
2030,5461,0.557829,0.8395922222222222,0.648470878,0.10447
2030,5462,0.54836,0.8362633333333332,0.651684314,0.10652
2030,5463,0.533804,0.7820388888888888,0.647874476,18.981
2030,5464,0.542372,0.7129088888888888,0.673146852,91.289
2030,5465,0.527633,0.46998,0.654601606,108.7
2030,5466,0.487957,0.24207666666666666,0.640573589,130.18
2030,5467,0.474815,0.08108444444444443,0.628259836,131.83
2030,5468,0.521554,0.0,0.620102844,139.12
2030,5469,0.58595,0.0,0.591437309,121.46
2030,5470,0.643171,0.0,0.557226661,115.15
2030,5471,0.670771,0.0,0.517046208,109.58
2030,5472,0.647214,0.0,0.496629262,100.47
2030,5473,0.581174,0.0,0.532673576,98.725
2030,5474,0.468941,0.0,0.526256435,103.08
2030,5475,0.34789,0.0,0.525397668,105.9
2030,5476,0.234051,0.0,0.536512227,108.4
2030,5477,0.167226,0.008736666666666667,0.56318361,111.42
2030,5478,0.131659,0.1558411111111111,0.553364334,118.19
2030,5479,0.115432,0.2911255555555556,0.586703727,121.32
2030,5480,0.124277,0.5256877777777778,0.613405724,102.76
2030,5481,0.14102,0.6842911111111111,0.622571496,49.05
2030,5482,0.150056,0.7223622222222221,0.635782522,95.802
2030,5483,0.150335,0.76842,0.635392672,0.099015
2030,5484,0.156892,0.7525866666666666,0.641511051,0.10692
2030,5485,0.16966,0.7076155555555556,0.649223549,0.10223
2030,5486,0.179691,0.7163366666666666,0.652021104,0.10819
2030,5487,0.190476,0.7364966666666666,0.645142678,0.23563
2030,5488,0.203041,0.6494822222222221,0.669059607,58.376
2030,5489,0.196884,0.436571111111111,0.649122364,103.71
2030,5490,0.202183,0.16707333333333335,0.630717984,119.63
2030,5491,0.245489,0.030312222222222223,0.613526701,136.04
2030,5492,0.266329,0.0,0.605076123,140.78
2030,5493,0.249044,0.0,0.576383187,130.24
2030,5494,0.238103,0.0,0.547932277,113.74
2030,5495,0.231905,0.0,0.511772708,108.31
2030,5496,0.225763,0.0,0.491738298,104.48
2030,5497,0.23164,0.0,0.47476276,103.48
2030,5498,0.249595,0.0,0.467354254,102.1
2030,5499,0.26666,0.0,0.463588801,100.01
2030,5500,0.281138,0.0,0.466433828,98.43
2030,5501,0.318803,0.0,0.474707851,97.019
2030,5502,0.358688,0.06654666666666667,0.482850742,105.62
2030,5503,0.324496,0.18832,0.498474404,113
2030,5504,0.292338,0.18577666666666665,0.5211097,101.26
2030,5505,0.251785,0.20776999999999998,0.532772905,81.493
2030,5506,0.284191,0.2530822222222222,0.532296396,14.681
2030,5507,0.348591,0.31818444444444444,0.522706691,0.51047
2030,5508,0.401111,0.37536444444444445,0.523862371,0.11463
2030,5509,0.421962,0.35912222222222223,0.522740639,0.11556
2030,5510,0.412708,0.32115222222222223,0.530874935,0.11979
2030,5511,0.425061,0.29016222222222227,0.550047623,0.13042
2030,5512,0.477532,0.22585444444444447,0.558284289,31.939
2030,5513,0.563598,0.11539777777777778,0.555202468,96.512
2030,5514,0.616462,0.03628,0.553176078,106.24
2030,5515,0.572783,0.004164444444444445,0.549545138,113.16
2030,5516,0.446281,0.0,0.557385455,118.4
2030,5517,0.325293,0.0,0.538489298,119.58
2030,5518,0.302127,0.0,0.516698501,110.86
2030,5519,0.396601,0.0,0.491240188,107.64
2030,5520,0.487564,0.0,0.473220742,104.77
2030,5521,0.519269,0.0,0.461728029,100.9
2030,5522,0.548107,0.0,0.455287317,101.26
2030,5523,0.610031,0.0,0.452240308,109.15
2030,5524,0.656023,0.0,0.454584342,118.39
2030,5525,0.655581,0.0006377777777777778,0.458798453,122.6
2030,5526,0.607586,0.1329433333333333,0.457145371,143.83
2030,5527,0.567371,0.44997777777777775,0.461917374,129.78
2030,5528,0.547175,0.6651977777777778,0.470159188,107.71
2030,5529,0.535508,0.7488866666666666,0.478872033,100.56
2030,5530,0.515796,0.7636622222222222,0.484768984,86.452
2030,5531,0.481644,0.8714577777777778,0.485508544,48.557
2030,5532,0.453073,0.8722122222222221,0.48777478,0.098699
2030,5533,0.489923,0.8129077777777778,0.485637598,0.10323
2030,5534,0.519615,0.6220611111111112,0.49250984,0.10625
2030,5535,0.480524,0.3019711111111111,0.499187102,10.784
2030,5536,0.347456,0.17303333333333334,0.519983393,62.826
2030,5537,0.222182,0.3577311111111111,0.533152939,100.24
2030,5538,0.180746,0.21935555555555553,0.542345014,118.04
2030,5539,0.192051,0.024959999999999996,0.546129179,146.02
2030,5540,0.210189,0.0,0.558846423,149.49
2030,5541,0.255861,0.0,0.540613542,126.05
2030,5542,0.327712,0.0,0.513528529,113.16
2030,5543,0.395138,0.0,0.483842503,106.13
2030,5544,0.454524,0.0,0.467413945,96.98
2030,5545,0.5230650000000001,0.0,0.518526205,94.799
2030,5546,0.552071,0.0,0.516163134,94.985
2030,5547,0.557557,0.0,0.51826623,100.97
2030,5548,0.54237,0.0,0.532221277,109.39
2030,5549,0.508752,0.003921111111111111,0.565782773,115.32
2030,5550,0.450339,0.13037777777777776,0.571827996,104.01
2030,5551,0.37735,0.20463888888888887,0.615329105,110.38
2030,5552,0.333367,0.3656011111111111,0.638022884,95.891
2030,5553,0.307894,0.5566211111111111,0.639949498,16.949
2030,5554,0.324146,0.64553,0.649451259,93.644
2030,5555,0.360776,0.6614611111111112,0.652129646,1.2
2030,5556,0.35955,0.6732077777777776,0.662129913,0.46163
2030,5557,0.304498,0.6696155555555554,0.671183502,11.962
2030,5558,0.236091,0.6468677777777779,0.675336166,12.009
2030,5559,0.173311,0.5340633333333332,0.669421401,11.965
2030,5560,0.130457,0.2711033333333333,0.690420206,54.771
2030,5561,0.091979,0.14599555555555552,0.667891635,94.226
2030,5562,0.031305,0.1011088888888889,0.652354985,100.6
2030,5563,0.010701,0.048091111111111105,0.641900654,114.87
2030,5564,0.033733,0.0,0.63636065,126.26
2030,5565,0.103564,0.0,0.60123275,108.33
2030,5566,0.211833,0.0,0.562940064,99.85
2030,5567,0.340624,0.0,0.521431708,110.94
2030,5568,0.455589,0.0,0.501024943,107.47
2030,5569,0.53444,0.0,0.537886246,101.49
2030,5570,0.581285,0.0,0.532833161,94.296
2030,5571,0.591879,0.0,0.532347101,102.03
2030,5572,0.560959,0.0,0.544133805,109.88
2030,5573,0.490733,0.0,0.576615637,133.24
2030,5574,0.472405,0.02631,0.581413872,138.91
2030,5575,0.511452,0.04948777777777778,0.622118285,121.77
2030,5576,0.520497,0.07319111111111111,0.646110348,97.855
2030,5577,0.496557,0.17725222222222217,0.648620838,51.932
2030,5578,0.577272,0.5469044444444444,0.659266547,10.847
2030,5579,0.682967,0.7221111111111111,0.66593957,60.474
2030,5580,0.698095,0.76653,0.679083604,0.178
2030,5581,0.655581,0.78903,0.681621767,10.834
2030,5582,0.552887,0.7568522222222223,0.678328242,0.7179
2030,5583,0.449201,0.5135544444444444,0.67712515,45.556
2030,5584,0.394528,0.3268955555555556,0.696941825,8.922
2030,5585,0.328085,0.3874855555555556,0.675572575,94.993
2030,5586,0.24741,0.29289,0.654454761,108.73
2030,5587,0.181478,0.06023666666666667,0.644544813,122.89
2030,5588,0.157699,0.0,0.640116677,133.23
2030,5589,0.176828,0.0,0.605149527,111.48
2030,5590,0.205908,0.0,0.566834029,100.01
2030,5591,0.196885,0.0,0.52403704,106.22
2030,5592,0.166662,0.0,0.503149048,103.33
2030,5593,0.155963,0.0,0.54054027,101.22
2030,5594,0.155608,0.0,0.535131899,104.18
2030,5595,0.151114,0.0,0.534757442,105.41
2030,5596,0.14809,0.0,0.546519461,114.64
2030,5597,0.141037,0.0021511111111111115,0.578483201,137.7
2030,5598,0.142136,0.2290277777777778,0.582737056,126.96
2030,5599,0.142132,0.4371788888888889,0.625835905,102.84
2030,5600,0.137249,0.4991866666666666,0.65021049,95.999
2030,5601,0.134072,0.5628055555555554,0.655294443,90.958
2030,5602,0.135032,0.7210488888888889,0.662340054,73.199
2030,5603,0.143595,0.6725477777777777,0.660797362,50.337
2030,5604,0.129252,0.6183877777777778,0.668747295,32.256
2030,5605,0.120021,0.5713644444444445,0.68463821,23.136
2030,5606,0.148427,0.5166533333333333,0.69133369,27.038
2030,5607,0.190114,0.36046999999999996,0.692782724,54.379
2030,5608,0.207154,0.18442444444444445,0.711649241,90.082
2030,5609,0.217138,0.08778444444444444,0.683569098,101.85
2030,5610,0.251643,0.03408888888888889,0.657143307,113.2
2030,5611,0.312839,0.004742222222222222,0.645140206,152.37
2030,5612,0.353163,0.0,0.637726228,148.65
2030,5613,0.38992,0.0,0.602138026,125.46
2030,5614,0.425965,0.0,0.564419413,110.88
2030,5615,0.404707,0.0,0.522155031,107.08
2030,5616,0.334843,0.0,0.499542616,102.67
2030,5617,0.261787,0.0,0.536271102,98.212
2030,5618,0.26079500000000005,0.0,0.530659545,98.673
2030,5619,0.341413,0.0,0.530180007,95.595
2030,5620,0.407128,0.0,0.541779232,101.85
2030,5621,0.453048,0.0,0.574124546,99.564
2030,5622,0.519377,0.026765555555555556,0.578330704,116.79
2030,5623,0.552406,0.06559888888888889,0.618219123,100.48
2030,5624,0.535849,0.09669222222222222,0.6417515,93.415
2030,5625,0.524362,0.11691888888888889,0.642923064,54.417
2030,5626,0.48434,0.21464111111111112,0.655400238,42.059
2030,5627,0.407171,0.4353811111111111,0.655636072,0.11586
2030,5628,0.345783,0.586311111111111,0.663296802,0.11234
2030,5629,0.351723,0.5077377777777777,0.680224317,0.10551
2030,5630,0.43076,0.4344966666666667,0.681778717,0.10677
2030,5631,0.5765,0.5431855555555555,0.676788439,12.587
2030,5632,0.596143,0.5378288888888888,0.696481482,50.486
2030,5633,0.469561,0.37488,0.672600948,97.799
2030,5634,0.319369,0.15574444444444444,0.65653214,116.78
2030,5635,0.225744,0.016646666666666664,0.646820659,157.81
2030,5636,0.17173,0.0,0.641310455,118.03
2030,5637,0.13368,0.0,0.602945564,100.44
2030,5638,0.126764,0.0,0.564342837,100.5
2030,5639,0.136482,0.0,0.522264444,97.799
2030,5640,0.142102,0.0,0.500917778,92.362
2030,5641,0.153205,0.0,0.537629631,88.555
2030,5642,0.167325,0.0,0.532084331,87.703
2030,5643,0.192031,0.0,0.531773484,89.188
2030,5644,0.212677,0.0,0.543439218,91.31
2030,5645,0.236581,0.0,0.575281054,99.904
2030,5646,0.258503,0.03731555555555555,0.578576155,114.05
2030,5647,0.269802,0.1071811111111111,0.618472982,97.387
2030,5648,0.320114,0.2037344444444444,0.640834168,81.749
2030,5649,0.362459,0.31241444444444444,0.644359427,62.417
2030,5650,0.350601,0.3959277777777777,0.654636044,76.593
2030,5651,0.302138,0.6841311111111111,0.654063683,0.53011
2030,5652,0.273696,0.5506999999999999,0.659492723,0.11685
2030,5653,0.238118,0.34175777777777777,0.677315896,0.11209
2030,5654,0.222375,0.3352233333333334,0.683163054,1.173
2030,5655,0.212827,0.3729555555555556,0.682870419,10.588
2030,5656,0.212601,0.3632055555555555,0.69465119,84.008
2030,5657,0.209909,0.24371222222222225,0.674581776,99.905
2030,5658,0.190673,0.1398411111111111,0.65397727,114.07
2030,5659,0.202546,0.021304444444444442,0.643547966,128.48
2030,5660,0.246058,0.0,0.626699252,117.48
2030,5661,0.277428,0.0,0.590289188,99.406
2030,5662,0.293319,0.0,0.55779136,90.578
2030,5663,0.315774,0.0,0.519036791,89.923
2030,5664,0.314459,0.0,0.497898259,79.222
2030,5665,0.310452,0.0,0.473068729,79.143
2030,5666,0.299392,0.0,0.465547773,79.234
2030,5667,0.282636,0.0,0.462277871,91.58
2030,5668,0.28243,0.0,0.466223246,94.052
2030,5669,0.332752,0.0,0.477870259,99.187
2030,5670,0.385424,0.10548222222222223,0.48887304,104.07
2030,5671,0.355762,0.23839555555555555,0.49982895,113.94
2030,5672,0.323769,0.4844277777777778,0.517895492,114.47
2030,5673,0.343017,0.6439611111111112,0.531189988,98.392
2030,5674,0.412071,0.6604322222222222,0.531168585,82.319
2030,5675,0.493832,0.5619166666666666,0.52124426,42.954
2030,5676,0.53974,0.5351277777777778,0.519928037,16.365
2030,5677,0.553688,0.4951877777777777,0.513114571,48.716
2030,5678,0.537842,0.45184444444444444,0.516720431,11.984
2030,5679,0.484336,0.3933877777777777,0.530225036,12.003
2030,5680,0.412533,0.38633,0.543418934,40.605
2030,5681,0.293353,0.2810033333333333,0.548707895,85.527
2030,5682,0.188823,0.09080444444444444,0.555148062,101.84
2030,5683,0.111821,0.003281111111111111,0.55701506,113.76
2030,5684,0.052782,0.0,0.561483157,116.11
2030,5685,0.030753,0.0,0.539968519,106.7
2030,5686,0.020784,0.0,0.517570268,93.53
2030,5687,0.020624,0.0,0.491634028,82.916
2030,5688,0.029016,0.0,0.474019155,70.082
2030,5689,0.065763,0.0,0.462651605,71.365
2030,5690,0.138641,0.0,0.456315643,76.354
2030,5691,0.246085,0.0,0.453510232,88.784
2030,5692,0.465407,0.0,0.456909717,99.283
2030,5693,0.506453,0.0,0.463373745,123.27
2030,5694,0.557962,0.0018188888888888888,0.46483416,136.87
2030,5695,0.783446,0.01397111111111111,0.467668141,101.19
2030,5696,0.876962,0.036068888888888886,0.477425024,76.73
2030,5697,0.88231,0.20700444444444444,0.487590358,59.897
2030,5698,0.912126,0.3678588888888889,0.50011413,0.11242
2030,5699,0.884995,0.3240788888888889,0.500931945,0.1077
2030,5700,0.847035,0.41104444444444443,0.508094956,0.10184
2030,5701,0.782668,0.15583111111111111,0.505940827,0.10614
2030,5702,0.699441,0.14222333333333334,0.50570118,0.10525
2030,5703,0.586268,0.18130111111111114,0.51536502,0.30514
2030,5704,0.483712,0.1818677777777778,0.534753611,14.616
2030,5705,0.336197,0.13297111111111112,0.541912948,97.959
2030,5706,0.224873,0.12297666666666665,0.555620148,114.15
2030,5707,0.247461,0.00016222222222222218,0.560979135,132.68
2030,5708,0.441274,0.0,0.564274732,132.46
2030,5709,0.633496,0.0,0.543035344,107.8
2030,5710,0.647416,0.0,0.515749605,101.19
2030,5711,0.712228,0.0,0.4860016,95.918
2030,5712,0.744195,0.0,0.469690925,88.457
2030,5713,0.759739,0.0,0.521522861,89.665
2030,5714,0.722293,0.0,0.519164898,91.923
2030,5715,0.674656,0.0,0.521150149,98.22
2030,5716,0.662864,0.0,0.535668433,101.12
2030,5717,0.65167,0.0,0.571115173,118.62
2030,5718,0.636257,0.2236922222222222,0.578513198,111.97
2030,5719,0.588245,0.5086622222222222,0.621221171,100.52
2030,5720,0.56096,0.6252322222222221,0.642326704,62.634
2030,5721,0.535945,0.6189766666666666,0.645965191,18.204
2030,5722,0.496558,0.7039966666666666,0.662047855,0.10956
2030,5723,0.459854,0.6954444444444445,0.667543931,0.11339
2030,5724,0.446287,0.6566944444444446,0.676753654,0.10067
2030,5725,0.439579,0.5805233333333333,0.692223082,0.11425
2030,5726,0.431115,0.4850588888888889,0.695242908,0.12788
2030,5727,0.438144,0.47700444444444434,0.688637606,18.075
2030,5728,0.417573,0.36002,0.707292365,68.492
2030,5729,0.367503,0.26304333333333335,0.680747652,101.45
2030,5730,0.350642,0.14343444444444445,0.666314174,125.96
2030,5731,0.413642,0.011652222222222222,0.657751365,133.63
2030,5732,0.519962,0.0,0.639574379,131.3
2030,5733,0.607577,0.0,0.60303508,123.48
2030,5734,0.652723,0.0,0.564703932,110.49
2030,5735,0.656499,0.0,0.523870806,106.13
2030,5736,0.651147,0.0,0.503859241,104.33
2030,5737,0.658061,0.0,0.541210334,98.549
2030,5738,0.673732,0.0,0.536325277,95.968
2030,5739,0.691419,0.0,0.536581123,95.592
2030,5740,0.712248,0.0,0.549573548,99.901
2030,5741,0.736572,0.0,0.58438996,114.26
2030,5742,0.761511,0.1568188888888889,0.591583473,109.16
2030,5743,0.785429,0.3855411111111111,0.634146235,107.43
2030,5744,0.810775,0.5095977777777777,0.655134344,73.411
2030,5745,0.813459,0.5639477777777778,0.653722111,3.829
2030,5746,0.794081,0.5011688888888889,0.664114226,0.90158
2030,5747,0.763955,0.4488122222222222,0.664351812,0.62655
2030,5748,0.738255,0.49926111111111104,0.671691959,11.979
2030,5749,0.714432,0.5178844444444444,0.688403015,11.985
2030,5750,0.70558,0.4833988888888889,0.692519601,12.005
2030,5751,0.705964,0.4275544444444444,0.684124909,12.022
2030,5752,0.719465,0.3846666666666666,0.699079004,50.673
2030,5753,0.733019,0.33882111111111113,0.677960951,88.202
2030,5754,0.749012,0.1819111111111111,0.660131845,107.54
2030,5755,0.76472,0.011417777777777778,0.654721407,127.62
2030,5756,0.780896,0.0,0.645242098,121.32
2030,5757,0.794782,0.0,0.608487131,125.54
2030,5758,0.814395,0.0,0.569990773,108.45
2030,5759,0.83514,0.0,0.527080487,95.449
2030,5760,0.856044,0.0,0.506508185,104.91
2030,5761,0.870775,0.0,0.544137124,98.608
2030,5762,0.87869,0.0,0.539039631,97.119
2030,5763,0.883079,0.0,0.539295912,104.7
2030,5764,0.88758,0.0,0.552409418,99.096
2030,5765,0.889775,0.0,0.586696305,109.03
2030,5766,0.880196,0.046086666666666665,0.593374236,115.29
2030,5767,0.868386,0.07247888888888888,0.636629827,100
2030,5768,0.860254,0.19106777777777778,0.662475459,84.98
2030,5769,0.859886,0.6351811111111112,0.667857729,12.025
2030,5770,0.855537,0.7981055555555555,0.676502528,11.773
2030,5771,0.852291,0.8278477777777777,0.672166013,0.159
2030,5772,0.849173,0.8187644444444445,0.677042837,0.10397
2030,5773,0.837083,0.8158877777777778,0.690069847,0.1072
2030,5774,0.809374,0.80204,0.688445945,0.098348
2030,5775,0.755949,0.7642077777777778,0.683678466,10.597
2030,5776,0.698525,0.6971344444444445,0.70328391,18.505
2030,5777,0.648433,0.4910522222222222,0.680001422,91.165
2030,5778,0.583777,0.21487888888888887,0.660755415,105.79
2030,5779,0.515362,0.012066666666666667,0.651206381,133.45
2030,5780,0.451858,0.0,0.645397194,141.53
2030,5781,0.416127,0.0,0.607771851,100.98
2030,5782,0.404469,0.0,0.569006908,97.471
2030,5783,0.408532,0.0,0.526525431,106.91
2030,5784,0.405263,0.0,0.504366354,107.17
2030,5785,0.401606,0.0,0.541419795,91.547
2030,5786,0.392457,0.0,0.535673211,90.272
2030,5787,0.380946,0.0,0.535392342,93.556
2030,5788,0.353244,0.0,0.547275545,99.166
2030,5789,0.321512,0.0,0.580786753,118.25
2030,5790,0.291497,0.008784444444444445,0.585832416,153.63
2030,5791,0.271031,0.05478,0.622646342,126.35
2030,5792,0.256774,0.11698333333333331,0.643085091,103.01
2030,5793,0.252018,0.15974888888888888,0.644599651,85.509
2030,5794,0.250173,0.23461111111111113,0.655651325,54.679
2030,5795,0.239717,0.4007611111111111,0.655625481,12.016
2030,5796,0.221881,0.61966,0.662629794,42.101
2030,5797,0.20587,0.6430066666666666,0.676060864,26.942
2030,5798,0.18465,0.6946822222222223,0.67701874,17.639
2030,5799,0.166091,0.6690555555555555,0.676869885,31.631
2030,5800,0.159204,0.6338666666666666,0.697832333,70.009
2030,5801,0.160237,0.4543788888888889,0.679988919,98.441
2030,5802,0.157609,0.2409277777777778,0.668594663,107.83
2030,5803,0.155914,0.014243333333333334,0.661315965,141.75
2030,5804,0.14396,0.0,0.655919203,136.38
2030,5805,0.144529,0.0,0.614803961,119.18
2030,5806,0.160643,0.0,0.575865113,107.3
2030,5807,0.185708,0.0,0.532407671,108.51
2030,5808,0.212634,0.0,0.510354222,103.85
2030,5809,0.23152,0.0,0.546065379,102.27
2030,5810,0.226296,0.0,0.539999535,96.243
2030,5811,0.199424,0.0,0.53923382,93.815
2030,5812,0.163706,0.0,0.551044746,95.469
2030,5813,0.134133,0.0,0.584278375,99.008
2030,5814,0.116242,0.07789444444444445,0.588122319,107.73
2030,5815,0.104208,0.26574,0.625636494,113.73
2030,5816,0.100206,0.5346533333333332,0.644390848,102.5
2030,5817,0.099843,0.7191666666666666,0.647787,89.228
2030,5818,0.096476,0.7834355555555554,0.659263089,19.765
2030,5819,0.095377,0.8102077777777777,0.660997928,0.25905
2030,5820,0.107065,0.7833055555555555,0.670609876,0.10015
2030,5821,0.117541,0.7693822222222221,0.684179027,0.1088
2030,5822,0.122433,0.7885911111111111,0.684372772,0.10298
2030,5823,0.125409,0.7470711111111111,0.681242482,0.60085
2030,5824,0.125651,0.6191111111111113,0.701655603,52.196
2030,5825,0.126284,0.4809866666666666,0.683309271,98.986
2030,5826,0.132243,0.30085666666666666,0.667310679,118.94
2030,5827,0.148023,0.01626,0.659773889,137.31
2030,5828,0.14808,0.0,0.644846561,121.64
2030,5829,0.124646,0.0,0.606841939,111.72
2030,5830,0.083904,0.0,0.573894888,103.04
2030,5831,0.054782,0.0,0.534518787,98.813
2030,5832,0.0443,0.0,0.511341104,92.88
2030,5833,0.04843,0.0,0.485901644,79.733
2030,5834,0.06259,0.0,0.478111609,78.322
2030,5835,0.074669,0.0,0.474619655,78.083
2030,5836,0.076307,0.0,0.478836206,85.58
2030,5837,0.065171,0.0,0.497658692,90.727
2030,5838,0.048489,0.17297222222222222,0.512523122,99.589
2030,5839,0.030244,0.459518888888889,0.520590667,92.358
2030,5840,0.020845,0.6802988888888888,0.53476668,39.44
2030,5841,0.01668,0.7740144444444446,0.538659621,22.497
2030,5842,0.012906,0.8111766666666667,0.537172429,54.722
2030,5843,0.009271,0.8464833333333334,0.525971006,1.181
2030,5844,0.007097,0.8361177777777777,0.524793003,0.9308
2030,5845,0.007247,0.85052,0.518337715,11.838
2030,5846,0.010804,0.8517255555555555,0.515707007,11.816
2030,5847,0.021802,0.8235844444444446,0.528504495,14.844
2030,5848,0.044391,0.755098888888889,0.548036833,55.155
2030,5849,0.086665,0.6236477777777779,0.551597555,73.219
2030,5850,0.129038,0.3523855555555555,0.559884573,99.589
2030,5851,0.177195,0.01308222222222222,0.569644123,110.32
2030,5852,0.219825,0.0,0.568424419,113.52
2030,5853,0.262108,0.0,0.541623082,108.58
2030,5854,0.301814,0.0,0.518215383,93.139
2030,5855,0.334171,0.0,0.492490385,87.644
2030,5856,0.355752,0.0,0.474310914,77.689
2030,5857,0.362646,0.0,0.462372874,71.767
2030,5858,0.352354,0.0,0.455664554,75.148
2030,5859,0.327526,0.0,0.452548191,79.247
2030,5860,0.305513,0.0,0.45642944,94.142
2030,5861,0.314347,0.0,0.470485148,112.52
2030,5862,0.323975,0.06970777777777777,0.476145238,128.6
2030,5863,0.278621,0.275458888888889,0.475307998,132.94
2030,5864,0.23575,0.4796155555555556,0.486051452,91.874
2030,5865,0.225639,0.5841,0.50054124,52.124
2030,5866,0.225726,0.6313199999999999,0.505842197,46.525
2030,5867,0.19779,0.6969266666666667,0.511888705,10.954
2030,5868,0.162421,0.7404944444444446,0.525573868,63.762
2030,5869,0.131181,0.70425,0.527178907,1.378
2030,5870,0.119205,0.6428677777777778,0.529016816,88.154
2030,5871,0.124902,0.4744011111111111,0.533653862,11.275
2030,5872,0.156174,0.23674111111111112,0.555260077,30.557
2030,5873,0.193997,0.08775666666666666,0.563046418,86.944
2030,5874,0.222446,0.03755555555555554,0.585306307,110.27
2030,5875,0.24451,0.0011833333333333333,0.587488559,130.27
2030,5876,0.267496,0.0,0.56899254,124.85
2030,5877,0.298811,0.0,0.541899063,99.141
2030,5878,0.302331,0.0,0.512860685,88.878
2030,5879,0.276969,0.0,0.482592966,73.353
2030,5880,0.25111,0.0,0.465859092,54.089
2030,5881,0.259481,0.0,0.530057529,62.12
2030,5882,0.307902,0.0,0.527779255,71.455
2030,5883,0.383637,0.0,0.529678865,85.46
2030,5884,0.446261,0.0,0.544218597,96.418
2030,5885,0.470309,0.0,0.587426817,105.88
2030,5886,0.452723,0.043361111111111114,0.599333421,124.35
2030,5887,0.367175,0.22293999999999997,0.634182018,115.4
2030,5888,0.26098200000000005,0.5241077777777777,0.651732061,62.204
2030,5889,0.21712,0.6979011111111111,0.650206747,18.662
2030,5890,0.192039,0.7719577777777776,0.662427347,11.984
2030,5891,0.176522,0.79744,0.664136037,0.73743
2030,5892,0.166397,0.7914177777777778,0.675719259,0.175
2030,5893,0.159065,0.7942577777777778,0.690674308,0.38156
2030,5894,0.148471,0.7856711111111112,0.695119199,10.112
2030,5895,0.13885,0.7487322222222222,0.69457394,22.086
2030,5896,0.140789,0.657181111111111,0.711873229,49.009
2030,5897,0.146083,0.4855,0.684161346,94.14
2030,5898,0.155468,0.20879,0.666240329,107.49
2030,5899,0.143389,0.0018355555555555556,0.667511319,123.57
2030,5900,0.136112,0.0,0.650885264,123.98
2030,5901,0.142881,0.0,0.60927201,100.95
2030,5902,0.163104,0.0,0.569789721,96.672
2030,5903,0.180862,0.0,0.528761847,94.777
2030,5904,0.161411,0.0,0.509047701,91.743
2030,5905,0.148766,0.0,0.53902068,89.054
2030,5906,0.203859,0.0,0.53404295,89.207
2030,5907,0.382303,0.0,0.53436865,90.409
2030,5908,0.526241,0.0,0.548024606,95.105
2030,5909,0.580265,0.0,0.591136686,101.26
2030,5910,0.533172,0.03805333333333333,0.60302314,115.1
2030,5911,0.484728,0.17694555555555555,0.635867342,90.769
2030,5912,0.438142,0.4354377777777778,0.651485074,20.989
2030,5913,0.385241,0.5781088888888888,0.651064143,1.199
2030,5914,0.359848,0.61371,0.66230767,0.31469
2030,5915,0.355777,0.5661077777777778,0.665524125,0.1037
2030,5916,0.359801,0.4718544444444444,0.675498788,0.10752
2030,5917,0.360525,0.3794966666666667,0.690474562,0.099292
2030,5918,0.334698,0.3790844444444444,0.691917278,0.10581
2030,5919,0.34601,0.42308888888888885,0.68801912,10.447
2030,5920,0.402458,0.30160222222222227,0.704650939,19.979
2030,5921,0.484331,0.1691133333333333,0.680170092,84.194
2030,5922,0.581375,0.0685388888888889,0.666356921,106.61
2030,5923,0.653679,0.0,0.671751872,116.85
2030,5924,0.719216,0.0,0.648867188,117.67
2030,5925,0.779136,0.0,0.606658121,99.867
2030,5926,0.828287,0.0,0.567007336,94.281
2030,5927,0.852137,0.0,0.523661512,94.064
2030,5928,0.85771,0.0,0.503410364,91.772
2030,5929,0.849573,0.0,0.540228498,86.62
2030,5930,0.806797,0.0,0.535278056,89.842
2030,5931,0.773856,0.0,0.535608337,89.628
2030,5932,0.774535,0.0,0.549051149,90.108
2030,5933,0.796406,0.0,0.591094227,100.38
2030,5934,0.816585,0.09541222222222222,0.60205616,102.43
2030,5935,0.816478,0.19469666666666666,0.637967415,93.477
2030,5936,0.83768,0.3108666666666666,0.65361738,13.291
2030,5937,0.843439,0.5719033333333332,0.652427459,11.977
2030,5938,0.865254,0.7884733333333332,0.666873325,0.13489
2030,5939,0.914128,0.8392744444444444,0.673975509,0.10758
2030,5940,0.949496,0.8001055555555556,0.691380468,0.10526
2030,5941,0.961925,0.7478477777777778,0.711023084,0.10015
2030,5942,0.966787,0.7542977777777778,0.710619639,0.12064
2030,5943,0.973209,0.7789166666666666,0.710914942,12.013
2030,5944,0.98472,0.7170899999999999,0.737558122,63.908
2030,5945,0.987314,0.5411055555555555,0.716872181,94.401
2030,5946,0.986388,0.23965666666666666,0.699595843,115.58
2030,5947,0.984466,0.0006944444444444445,0.685909084,142.84
2030,5948,0.984002,0.0,0.650674623,128.06
2030,5949,0.986188,0.0,0.609678064,94.4
2030,5950,0.985227,0.0,0.57118133,98.499
2030,5951,0.978925,0.0,0.528026831,89.136
2030,5952,0.968384,0.0,0.507077618,83.806
2030,5953,0.961095,0.0,0.544782037,80.953
2030,5954,0.95379,0.0,0.539720028,80.724
2030,5955,0.951895,0.0,0.540248177,83.246
2030,5956,0.959943,0.0,0.554380284,93.756
2030,5957,0.972182,0.0,0.597420837,115.79
2030,5958,0.980715,0.002777777777777778,0.608580825,137.89
2030,5959,0.98761,0.020063333333333332,0.644535238,107.68
2030,5960,0.989104,0.05931888888888888,0.659830314,90.338
2030,5961,0.985989,0.12481666666666666,0.660203003,38.667
2030,5962,0.976177,0.27035222222222227,0.666665067,23.608
2030,5963,0.95684,0.26363222222222216,0.663462675,0.12365
2030,5964,0.923961,0.2076511111111111,0.668226604,0.33007
2030,5965,0.89846,0.12316444444444444,0.683324195,0.97362
2030,5966,0.890409,0.07858,0.685652064,89.109
2030,5967,0.882814,0.044844444444444444,0.68187401,21.162
2030,5968,0.882215,0.022864444444444444,0.704369528,81.743
2030,5969,0.894586,0.010077777777777778,0.684328824,94.723
2030,5970,0.942079,0.0011666666666666668,0.675420543,120.61
2030,5971,0.976403,0.0,0.677513365,140.84
2030,5972,0.986334,0.0,0.654341008,123.72
2030,5973,0.988532,0.0,0.609346028,101.49
2030,5974,0.987729,0.0,0.569789405,97.457
2030,5975,0.984159,0.0,0.527614827,92.218
2030,5976,0.986132,0.0,0.50726839,91.894
2030,5977,0.98821,0.0,0.543248783,92.1
2030,5978,0.98732,0.0,0.538009716,89.54
2030,5979,0.984653,0.0,0.538407118,88.872
2030,5980,0.986349,0.0,0.551787658,93.685
2030,5981,0.989099,0.0,0.594202286,100.31
2030,5982,0.988125,0.04369111111111111,0.603509149,101.42
2030,5983,0.983183,0.17040444444444444,0.641853458,99.188
2030,5984,0.973992,0.22804,0.664359644,91.581
2030,5985,0.961084,0.29386111111111113,0.668728119,91.14
2030,5986,0.94143,0.3434355555555556,0.681521883,63.578
2030,5987,0.925094,0.37727,0.685320348,28.101
2030,5988,0.918775,0.4557555555555555,0.691828771,11.952
2030,5989,0.921527,0.4152944444444444,0.700618244,0.33589
2030,5990,0.924493,0.3254511111111111,0.687567203,11.993
2030,5991,0.923669,0.24809777777777778,0.676643801,28.913
2030,5992,0.918259,0.18987888888888887,0.69903195,83.56
2030,5993,0.912971,0.06994666666666666,0.681384113,94.976
2030,5994,0.909372,0.021996666666666668,0.670752869,113.34
2030,5995,0.916876,0.0,0.668846973,137.59
2030,5996,0.924171,0.0,0.636448781,124.64
2030,5997,0.934078,0.0,0.594102475,110.28
2030,5998,0.945105,0.0,0.560026354,102.37
2030,5999,0.958452,0.0,0.521288546,98.841
2030,6000,0.961488,0.0,0.500378129,95.603
2030,6001,0.962484,0.0,0.476096298,94.203
2030,6002,0.962409,0.0,0.468920928,90.298
2030,6003,0.961429,0.0,0.465828035,88.904
2030,6004,0.957533,0.0,0.471475894,87.581
2030,6005,0.948341,0.0,0.492713793,94.514
2030,6006,0.937546,0.004878888888888889,0.508286137,102.38
2030,6007,0.925097,0.045169999999999995,0.518676342,103.42
2030,6008,0.913211,0.09555333333333334,0.531745479,94.204
2030,6009,0.906374,0.1612388888888889,0.540416155,87.571
2030,6010,0.901227,0.2248333333333333,0.538267578,81.628
2030,6011,0.895105,0.2968388888888888,0.526972387,35.578
2030,6012,0.894749,0.3763411111111111,0.527351764,40.247
2030,6013,0.888845,0.30270444444444444,0.519473254,10.182
2030,6014,0.870881,0.26884444444444444,0.519495186,13.995
2030,6015,0.846204,0.23417444444444444,0.530157592,16.157
2030,6016,0.802252,0.1501811111111111,0.552910344,81.651
2030,6017,0.731159,0.10496333333333333,0.555168174,94.517
2030,6018,0.665929,0.03547,0.56445066,102.5
2030,6019,0.624431,0.0,0.576678753,113.76
2030,6020,0.598678,0.0,0.565783895,109.94
2030,6021,0.599465,0.0,0.538027495,103.11
2030,6022,0.625144,0.0,0.513509465,94.048
2030,6023,0.637743,0.0,0.488521304,83.744
2030,6024,0.616883,0.0,0.470463991,83.876
2030,6025,0.562681,0.0,0.459695137,86.108
2030,6026,0.487527,0.0,0.453131406,92.165
2030,6027,0.412522,0.0,0.450109403,96.347
2030,6028,0.336239,0.0,0.453924759,100.02
2030,6029,0.273552,0.0,0.468809695,118.74
2030,6030,0.251611,0.005024444444444444,0.473368999,138.41
2030,6031,0.26393,0.18893555555555555,0.46992338,98.522
2030,6032,0.30129,0.5710799999999999,0.47427146,87.352
2030,6033,0.355744,0.6847855555555554,0.478024588,22.06
2030,6034,0.385361,0.6695377777777778,0.483298331,34.239
2030,6035,0.404534,0.7222722222222221,0.4824289,31.614
2030,6036,0.43039,0.7569455555555554,0.491366047,15.047
2030,6037,0.451524,0.7414166666666666,0.490433346,19.345
2030,6038,0.458932,0.6832133333333333,0.492491913,36.318
2030,6039,0.44086,0.43577666666666665,0.506143552,71.147
2030,6040,0.403464,0.14274666666666666,0.532404473,92.874
2030,6041,0.377822,0.06093888888888888,0.545359648,101.32
2030,6042,0.389018,0.020817777777777775,0.562742281,120.51
2030,6043,0.440839,0.0,0.583798497,128.19
2030,6044,0.477524,0.0,0.577647187,122.03
2030,6045,0.484323,0.0,0.549967688,108.24
2030,6046,0.483043,0.0,0.521139606,100.9
2030,6047,0.45899,0.0,0.49020727,94.544
2030,6048,0.422296,0.0,0.473543612,94.381
2030,6049,0.407513,0.0,0.526080475,91.032
2030,6050,0.413013,0.0,0.523298122,91.27
2030,6051,0.443577,0.0,0.525541365,95.88
2030,6052,0.474326,0.0,0.541375896,96.767
2030,6053,0.531208,0.0,0.586198964,113.85
2030,6054,0.588777,0.021622222222222223,0.596576752,119.75
2030,6055,0.616411,0.10048222222222222,0.637055383,98.028
2030,6056,0.621817,0.18968555555555555,0.650500389,88.403
2030,6057,0.638518,0.4490877777777777,0.645853863,80.771
2030,6058,0.717256,0.6573855555555556,0.656043661,68.145
2030,6059,0.787158,0.5178922222222223,0.65637803,23.14
2030,6060,0.815521,0.4036333333333333,0.667869551,59.671
2030,6061,0.804089,0.3352477777777778,0.680241895,16.719
2030,6062,0.808351,0.19750555555555552,0.683770378,57.359
2030,6063,0.836981,0.12930333333333335,0.686522404,82.959
2030,6064,0.844817,0.12548222222222222,0.708236427,91.874
2030,6065,0.816559,0.07485,0.686165167,94.295
2030,6066,0.772977,0.010025555555555555,0.672607852,106.53
2030,6067,0.748041,0.0,0.678167808,126.64
2030,6068,0.726294,0.0,0.650147113,112.98
2030,6069,0.708425,0.0,0.607801881,99.469
2030,6070,0.696233,0.0,0.568003781,96.195
2030,6071,0.680448,0.0,0.525614708,86.183
2030,6072,0.734873,0.0,0.505280042,83.437
2030,6073,0.738258,0.0,0.543453568,82.224
2030,6074,0.739216,0.0,0.538643165,83.211
2030,6075,0.728728,0.0,0.539518233,88.012
2030,6076,0.726401,0.0,0.553396321,99.562
2030,6077,0.777001,0.0,0.597028048,109.37
2030,6078,0.829119,0.009974444444444444,0.606798873,135.01
2030,6079,0.835467,0.04896888888888889,0.646566129,95.614
2030,6080,0.843443,0.1563022222222222,0.661780093,90.076
2030,6081,0.876113,0.3675255555555556,0.66069271,83.718
2030,6082,0.876015,0.60196,0.670792717,54.085
2030,6083,0.881125,0.6089977777777777,0.671260601,17.804
2030,6084,0.867723,0.55576,0.679205502,12.019
2030,6085,0.833847,0.36906111111111106,0.694815497,16.885
2030,6086,0.827108,0.2417688888888889,0.699374318,12.323
2030,6087,0.812896,0.24252444444444446,0.697936348,17.258
2030,6088,0.808681,0.23843555555555554,0.717725074,84.879
2030,6089,0.829729,0.1641211111111111,0.695623079,94.375
2030,6090,0.844846,0.07487333333333332,0.682213956,124.93
2030,6091,0.8599,0.0,0.688603836,106.03
2030,6092,0.890666,0.0,0.661652108,111.02
2030,6093,0.915543,0.0,0.618895467,104.6
2030,6094,0.931053,0.0,0.578310536,95.023
2030,6095,0.936212,0.0,0.534023004,94.318
2030,6096,0.931782,0.0,0.51284926,91.629
2030,6097,0.93173,0.0,0.550453765,88.145
2030,6098,0.935501,0.0,0.545241105,87.929
2030,6099,0.943549,0.0,0.545046315,92.888
2030,6100,0.942306,0.0,0.558392869,104.4
2030,6101,0.948922,0.0,0.601174172,114.14
2030,6102,0.976559,0.006303333333333333,0.610214991,116.3
2030,6103,0.988578,0.11545666666666665,0.649465816,106.05
2030,6104,0.987598,0.32246,0.667489238,91.071
2030,6105,0.979727,0.34818111111111105,0.671776422,80.41
2030,6106,0.975719,0.34995888888888893,0.681988645,47.337
2030,6107,0.969225,0.4290144444444444,0.684334449,32.765
2030,6108,0.947936,0.5192144444444444,0.696273762,62.081
2030,6109,0.924248,0.49688666666666664,0.716062299,26.88
2030,6110,0.930554,0.5690977777777778,0.720459703,47.492
2030,6111,0.954661,0.6352755555555556,0.718771383,75.012
2030,6112,0.974087,0.5876333333333333,0.739268416,90.156
2030,6113,0.981165,0.4454944444444444,0.711943202,93.155
2030,6114,0.986459,0.19731,0.696508844,110.72
2030,6115,0.989062,0.0,0.688849091,149.45
2030,6116,0.988068,0.0,0.654473316,118.4
2030,6117,0.987019,0.0,0.612090703,113.32
2030,6118,0.986316,0.0,0.572321664,103.43
2030,6119,0.985252,0.0,0.530116787,102.13
2030,6120,0.979823,0.0,0.508319072,96.638
2030,6121,0.97543,0.0,0.559904661,94.49
2030,6122,0.975842,0.0,0.555175502,94.175
2030,6123,0.971706,0.0,0.555549887,98.374
2030,6124,0.961544,0.0,0.568597048,95.195
2030,6125,0.956866,0.0,0.611064162,89.244
2030,6126,0.957812,0.01468,0.619582333,107.81
2030,6127,0.95888,0.10337666666666667,0.659827619,92.056
2030,6128,0.956922,0.37907222222222225,0.683316743,82.177
2030,6129,0.950739,0.6731555555555556,0.689365753,63.606
2030,6130,0.938954,0.7822744444444445,0.702431681,52.405
2030,6131,0.925441,0.8351455555555555,0.696400184,35.485
2030,6132,0.921813,0.8386566666666667,0.705284376,47.479
2030,6133,0.92726,0.8610277777777778,0.708838066,43.494
2030,6134,0.936195,0.8517977777777778,0.701003114,57.12
2030,6135,0.946188,0.805691111111111,0.693292004,76.337
2030,6136,0.9538,0.7197233333333333,0.715632063,89.286
2030,6137,0.958229,0.5502066666666666,0.699522773,92.599
2030,6138,0.959946,0.2249511111111111,0.688942477,112.66
2030,6139,0.956331,0.0,0.701433516,113.87
2030,6140,0.953801,0.0,0.672692327,102.27
2030,6141,0.956358,0.0,0.627674866,98.915
2030,6142,0.962894,0.0,0.587789564,99.312
2030,6143,0.97137,0.0,0.546385966,98.489
2030,6144,0.975938,0.0,0.526281687,91.667
2030,6145,0.976001,0.0,0.568625823,88.417
2030,6146,0.976677,0.0,0.564195679,84.848
2030,6147,0.974906,0.0,0.565089873,84.758
2030,6148,0.972548,0.0,0.578780738,89.789
2030,6149,0.965073,0.0,0.621658101,99.604
2030,6150,0.951451,0.06725333333333333,0.631285626,105.93
2030,6151,0.927264,0.47274,0.66823427,104.63
2030,6152,0.901566,0.6912366666666666,0.677961146,92.6
2030,6153,0.87203,0.7771588888888888,0.669837654,89.305
2030,6154,0.838786,0.8147333333333334,0.674349169,31.47
2030,6155,0.821934,0.8352266666666667,0.668973694,48.573
2030,6156,0.814732,0.8196633333333333,0.673979636,12.013
2030,6157,0.803709,0.8370688888888889,0.68878209,57.609
2030,6158,0.784333,0.8241744444444444,0.691611189,12.049
2030,6159,0.75276,0.7836366666666666,0.691911626,38.131
2030,6160,0.721682,0.7086155555555556,0.716765392,45.009
2030,6161,0.691211,0.5582944444444444,0.699991368,91.773
2030,6162,0.678435,0.2578566666666667,0.687108739,105.93
2030,6163,0.69112,0.0,0.69237572,114.26
2030,6164,0.717484,0.0,0.659456801,111.23
2030,6165,0.753681,0.0,0.616608954,101.26
2030,6166,0.779958,0.0,0.581453285,96.539
2030,6167,0.764916,0.0,0.54286768,93.268
2030,6168,0.738741,0.0,0.522326124,87.9
2030,6169,0.68464,0.0,0.499550829,81.287
2030,6170,0.60949,0.0,0.493237495,77.089
2030,6171,0.508473,0.0,0.491135812,77.082
2030,6172,0.389984,0.0,0.496943761,81.207
2030,6173,0.27563,0.0,0.519260581,89.477
2030,6174,0.204664,0.04044333333333334,0.534493902,100.04
2030,6175,0.156226,0.40839777777777775,0.545791216,96.832
2030,6176,0.120649,0.6101999999999999,0.554411039,56.976
2030,6177,0.095812,0.6724188888888888,0.556585813,29.384
2030,6178,0.083104,0.6763844444444445,0.556112484,12.035
2030,6179,0.074223,0.67037,0.543647361,11.985
2030,6180,0.057919,0.6700722222222223,0.543356511,11.996
2030,6181,0.041838,0.740771111111111,0.542379364,23.252
2030,6182,0.029443,0.7709366666666666,0.548284238,39.964
2030,6183,0.018659,0.7350033333333333,0.563131292,72.297
2030,6184,0.017618,0.6479477777777778,0.581349669,91.998
2030,6185,0.040467,0.42071,0.58100262,97.515
2030,6186,0.09547,0.1570622222222222,0.591869168,115.39
2030,6187,0.150558,0.0,0.608471427,132.38
2030,6188,0.196902,0.0,0.590799395,121.6
2030,6189,0.237428,0.0,0.562640557,105.74
2030,6190,0.26636,0.0,0.537063011,93
2030,6191,0.280303,0.0,0.512217661,89.305
2030,6192,0.296602,0.0,0.494569756,73.541
2030,6193,0.319015,0.0,0.48297163,53.808
2030,6194,0.334142,0.0,0.478154897,40.398
2030,6195,0.334994,0.0,0.476326631,56.988
2030,6196,0.341681,0.0,0.481136616,77.525
2030,6197,0.37912,0.0,0.497723019,98.889
2030,6198,0.438146,0.00795,0.502865893,115.68
2030,6199,0.484861,0.17350333333333334,0.502902413,120.91
2030,6200,0.53789,0.45540555555555556,0.503269545,81.957
2030,6201,0.596739,0.6174611111111111,0.506795597,40.12
2030,6202,0.641205,0.6240388888888888,0.505849685,70.884
2030,6203,0.670361,0.63595,0.504023071,10.045
2030,6204,0.655592,0.5947033333333333,0.50939971,0.64979
2030,6205,0.600323,0.4472011111111111,0.505890886,10.796
2030,6206,0.572787,0.3697711111111111,0.513348815,12.003
2030,6207,0.582775,0.354311111111111,0.519329613,19.267
2030,6208,0.596113,0.42481555555555556,0.551094163,85.331
2030,6209,0.627648,0.2729255555555556,0.564783172,91.494
2030,6210,0.655569,0.07255222222222223,0.584496323,115.68
2030,6211,0.654648,0.0,0.605803947,120.91
2030,6212,0.630115,0.0,0.589936682,107.1
2030,6213,0.595938,0.0,0.561215635,91.494
2030,6214,0.605056,0.0,0.530876386,92.445
2030,6215,0.670707,0.0,0.501496365,81.176
2030,6216,0.716431,0.0,0.486009482,78.297
2030,6217,0.741074,0.0,0.542600104,75.644
2030,6218,0.74267,0.0,0.542003359,75.008
2030,6219,0.754033,0.0,0.546152154,77.816
2030,6220,0.728707,0.0,0.562708215,86.691
2030,6221,0.698196,0.0,0.608921192,105.3
2030,6222,0.726837,0.0014177777777777778,0.620219012,127.97
2030,6223,0.763193,0.04945,0.662799344,103.73
2030,6224,0.78905,0.2544622222222222,0.678214223,88.898
2030,6225,0.825638,0.4441877777777778,0.674851948,75.52
2030,6226,0.84611,0.46683888888888886,0.681654906,70.076
2030,6227,0.875803,0.34506555555555557,0.673406813,31.072
2030,6228,0.886252,0.20638222222222222,0.676171484,10.522
2030,6229,0.881173,0.07681111111111111,0.69107878,11.56
2030,6230,0.888663,0.06527333333333335,0.69182393,31.07
2030,6231,0.905499,0.05814555555555556,0.693960073,63.057
2030,6232,0.911439,0.040585555555555555,0.721721127,85.218
2030,6233,0.911681,0.01680777777777778,0.7011675,94.536
2030,6234,0.902211,0.00153,0.694743925,113.51
2030,6235,0.882496,0.0,0.703297751,120.69
2030,6236,0.833667,0.0,0.671177044,115.22
2030,6237,0.756671,0.0,0.628397358,99.086
2030,6238,0.665141,0.0,0.58828961,87.665
2030,6239,0.572787,0.0,0.547029692,77.022
2030,6240,0.466832,0.0,0.529480999,79.885
2030,6241,0.366102,0.0,0.574630661,82.214
2030,6242,0.323351,0.0,0.572451781,87.354
2030,6243,0.308337,0.0,0.575906945,92.267
2030,6244,0.299391,0.0,0.592554296,96.26
2030,6245,0.312583,0.0,0.639095596,110.48
2030,6246,0.323906,0.0010866666666666668,0.652421292,119.25
2030,6247,0.332785,0.053947777777777775,0.691799406,126.37
2030,6248,0.35937,0.09691666666666665,0.693139869,95.652
2030,6249,0.395799,0.12699222222222223,0.678695952,91.103
2030,6250,0.395157,0.18087555555555554,0.680125057,88.051
2030,6251,0.363455,0.25602555555555556,0.670818661,78.809
2030,6252,0.32888,0.4158788888888889,0.675373773,39.211
2030,6253,0.294903,0.398,0.689542453,56.337
2030,6254,0.266509,0.45251111111111103,0.69751294,69.587
2030,6255,0.239035,0.5163577777777777,0.697714723,87.198
2030,6256,0.215808,0.5052344444444444,0.725355952,91.554
2030,6257,0.193117,0.3112222222222223,0.710196077,101.93
2030,6258,0.168763,0.09501777777777777,0.700633459,119.19
2030,6259,0.134969,0.0,0.714424888,125.88
2030,6260,0.103256,0.0,0.68557248,114.38
2030,6261,0.075402,0.0,0.643411993,102.12
2030,6262,0.062661,0.0,0.602555652,94.109
2030,6263,0.06494199999999999,0.0,0.560698242,81.611
2030,6264,0.08311,0.0,0.542106074,80.33
2030,6265,0.120005,0.0,0.579749513,77.757
2030,6266,0.160972,0.0,0.577967187,81.818
2030,6267,0.198868,0.0,0.58091747,84.099
2030,6268,0.277033,0.0,0.597063126,92.39
2030,6269,0.355793,0.0,0.643357792,115.41
2030,6270,0.37484,0.013507777777777778,0.655445252,131.91
2030,6271,0.486933,0.3529922222222222,0.696390994,115.63
2030,6272,0.570104,0.6054188888888887,0.701462788,88.037
2030,6273,0.59355,0.705232222222222,0.690352788,82.688
2030,6274,0.619984,0.7615833333333333,0.69204878,86.767
2030,6275,0.625613,0.8009033333333333,0.689024725,79.118
2030,6276,0.619573,0.8042977777777778,0.693198816,42.708
2030,6277,0.616411,0.8301466666666665,0.700470749,36.458
2030,6278,0.576976,0.8233055555555555,0.697688145,54.508
2030,6279,0.5206280000000001,0.79315,0.696826228,79.118
2030,6280,0.493832,0.7243566666666666,0.724800405,91.01
2030,6281,0.496546,0.56966,0.707913569,104.7
2030,6282,0.535147,0.2100711111111111,0.699497069,125.12
2030,6283,0.621525,0.0,0.713262709,143.72
2030,6284,0.711813,0.0,0.682942038,122.31
2030,6285,0.755974,0.0,0.640730289,109.15
2030,6286,0.774773,0.0,0.600349205,99.409
2030,6287,0.788686,0.0,0.559002701,93.917
2030,6288,0.775418,0.0,0.5397108,77.912
2030,6289,0.762038,0.0,0.576748513,71.715
2030,6290,0.751515,0.0,0.574604536,73.775
2030,6291,0.73559,0.0,0.577656211,78.672
2030,6292,0.740526,0.0,0.593592247,91.838
2030,6293,0.764148,0.0,0.64004207,109.68
2030,6294,0.799514,0.0007566666666666668,0.652333484,127.5
2030,6295,0.813469,0.12195444444444445,0.69379817,115.72
2030,6296,0.822476,0.40853000000000006,0.695601291,93.951
2030,6297,0.866577,0.5966555555555556,0.68174243,87.737
2030,6298,0.86443,0.6388566666666666,0.682752018,79.471
2030,6299,0.854501,0.6448344444444445,0.674976267,62.575
2030,6300,0.854073,0.5557755555555556,0.680099628,65.195
2030,6301,0.857227,0.5324322222222223,0.692687875,63.265
2030,6302,0.855132,0.5027488888888889,0.695521797,70.06
2030,6303,0.85084,0.4170288888888889,0.698354099,82.756
2030,6304,0.848949,0.3422111111111111,0.723728622,90.21
2030,6305,0.844852,0.23012888888888888,0.709886983,99.802
2030,6306,0.841601,0.06067444444444444,0.70227188,114.86
2030,6307,0.8522,0.0,0.718071952,125.08
2030,6308,0.864477,0.0,0.684480935,116.99
2030,6309,0.864037,0.0,0.639262141,111.12
2030,6310,0.871991,0.0,0.597694624,103.3
2030,6311,0.874427,0.0,0.555322725,99.367
2030,6312,0.876092,0.0,0.53550799,92.636
2030,6313,0.87992,0.0,0.568665993,88.135
2030,6314,0.881574,0.0,0.565026236,87.735
2030,6315,0.879701,0.0,0.567099704,88.398
2030,6316,0.880023,0.0,0.581968857,92.393
2030,6317,0.866953,0.0,0.627313812,98.412
2030,6318,0.847113,0.0,0.6362206,105.33
2030,6319,0.833655,0.018235555555555557,0.679651151,110.71
2030,6320,0.812049,0.048472222222222215,0.692897773,94.281
2030,6321,0.791489,0.08756,0.686597446,89.215
2030,6322,0.776503,0.14609111111111112,0.690454533,86.272
2030,6323,0.802792,0.20848333333333333,0.681182404,67.62
2030,6324,0.836308,0.33327,0.689316016,34.053
2030,6325,0.857818,0.2455822222222222,0.693178121,45.229
2030,6326,0.867522,0.1817033333333333,0.693273233,20.196
2030,6327,0.863571,0.14834555555555554,0.69958644,69.533
2030,6328,0.870864,0.13056222222222225,0.722672608,86.301
2030,6329,0.879656,0.09096777777777776,0.704710123,97.519
2030,6330,0.889744,0.020811111111111107,0.696328014,116.33
2030,6331,0.897827,0.0,0.698482341,130.86
2030,6332,0.900962,0.0,0.659166209,114.64
2030,6333,0.887411,0.0,0.614664981,102.33
2030,6334,0.897164,0.0,0.578148394,94.654
2030,6335,0.922788,0.0,0.538785936,91.984
2030,6336,0.932879,0.0,0.518406501,90.027
2030,6337,0.93239,0.0,0.490825688,84.307
2030,6338,0.929671,0.0,0.484373234,82.496
2030,6339,0.910018,0.0,0.482324488,81.289
2030,6340,0.866723,0.0,0.488622521,86.405
2030,6341,0.810519,0.0,0.512005087,90.528
2030,6342,0.762636,0.0016344444444444444,0.527171774,97.509
2030,6343,0.723514,0.23654555555555556,0.542603083,101.62
2030,6344,0.688377,0.5297777777777779,0.55365383,86.343
2030,6345,0.662687,0.6891244444444444,0.556902462,82.475
2030,6346,0.63012,0.7623922222222222,0.552489594,69.924
2030,6347,0.611971,0.8028866666666665,0.537843144,30.026
2030,6348,0.609114,0.7752388888888889,0.535461169,76.501
2030,6349,0.60779,0.79227,0.53402839,4.762
2030,6350,0.601225,0.7346411111111112,0.537824107,12.014
2030,6351,0.586359,0.6819399999999999,0.552076882,30.699
2030,6352,0.567119,0.6262644444444445,0.573511457,79.405
2030,6353,0.530322,0.39111333333333337,0.579241739,90.528
2030,6354,0.470857,0.03767555555555555,0.595404543,115.02
2030,6355,0.404457,0.0,0.609335879,117.38
2030,6356,0.361533,0.0,0.586315557,110.97
2030,6357,0.358,0.0,0.556169661,93.292
2030,6358,0.383493,0.0,0.529041396,86.274
2030,6359,0.409406,0.0,0.502418571,81.221
2030,6360,0.416875,0.0,0.484701137,47.925
2030,6361,0.395753,0.0,0.47522456,49.34
2030,6362,0.332769,0.0,0.469381802,53.112
2030,6363,0.250979,0.0,0.467376163,69.642
2030,6364,0.176151,0.0,0.472438892,84.279
2030,6365,0.124907,0.0,0.489819354,93.652
2030,6366,0.108027,3.333333333333333e-06,0.49397236,118.65
2030,6367,0.107824,0.09893111111111111,0.498639519,119.38
2030,6368,0.108651,0.32356222222222225,0.511185309,114.57
2030,6369,0.119917,0.5703777777777779,0.527994358,92.788
2030,6370,0.153853,0.7199988888888889,0.545777156,82.158
2030,6371,0.205625,0.7712555555555555,0.546466369,41.482
2030,6372,0.26014800000000005,0.7629644444444446,0.551149795,45.579
2030,6373,0.301042,0.7689744444444444,0.546259109,31.964
2030,6374,0.321346,0.7815155555555556,0.545423015,43.482
2030,6375,0.321476,0.7549522222222222,0.555844053,69.142
2030,6376,0.307895,0.6639744444444444,0.586335544,86.683
2030,6377,0.277944,0.4665922222222222,0.60040708,97.847
2030,6378,0.247601,0.08776111111111111,0.61489704,118.99
2030,6379,0.208576,0.0,0.61259315,130.46
2030,6380,0.180366,0.0,0.590586072,120.49
2030,6381,0.167273,0.0,0.559849699,111.85
2030,6382,0.164236,0.0,0.527281409,102.5
2030,6383,0.172225,0.0,0.496014042,96.098
2030,6384,0.186342,0.0,0.479602874,84.62
2030,6385,0.215093,0.0,0.531757207,84.368
2030,6386,0.261755,0.0,0.530505624,86.417
2030,6387,0.303828,0.0,0.534119084,91.438
2030,6388,0.325312,0.0,0.551030195,101.69
2030,6389,0.321491,0.0,0.59817327,117.86
2030,6390,0.305402,0.0,0.609490658,124.62
2030,6391,0.269812,0.08917555555555555,0.654811753,129.19
2030,6392,0.192039,0.20808333333333334,0.676941149,97.999
2030,6393,0.118071,0.3559455555555555,0.677243901,91.755
2030,6394,0.0831,0.5417588888888888,0.687614669,87.5
2030,6395,0.074212,0.6932666666666667,0.687257212,64.661
2030,6396,0.072839,0.7443655555555555,0.688093273,53.411
2030,6397,0.067539,0.7786633333333333,0.701597624,42.707
2030,6398,0.053469,0.7830355555555555,0.704717031,49.193
2030,6399,0.03731,0.7516611111111111,0.703080937,79.1
2030,6400,0.024367,0.6406877777777777,0.72645057,91.656
2030,6401,0.01427,0.3718166666666667,0.70641582,102.24
2030,6402,0.006445,0.05237000000000001,0.704689703,117.76
2030,6403,0.002818,0.0,0.704297657,125.51
2030,6404,0.002544,0.0,0.666484287,117.17
2030,6405,0.007241,0.0,0.621298629,114.88
2030,6406,0.015465,0.0,0.578813943,103.58
2030,6407,0.031325,0.0,0.537402922,95.61
2030,6408,0.061254,0.0,0.51819443,93.631
2030,6409,0.104745,0.0,0.560300198,92.437
2030,6410,0.156985,0.0,0.557300116,93.985
2030,6411,0.210929,0.0,0.559842504,97.416
2030,6412,0.249819,0.0,0.57512473,106.26
2030,6413,0.270921,0.0,0.621490485,117.52
2030,6414,0.282645,0.0,0.632363969,147.19
2030,6415,0.289766,0.1613711111111111,0.676814135,154.69
2030,6416,0.268361,0.44114555555555557,0.689440093,105.76
2030,6417,0.246065,0.6237477777777779,0.682615216,96.187
2030,6418,0.263339,0.7289566666666667,0.688239191,94.556
2030,6419,0.292063,0.7681888888888888,0.682655656,92.287
2030,6420,0.323995,0.7616822222222223,0.682664479,28.646
2030,6421,0.339119,0.765021111111111,0.695933949,42.214
2030,6422,0.333472,0.7416122222222222,0.702621955,73.12
2030,6423,0.32865,0.6730255555555554,0.703668839,92.288
2030,6424,0.316095,0.4882877777777777,0.72929563,106.48
2030,6425,0.320866,0.22752222222222224,0.710286994,122.48
2030,6426,0.357615,0.02418333333333333,0.704399277,166.56
2030,6427,0.40926,0.0,0.712370244,154.44
2030,6428,0.465283,0.0,0.677127051,125.97
2030,6429,0.492647,0.0,0.633494714,118.35
2030,6430,0.495488,0.0,0.590897566,107.34
2030,6431,0.462564,0.0,0.548537072,99.674
2030,6432,0.404256,0.0,0.528683661,86.245
2030,6433,0.383223,0.0,0.56868501,81.791
2030,6434,0.400306,0.0,0.564511709,84.258
2030,6435,0.463722,0.0,0.566588114,89.375
2030,6436,0.547916,0.0,0.582881106,100.91
2030,6437,0.609001,0.0,0.628152579,119.62
2030,6438,0.644432,0.0,0.639343853,134.38
2030,6439,0.639805,0.05677666666666666,0.685328182,138.25
2030,6440,0.598671,0.1798533333333333,0.694594345,102
2030,6441,0.58412,0.4839266666666666,0.686296891,93.959
2030,6442,0.636176,0.7066611111111112,0.687104177,85.136
2030,6443,0.72492,0.7497522222222223,0.681106154,61.115
2030,6444,0.709568,0.6943522222222223,0.686144904,44.7
2030,6445,0.662711,0.4326777777777778,0.698894893,46.87
2030,6446,0.596122,0.2065511111111111,0.701178452,80.166
2030,6447,0.46464,0.1525622222222222,0.698370158,92.906
2030,6448,0.32976,0.17757777777777775,0.723598724,102.37
2030,6449,0.224505,0.1453388888888889,0.710560189,122.94
2030,6450,0.14043,0.014633333333333332,0.704518709,171.95
2030,6451,0.072055,0.0,0.716526541,167.71
2030,6452,0.035075,0.0,0.680830617,126.93
2030,6453,0.026751,0.0,0.637861108,120.13
2030,6454,0.030691,0.0,0.596113709,107.07
2030,6455,0.04263,0.0,0.553820745,100.74
2030,6456,0.063086,0.0,0.533664959,94.064
2030,6457,0.082254,0.0,0.575622094,90.949
2030,6458,0.09395,0.0,0.573157071,92.453
2030,6459,0.11409,0.0,0.576363709,96.43
2030,6460,0.135667,0.0,0.592470612,104.82
2030,6461,0.147931,0.0,0.638515001,122.3
2030,6462,0.148468,0.0,0.648899516,149.28
2030,6463,0.146302,0.1805822222222222,0.694631345,121.96
2030,6464,0.133923,0.5250233333333333,0.703202411,97.492
2030,6465,0.131755,0.6880166666666666,0.690750066,83.199
2030,6466,0.13436,0.7496688888888888,0.690299324,14.694
2030,6467,0.13100399999999998,0.78563,0.684816861,0.098885
2030,6468,0.127528,0.7787288888888888,0.687220663,0.10188
2030,6469,0.118856,0.7877222222222222,0.69821444,0.10589
2030,6470,0.103845,0.76806,0.700263636,90.796
2030,6471,0.078748,0.7109377777777778,0.701162088,58.194
2030,6472,0.051897,0.5950377777777778,0.727225831,94.228
2030,6473,0.030001,0.37448888888888887,0.717155854,108.78
2030,6474,0.015842,0.03891555555555555,0.712751886,146.07
2030,6475,0.011378,0.0,0.725118602,138.27
2030,6476,0.015159,0.0,0.688250513,125.72
2030,6477,0.03314,0.0,0.642843315,118.58
2030,6478,0.056732,0.0,0.601386202,109.42
2030,6479,0.082552,0.0,0.561145952,105.84
2030,6480,0.106518,0.0,0.540483896,100.72
2030,6481,0.128145,0.0,0.575647103,95.656
2030,6482,0.149873,0.0,0.570908354,94.845
2030,6483,0.178547,0.0,0.572772534,95.445
2030,6484,0.202084,0.0,0.586951792,95.986
2030,6485,0.217136,0.0,0.63127709,102.86
2030,6486,0.229673,0.0,0.639708009,122.16
2030,6487,0.238967,0.20251888888888886,0.686621842,114.7
2030,6488,0.207894,0.5143133333333333,0.696934026,94.296
2030,6489,0.158885,0.6753611111111113,0.688419275,80.408
2030,6490,0.16282,0.7429233333333333,0.690693227,11.318
2030,6491,0.196937,0.7789077777777779,0.68623511,0.1034
2030,6492,0.199132,0.7748233333333333,0.691669071,0.11018
2030,6493,0.183394,0.7956233333333333,0.705288734,0.10286
2030,6494,0.165791,0.7785822222222222,0.701832173,0.12092
2030,6495,0.164348,0.7345188888888888,0.705275802,11.155
2030,6496,0.186252,0.6098366666666666,0.730033228,86.532
2030,6497,0.253511,0.3935788888888889,0.717587322,102.79
2030,6498,0.368659,0.031529999999999996,0.710396557,133.2
2030,6499,0.490665,0.0,0.708763492,146.26
2030,6500,0.579646,0.0,0.667974644,115.29
2030,6501,0.625162,0.0,0.62362523,102.67
2030,6502,0.629046,0.0,0.587223258,97.624
2030,6503,0.596111,0.0,0.548762632,90.688
2030,6504,0.53032,0.0,0.527250917,85.952
2030,6505,0.450357,0.0,0.505747947,83.599
2030,6506,0.378589,0.0,0.49804754,79.221
2030,6507,0.327021,0.0,0.494978323,77.466
2030,6508,0.284552,0.0,0.500080408,73.216
2030,6509,0.261743,0.0,0.521683808,86.954
2030,6510,0.26176299999999997,0.0,0.53548826,104.19
2030,6511,0.274406,0.19021666666666665,0.553665848,112.9
2030,6512,0.250576,0.5056288888888889,0.571723667,86.585
2030,6513,0.21918,0.6713566666666666,0.58209974,47.585
2030,6514,0.222344,0.752901111111111,0.58576721,1.025
2030,6515,0.269777,0.7871111111111112,0.573687719,0.67936
2030,6516,0.327371,0.7827288888888888,0.567828014,0.1163
2030,6517,0.361193,0.7992766666666666,0.560658246,0.11908
2030,6518,0.345812,0.7844988888888887,0.563961417,0.43709
2030,6519,0.29736,0.7446455555555556,0.571180667,11.882
2030,6520,0.25946699999999995,0.6478,0.59156112,13.741
2030,6521,0.25670499999999996,0.4388433333333333,0.600326393,86.124
2030,6522,0.292509,0.03142777777777778,0.621317485,104.19
2030,6523,0.350484,0.0,0.630203057,113.42
2030,6524,0.407165,0.0,0.605360429,100.35
2030,6525,0.45034,0.0,0.573748375,90.509
2030,6526,0.486545,0.0,0.544730563,81.975
2030,6527,0.499486,0.0,0.516589033,77.481
2030,6528,0.477537,0.0,0.497428945,72.624
2030,6529,0.436591,0.0,0.481385626,76.121
2030,6530,0.38459,0.0,0.474504179,83.108
2030,6531,0.341633,0.0,0.471875235,91.145
2030,6532,0.305556,0.0,0.476522593,94.236
2030,6533,0.285488,0.0,0.493890257,114.14
2030,6534,0.278503,0.0,0.498087823,149.96
2030,6535,0.266751,0.17635555555555554,0.504499834,144.35
2030,6536,0.212193,0.4717577777777777,0.521914688,96.101
2030,6537,0.156177,0.6594066666666666,0.545473993,89.166
2030,6538,0.132121,0.7551666666666667,0.558098256,53.657
2030,6539,0.147876,0.7984911111111113,0.555811876,7.451
2030,6540,0.175733,0.7995766666666667,0.563186367,0.11193
2030,6541,0.190101,0.8068733333333333,0.556969226,0.16197
2030,6542,0.172508,0.7876444444444444,0.553273103,0.7103
2030,6543,0.141491,0.74235,0.562286189,12.037
2030,6544,0.116248,0.64505,0.58429211,81.695
2030,6545,0.10097,0.43044,0.610754095,96.072
2030,6546,0.090759,0.024471111111111107,0.627089386,131.08
2030,6547,0.085112,0.0,0.62391486,141.99
2030,6548,0.078587,0.0,0.600864892,123.31
2030,6549,0.07014,0.0,0.569219279,102.79
2030,6550,0.068155,0.0,0.535718365,98.845
2030,6551,0.067688,0.0,0.503921709,92.193
2030,6552,0.063394,0.0,0.486671152,84.469
2030,6553,0.060521,0.0,0.530362045,73.488
2030,6554,0.060157,0.0,0.52957822,76.94
2030,6555,0.060708,0.0,0.534196125,83.458
2030,6556,0.052122,0.0,0.553068087,93.267
2030,6557,0.036309,0.0,0.603098104,104.95
2030,6558,0.021645,0.0,0.626075363,129.84
2030,6559,0.012767,0.15252666666666664,0.66425972,128.83
2030,6560,0.01028,0.46438444444444443,0.682535452,93.701
2030,6561,0.012745,0.6390688888888888,0.68245146,71.197
2030,6562,0.015629,0.7254633333333333,0.702146705,25.394
2030,6563,0.018133,0.764,0.692585613,0.31769
2030,6564,0.020953,0.7799144444444445,0.691565222,0.10024
2030,6565,0.02024,0.77793,0.702157065,0.18132
2030,6566,0.014686,0.7622766666666666,0.705787502,0.49966
2030,6567,0.007974,0.7172011111111112,0.706735361,15.731
2030,6568,0.004443,0.6159577777777778,0.735447911,88.175
2030,6569,0.004865,0.39327,0.718913647,101.75
2030,6570,0.007898,0.01731,0.726406252,132.57
2030,6571,0.01069,0.0,0.716944239,131.24
2030,6572,0.015552,0.0,0.674266563,111.56
2030,6573,0.025085,0.0,0.628799591,102.52
2030,6574,0.040147,0.0,0.585868927,98.487
2030,6575,0.063686,0.0,0.543571339,87.847
2030,6576,0.090841,0.0,0.523437787,80.399
2030,6577,0.115178,0.0,0.574863564,79.411
2030,6578,0.129204,0.0,0.572383031,81.161
2030,6579,0.136248,0.0,0.575762306,85.215
2030,6580,0.131633,0.0,0.59262278,94.392
2030,6581,0.126608,0.0,0.642439601,114.09
2030,6582,0.12814099999999998,0.0,0.665632134,132.13
2030,6583,0.135585,0.1586311111111111,0.704563477,120.03
2030,6584,0.144473,0.47533555555555557,0.71329975,93.14
2030,6585,0.148124,0.64626,0.706227312,78.994
2030,6586,0.160356,0.72837,0.708530678,48.717
2030,6587,0.177141,0.7678188888888888,0.705011501,18.035
2030,6588,0.200672,0.7728066666666666,0.711396727,1.188
2030,6589,0.231873,0.7862733333333333,0.729044629,1.146
2030,6590,0.264014,0.7723766666666666,0.735499217,12.854
2030,6591,0.298488,0.7321133333333334,0.74497757,12.071
2030,6592,0.332861,0.6422088888888889,0.77055742,87.477
2030,6593,0.383231,0.42780444444444443,0.754995184,98.609
2030,6594,0.438196,0.015462222222222221,0.761162807,145.16
2030,6595,0.487679,0.0,0.746085719,142.59
2030,6596,0.542372,0.0,0.704379035,111.01
2030,6597,0.597835,0.0,0.659691007,98.607
2030,6598,0.660325,0.0,0.616558305,93.511
2030,6599,0.709368,0.0,0.572549567,83.513
2030,6600,0.727198,0.0,0.552602284,72.304
2030,6601,0.727809,0.0,0.597354935,67.483
2030,6602,0.723633,0.0,0.595055812,64.587
2030,6603,0.725237,0.0,0.598219626,67.612
2030,6604,0.718508,0.0,0.615327184,64.922
2030,6605,0.706831,0.0,0.664786333,82.976
2030,6606,0.689203,0.0,0.688987764,109.8
2030,6607,0.658387,0.03251222222222222,0.729207233,105.44
2030,6608,0.609002,0.1994277777777778,0.737112357,71.915
2030,6609,0.581811,0.42545777777777766,0.728839544,11.982
2030,6610,0.580081,0.5249266666666668,0.728272524,0.99714
2030,6611,0.632576,0.5452088888888889,0.721118576,0.14237
2030,6612,0.672053,0.5563622222222221,0.726632952,0.11276
2030,6613,0.719139,0.5498966666666666,0.736633624,0.10939
2030,6614,0.76489,0.5954044444444445,0.741787915,0.12119
2030,6615,0.801402,0.6034111111111111,0.743448242,11.969
2030,6616,0.840512,0.4997211111111111,0.773529139,11.501
2030,6617,0.886025,0.2808777777777777,0.756331401,73.813
2030,6618,0.918978,0.006708888888888889,0.765469008,121.45
2030,6619,0.931423,0.0,0.7568841,115.95
2030,6620,0.932144,0.0,0.71394768,93.748
2030,6621,0.925481,0.0,0.665788486,87.127
2030,6622,0.90749,0.0,0.621267133,72.179
2030,6623,0.873222,0.0,0.576647319,59.323
2030,6624,0.819787,0.0,0.554586253,36.656
2030,6625,0.749155,0.0,0.589321071,38.013
2030,6626,0.672345,0.0,0.587115035,54.111
2030,6627,0.601238,0.0,0.59167063,70.657
2030,6628,0.527632,0.0,0.609584953,83.805
2030,6629,0.425972,0.0,0.659358791,90.716
2030,6630,0.36403,0.0,0.683856176,122.25
2030,6631,0.369883,0.028847777777777778,0.725002854,145.42
2030,6632,0.392461,0.1692955555555556,0.734456053,101.09
2030,6633,0.489537,0.43449,0.72592068,77.051
2030,6634,0.54237,0.5784711111111112,0.728454945,25.876
2030,6635,0.607594,0.6731177777777779,0.720054861,11.996
2030,6636,0.700199,0.7352011111111112,0.72496896,11.989
2030,6637,0.718436,0.7314811111111111,0.739011283,19.918
2030,6638,0.711798,0.7346333333333334,0.737845803,35.418
2030,6639,0.666583,0.6663144444444445,0.746058593,76.769
2030,6640,0.615428,0.4702,0.775057004,94.791
2030,6641,0.564715,0.21413888888888888,0.762052241,103.53
2030,6642,0.575405,0.002643333333333333,0.770106699,133.52
2030,6643,0.62162,0.0,0.749090503,128.36
2030,6644,0.684769,0.0,0.703197792,106.35
2030,6645,0.692144,0.0,0.653459838,100.88
2030,6646,0.699226,0.0,0.610451613,91.501
2030,6647,0.728954,0.0,0.567083829,90.901
2030,6648,0.775711,0.0,0.54624679,89.231
2030,6649,0.813485,0.0,0.568948793,86.011
2030,6650,0.803618,0.0,0.564257942,89.359
2030,6651,0.800635,0.0,0.565749027,95.43
2030,6652,0.815829,0.0,0.581331289,100.01
2030,6653,0.832688,0.0,0.628888418,102.98
2030,6654,0.852166,0.0,0.65009369,116.75
2030,6655,0.862344,0.0734211111111111,0.689071016,137.51
2030,6656,0.86379,0.2520777777777778,0.716989925,108.94
2030,6657,0.888671,0.4629,0.736205343,87.472
2030,6658,0.911207,0.659781111111111,0.754610824,40.407
2030,6659,0.927245,0.7324155555555555,0.754723653,12.587
2030,6660,0.939687,0.7150077777777778,0.757378426,11.169
2030,6661,0.950792,0.6956688888888888,0.763007106,22.071
2030,6662,0.955591,0.6563033333333332,0.761464298,14.089
2030,6663,0.950666,0.623092222222222,0.756390754,68.62
2030,6664,0.952916,0.40432888888888896,0.783930958,97.915
2030,6665,0.962483,0.20838666666666666,0.765857261,114.75
2030,6666,0.974335,0.0012077777777777775,0.747748406,143.56
2030,6667,0.981239,0.0,0.714945075,139.82
2030,6668,0.982662,0.0,0.669769244,114.62
2030,6669,0.986833,0.0,0.623861547,113.76
2030,6670,0.98896,0.0,0.587189032,106.85
2030,6671,0.983128,0.0,0.547878872,101.94
2030,6672,0.97225,0.0,0.526557824,100.62
2030,6673,0.958994,0.0,0.501848851,97.286
2030,6674,0.958798,0.0,0.496321332,96.334
2030,6675,0.96853,0.0,0.49609491,96.933
2030,6676,0.978919,0.0,0.50402347,98.406
2030,6677,0.987325,0.0,0.529002741,97.94
2030,6678,0.988195,0.0,0.555858865,110.71
2030,6679,0.977907,0.0001322222222222222,0.568587538,114.33
2030,6680,0.979201,0.03208777777777778,0.586280324,101.08
2030,6681,0.979192,0.27417444444444444,0.607356143,85.994
2030,6682,0.980967,0.5280455555555555,0.607009585,39.358
2030,6683,0.982835,0.6128466666666668,0.591378824,15.362
2030,6684,0.97926,0.6331577777777778,0.588236706,37.713
2030,6685,0.975273,0.54339,0.578901849,28.557
2030,6686,0.971371,0.4422333333333333,0.577424164,48.383
2030,6687,0.964541,0.3208488888888889,0.585441975,54.582
2030,6688,0.959482,0.24026222222222218,0.604832996,90.85
2030,6689,0.960032,0.18850222222222218,0.610460027,102.26
2030,6690,0.966133,0.0003422222222222222,0.63851247,128.42
2030,6691,0.968722,0.0,0.627478071,126.3
2030,6692,0.975367,0.0,0.600224921,108.44
2030,6693,0.983236,0.0,0.56974974,102.49
2030,6694,0.988443,0.0,0.542228005,99.625
2030,6695,0.989073,0.0,0.515991692,90.656
2030,6696,0.989011,0.0,0.497041082,86.285
2030,6697,0.98873,0.0,0.46476856,80.228
2030,6698,0.986221,0.0,0.459250139,83.007
2030,6699,0.985914,0.0,0.457875478,91.298
2030,6700,0.987274,0.0,0.463645068,96.619
2030,6701,0.988138,0.0,0.482290843,106.87
2030,6702,0.98834,0.0,0.498403936,126.62
2030,6703,0.983575,0.034262222222222215,0.500220517,129.11
2030,6704,0.957035,0.3583766666666667,0.500341526,92.886
2030,6705,0.915371,0.6526566666666667,0.502673098,64.917
2030,6706,0.898063,0.7455633333333332,0.503279126,26.497
2030,6707,0.902212,0.7108822222222221,0.502169553,14.743
2030,6708,0.912692,0.5700777777777778,0.513288005,54.918
2030,6709,0.917947,0.37055111111111105,0.516762014,79.369
2030,6710,0.918018,0.3100033333333333,0.525326964,87.588
2030,6711,0.922539,0.44494444444444436,0.538806927,96.685
2030,6712,0.932378,0.43271777777777776,0.566442987,101.94
2030,6713,0.937219,0.22578555555555552,0.588453428,116.54
2030,6714,0.94633,3.6666666666666666e-05,0.612834017,135.62
2030,6715,0.944799,0.0,0.60340117,124.67
2030,6716,0.9331,0.0,0.579579951,102.03
2030,6717,0.925336,0.0,0.548842778,93.456
2030,6718,0.90696,0.0,0.517166779,98.061
2030,6719,0.903713,0.0,0.48574953,93.791
2030,6720,0.903505,0.0,0.468958405,88.917
2030,6721,0.882917,0.0,0.525205051,88.48
2030,6722,0.876402,0.0,0.524289525,90.609
2030,6723,0.880007,0.0,0.528499716,90.311
2030,6724,0.876348,0.0,0.546671312,104.5
2030,6725,0.877457,0.0,0.595342925,116.34
2030,6726,0.878303,0.0,0.618750361,138.08
2030,6727,0.864315,0.0020677777777777778,0.662665668,164.68
2030,6728,0.846949,0.040067777777777785,0.682459759,124.7
2030,6729,0.828662,0.10721555555555555,0.681982892,103.75
2030,6730,0.813998,0.18007666666666666,0.68658716,96.701
2030,6731,0.806539,0.2733144444444444,0.682150828,80.109
2030,6732,0.805368,0.38571444444444436,0.687901699,74.096
2030,6733,0.815049,0.34643666666666667,0.698722874,70.813
2030,6734,0.830699,0.3012711111111111,0.69981857,85.246
2030,6735,0.850692,0.23597888888888888,0.699312262,97.015
2030,6736,0.86219,0.19182,0.727833844,108.11
2030,6737,0.862359,0.10457555555555555,0.71565102,124.19
2030,6738,0.840972,0.0,0.728458515,154.24
2030,6739,0.806302,0.0,0.713140628,138.79
2030,6740,0.735098,0.0,0.672796993,121.06
2030,6741,0.617421,0.0,0.629720648,108.13
2030,6742,0.484636,0.0,0.588777204,102.11
2030,6743,0.318712,0.0,0.549193538,96.922
2030,6744,0.155023,0.0,0.529493396,87.293
2030,6745,0.043743,0.0,0.58180633,86.819
2030,6746,0.003558,0.0,0.579764769,85.906
2030,6747,0.030114,0.0,0.584993643,89.427
2030,6748,0.140532,0.0,0.60250307,98.772
2030,6749,0.302202,0.0,0.65105951,112.65
2030,6750,0.47753,0.0,0.67497593,133.02
2030,6751,0.630102,0.0,0.717869716,125.01
2030,6752,0.744156,0.0066977777777777765,0.723059159,100.31
2030,6753,0.816621,0.020704444444444445,0.704294628,95.86
2030,6754,0.864984,0.036022222222222226,0.699737228,83.095
2030,6755,0.8781,0.04630000000000001,0.688758609,87.808
2030,6756,0.862364,0.08817555555555556,0.695981394,82.027
2030,6757,0.842142,0.08781777777777777,0.706780133,68.881
2030,6758,0.815023,0.09723,0.709902805,85.264
2030,6759,0.793404,0.07695555555555557,0.712185727,94.667
2030,6760,0.825426,0.048247777777777785,0.739635551,103.59
2030,6761,0.85478,0.013772222222222222,0.727190492,128.12
2030,6762,0.864516,0.0,0.743860676,117.26
2030,6763,0.878163,0.0,0.736492672,112.35
2030,6764,0.914962,0.0,0.701888396,98.092
2030,6765,0.927806,0.0,0.660174083,94.633
2030,6766,0.906426,0.0,0.618245275,79.9
2030,6767,0.886072,0.0,0.573637604,78.338
2030,6768,0.881732,0.0,0.550511383,66.874
2030,6769,0.888655,0.0,0.583269024,75.17
2030,6770,0.89886,0.0,0.580549542,89.3
2030,6771,0.925221,0.0,0.581677522,95.698
2030,6772,0.912684,0.0,0.596632792,98.718
2030,6773,0.923174,0.0,0.642693083,111.2
2030,6774,0.940528,0.0,0.664155871,133.85
2030,6775,0.953807,0.024766666666666663,0.706548497,133.11
2030,6776,0.967074,0.19309,0.717017161,101.36
2030,6777,0.979537,0.43535777777777773,0.704198927,85.148
2030,6778,0.987408,0.4950522222222222,0.700807859,64.931
2030,6779,0.987923,0.5153244444444444,0.690864991,82.961
2030,6780,0.989006,0.5657188888888889,0.691220067,49.41
2030,6781,0.988975,0.5920511111111112,0.702632345,28.573
2030,6782,0.9891,0.5769944444444444,0.706439026,74.263
2030,6783,0.987338,0.46467777777777775,0.708346523,89.964
2030,6784,0.986241,0.21016222222222217,0.739480887,100.86
2030,6785,0.98452,0.042511111111111104,0.728285658,111.88
2030,6786,0.978057,0.0,0.742721132,137.33
2030,6787,0.964561,0.0,0.726994355,133.36
2030,6788,0.943337,0.0,0.685798109,108.07
2030,6789,0.942264,0.0,0.640662563,106.56
2030,6790,0.944633,0.0,0.599025298,105.2
2030,6791,0.963619,0.0,0.555733897,97.107
2030,6792,0.97581,0.0,0.533759017,98.497
2030,6793,0.981374,0.0,0.5569042,93.126
2030,6794,0.98792,0.0,0.55289946,90.233
2030,6795,0.989106,0.0,0.55498232,93.93
2030,6796,0.988969,0.0,0.569864455,103.41
2030,6797,0.988026,0.0,0.615316866,116.66
2030,6798,0.988745,0.0,0.63683334,134.6
2030,6799,0.989072,0.010995555555555555,0.679659577,144.12
2030,6800,0.988193,0.08117111111111111,0.691163885,116.11
2030,6801,0.984294,0.20174666666666666,0.680500014,98.348
2030,6802,0.978743,0.2599011111111111,0.679716899,102.39
2030,6803,0.971716,0.32663666666666663,0.674140079,97.652
2030,6804,0.967178,0.35014333333333336,0.679084584,94.258
2030,6805,0.957697,0.24497333333333335,0.693588598,83.441
2030,6806,0.936539,0.19837555555555555,0.701576239,74.579
2030,6807,0.903682,0.15507555555555555,0.711348482,79.305
2030,6808,0.851613,0.11778222222222223,0.738402982,96.202
2030,6809,0.738692,0.029587777777777775,0.726943218,114.48
2030,6810,0.622042,0.0,0.736255281,108.83
2030,6811,0.575746,0.0,0.717257397,92.859
2030,6812,0.498678,0.0,0.675431717,86.783
2030,6813,0.446283,0.0,0.628251934,72.251
2030,6814,0.461637,0.0,0.586042302,55.391
2030,6815,0.476144,0.0,0.543372469,43.778
2030,6816,0.480959,0.0,0.520706205,80.337
2030,6817,0.493829,0.0,0.560857163,80.452
2030,6818,0.438129,0.0,0.556768488,84.853
2030,6819,0.354369,0.0,0.558801732,91.772
2030,6820,0.255606,0.0,0.573629148,92.814
2030,6821,0.173125,0.0,0.618325584,94.961
2030,6822,0.122454,0.0,0.637993431,103.26
2030,6823,0.090074,0.0,0.681247557,129.76
2030,6824,0.060727,0.0015155555555555558,0.703540709,98.114
2030,6825,0.032731,0.00876,0.716519128,71.636
2030,6826,0.024707,0.020917777777777775,0.719076056,27.191
2030,6827,0.03172,0.031146666666666663,0.714323886,12.024
2030,6828,0.040411,0.062315555555555555,0.711669362,0.47436
2030,6829,0.042385,0.05790333333333333,0.715822607,12.017
2030,6830,0.041448,0.06352777777777778,0.71161501,27.281
2030,6831,0.035816,0.06807,0.70146261,71.437
2030,6832,0.035822,0.04954,0.73014081,96.553
2030,6833,0.05725,0.01736,0.715613508,119.64
2030,6834,0.100989,0.0,0.728443664,127.16
2030,6835,0.137703,0.0,0.706862005,118.39
2030,6836,0.169001,0.0,0.663330146,105.25
2030,6837,0.190103,0.0,0.618044425,101.21
2030,6838,0.203437,0.0,0.580873344,99.236
2030,6839,0.211738,0.0,0.540843955,96.983
2030,6840,0.214299,0.0,0.518785633,73.327
2030,6841,0.209997,0.0,0.472718849,71.501
2030,6842,0.202511,0.0,0.466359784,77.7
2030,6843,0.195733,0.0,0.464555375,84.574
2030,6844,0.187923,0.0,0.471061157,89.629
2030,6845,0.185319,0.0,0.4947758,93.583
2030,6846,0.190099,0.0,0.522403191,96.69
2030,6847,0.198898,0.03722222222222222,0.538426327,117.75
2030,6848,0.196889,0.2790066666666667,0.552431692,134.7
2030,6849,0.181799,0.5637066666666668,0.554977586,108.52
2030,6850,0.178705,0.7012411111111112,0.549426891,96.689
2030,6851,0.161824,0.7729222222222222,0.536441387,90.5
2030,6852,0.132057,0.7833855555555556,0.532656514,61.453
2030,6853,0.101222,0.8116922222222223,0.529912905,37.341
2030,6854,0.083966,0.8090333333333333,0.537298937,48.714
2030,6855,0.087433,0.7749866666666666,0.554164511,81.933
2030,6856,0.10771,0.6848966666666666,0.578560646,96.776
2030,6857,0.145248,0.4258377777777777,0.593034659,111.07
2030,6858,0.17865,0.0,0.62212118,142.48
2030,6859,0.209913,0.0,0.607398819,128.23
2030,6860,0.231909,0.0,0.580382346,111.61
2030,6861,0.222366,0.0,0.549590762,102.95
2030,6862,0.196891,0.0,0.522415392,94.237
2030,6863,0.176813,0.0,0.494358227,90.587
2030,6864,0.158564,0.0,0.474281162,85.233
2030,6865,0.141921,0.0,0.466456785,85.465
2030,6866,0.125142,0.0,0.460860575,87.11
2030,6867,0.118211,0.0,0.459191778,93.028
2030,6868,0.125807,0.0,0.464613795,102.89
2030,6869,0.14046,0.0,0.482584457,112.1
2030,6870,0.156179,0.0,0.499354055,134.6
2030,6871,0.17871,0.06823555555555555,0.504275325,149.54
2030,6872,0.198902,0.4172033333333333,0.513269382,130.04
2030,6873,0.196882,0.6405477777777778,0.517607742,111.84
2030,6874,0.207917,0.7277933333333333,0.51455056,105.41
2030,6875,0.223446,0.7375488888888888,0.50708544,93.034
2030,6876,0.223755,0.6814444444444444,0.512758195,83.84
2030,6877,0.220873,0.6121911111111111,0.507853405,82.656
2030,6878,0.227527,0.5630022222222222,0.511819901,92.324
2030,6879,0.253951,0.5637588888888887,0.525777226,103.74
2030,6880,0.304172,0.5510111111111111,0.559085781,118.25
2030,6881,0.410797,0.3437788888888889,0.585519382,155.01
2030,6882,0.54504,0.0,0.620562094,144
2030,6883,0.638067,0.0,0.610290181,108.83
2030,6884,0.674194,0.0,0.587177192,113.85
2030,6885,0.673703,0.0,0.557176501,109.43
2030,6886,0.643596,0.0,0.525064741,102.61
2030,6887,0.593537,0.0,0.493582339,97.17
2030,6888,0.530318,0.0,0.475537988,83.295
2030,6889,0.486367,0.0,0.532734407,81.459
2030,6890,0.45306,0.0,0.531072046,82.862
2030,6891,0.416523,0.0,0.534922181,90.915
2030,6892,0.378433,0.0,0.55138705,100.64
2030,6893,0.341672,0.0,0.597242674,115.05
2030,6894,0.312791,0.0,0.619682727,125.65
2030,6895,0.304252,0.07065555555555555,0.664914397,146.17
2030,6896,0.290941,0.4050566666666666,0.688531681,124.81
2030,6897,0.270032,0.6963444444444444,0.690562781,102.58
2030,6898,0.281771,0.7875722222222223,0.695047127,95.432
2030,6899,0.284536,0.8220977777777778,0.697294624,97.144
2030,6900,0.291787,0.8161988888888888,0.712664883,90.643
2030,6901,0.310766,0.843531111111111,0.730316045,85.532
2030,6902,0.353167,0.8394266666666668,0.732711408,87.122
2030,6903,0.404455,0.8075044444444445,0.735652048,92.714
2030,6904,0.446275,0.7184577777777778,0.759479322,105.48
2030,6905,0.5219550000000001,0.4245566666666667,0.749472746,116.43
2030,6906,0.601228,0.0,0.737576543,137.59
2030,6907,0.637395,0.0,0.708705178,115.24
2030,6908,0.630106,0.0,0.66682429,112.42
2030,6909,0.598666,0.0,0.622195358,106.04
2030,6910,0.556562,0.0,0.580394692,103.89
2030,6911,0.51145,0.0,0.539131392,100.32
2030,6912,0.467734,0.0,0.51922505,95.955
2030,6913,0.432492,0.0,0.572460651,94.142
2030,6914,0.409812,0.0,0.569189041,90.472
2030,6915,0.392382,0.0,0.571628285,92.049
2030,6916,0.38441,0.0,0.586551497,102.46
2030,6917,0.3847,0.0,0.631146165,94.867
2030,6918,0.385157,0.0,0.652045246,109.48
2030,6919,0.379235,0.05326777777777778,0.696020514,115.43
2030,6920,0.340655,0.42434,0.716633526,94.954
2030,6921,0.267323,0.66033,0.723846135,86.191
2030,6922,0.234023,0.7559866666666666,0.730552092,57.69
2030,6923,0.215529,0.7918044444444445,0.720219256,41.178
2030,6924,0.207892,0.7865922222222221,0.722317461,55.975
2030,6925,0.202567,0.8050322222222223,0.735156707,79.798
2030,6926,0.190984,0.79139,0.742880186,91.947
2030,6927,0.174996,0.74225,0.743961911,96.704
2030,6928,0.166338,0.624218888888889,0.766997593,99.438
2030,6929,0.167062,0.29194333333333333,0.758155629,117.83
2030,6930,0.163688,0.0,0.7717234,130.4
2030,6931,0.159043,0.0,0.748933432,108.33
2030,6932,0.14942,0.0,0.708255434,99.222
2030,6933,0.146524,0.0,0.662204789,98.592
2030,6934,0.150093,0.0,0.61765896,97.325
2030,6935,0.156125,0.0,0.573700329,95.403
2030,6936,0.159214,0.0,0.552339431,89.118
2030,6937,0.166774,0.0,0.598078937,77.526
2030,6938,0.201696,0.0,0.594141277,73.34
2030,6939,0.26404,0.0,0.597274904,76.109
2030,6940,0.319002,0.0,0.61112438,80
2030,6941,0.357241,0.0,0.654246861,99.239
2030,6942,0.388479,0.0,0.675872839,123.96
2030,6943,0.404981,0.0008833333333333333,0.721190435,133.24
2030,6944,0.421921,0.0957088888888889,0.738293487,95.585
2030,6945,0.45305,0.3934766666666667,0.724873418,84.692
2030,6946,0.508746,0.5774777777777778,0.727300949,65.019
2030,6947,0.590546,0.7019055555555556,0.719513439,18.9
2030,6948,0.682205,0.7309422222222222,0.72210353,12.009
2030,6949,0.75007,0.7414233333333332,0.739430224,12.037
2030,6950,0.800596,0.721,0.744051022,59.701
2030,6951,0.844835,0.6604966666666666,0.748594131,96.056
2030,6952,0.892325,0.3567922222222223,0.774933907,48.76
2030,6953,0.940625,0.034367777777777775,0.767997285,100.62
2030,6954,0.96872,0.0,0.783092283,126.85
2030,6955,0.981168,0.0,0.761139601,107.19
2030,6956,0.986553,0.0,0.72305579,97.4
2030,6957,0.987845,0.0,0.680047455,84.697
2030,6958,0.989001,0.0,0.63897964,70.392
2030,6959,0.989006,0.0,0.595280333,73.621
2030,6960,0.988272,0.0,0.572313505,75.453
2030,6961,0.987831,0.0,0.604464695,76.92
2030,6962,0.985414,0.0,0.599480253,85.597
2030,6963,0.983792,0.0,0.600806451,90.007
2030,6964,0.981152,0.0,0.613043877,93.591
2030,6965,0.961084,0.0,0.654624779,99.11
2030,6966,0.930215,0.0,0.674621881,116.6
2030,6967,0.920225,0.0,0.718542364,136.42
2030,6968,0.887825,0.014141111111111111,0.737051689,129.26
2030,6969,0.904236,0.0784188888888889,0.730873961,99.408
2030,6970,0.930135,0.2838988888888889,0.733820771,97.591
2030,6971,0.94455,0.6166111111111113,0.724872154,82.653
2030,6972,0.958063,0.7269422222222224,0.731175519,68.657
2030,6973,0.965355,0.72379,0.74468048,68.667
2030,6974,0.967565,0.6139877777777779,0.747622408,86.187
2030,6975,0.967451,0.5203733333333334,0.747707767,98.399
2030,6976,0.968239,0.25966888888888884,0.77409991,115.73
2030,6977,0.966305,0.03214444444444444,0.767176226,149.85
2030,6978,0.963424,0.0,0.780475406,177.93
2030,6979,0.963224,0.0,0.756565852,133.28
2030,6980,0.964245,0.0,0.713414948,118.46
2030,6981,0.964348,0.0,0.66500212,113.79
2030,6982,0.964959,0.0,0.620770912,103.43
2030,6983,0.965017,0.0,0.576248221,100.43
2030,6984,0.961057,0.0,0.553414597,95.616
2030,6985,0.949493,0.0,0.579036892,93.287
2030,6986,0.929079,0.0,0.574507076,89.685
2030,6987,0.902454,0.0,0.576255869,89.708
2030,6988,0.864697,0.0,0.589834192,88.224
2030,6989,0.820362,0.0,0.632237364,90.818
2030,6990,0.779114,0.0,0.651575739,98.84
2030,6991,0.743445,0.001974444444444444,0.697944668,106.96
2030,6992,0.712259,0.12759555555555555,0.720824105,98.159
2030,6993,0.695746,0.31091222222222226,0.718727171,77.831
2030,6994,0.701731,0.46670777777777767,0.720365441,54.098
2030,6995,0.715178,0.5432988888888889,0.714101074,33.865
2030,6996,0.741388,0.6301866666666667,0.717173533,10.589
2030,6997,0.755947,0.6491688888888887,0.72697384,11.995
2030,6998,0.752696,0.6436055555555554,0.726780027,36.468
2030,6999,0.755942,0.6120455555555555,0.72244999,75.336
2030,7000,0.775984,0.49049777777777775,0.751155115,94.065
2030,7001,0.796445,0.14241444444444448,0.747949434,134.36
2030,7002,0.796384,0.0,0.757183876,142.84
2030,7003,0.772561,0.0,0.728349579,113.54
2030,7004,0.731133,0.0,0.683652723,94.071
2030,7005,0.691425,0.0,0.638127322,94.774
2030,7006,0.66268,0.0,0.60073154,89.24
2030,7007,0.655586,0.0,0.561707208,85.763
2030,7008,0.662681,0.0,0.539280179,76.203
2030,7009,0.677916,0.0,0.504683533,55.737
2030,7010,0.693582,0.0,0.498614536,48.858
2030,7011,0.703652,0.0,0.497627954,53.188
2030,7012,0.695556,0.0,0.503995252,68.092
2030,7013,0.676552,0.0,0.525561625,75.783
2030,7014,0.647205,0.0,0.551297397,85.661
2030,7015,0.605049,0.00027888888888888896,0.569192594,97.048
2030,7016,0.544643,0.10078444444444445,0.585088527,105.26
2030,7017,0.459648,0.18832,0.581571248,89.585
2030,7018,0.379872,0.36548111111111103,0.573377439,76.209
2030,7019,0.334026,0.4572177777777777,0.557893445,22.434
2030,7020,0.319002,0.5399577777777778,0.552431108,54.469
2030,7021,0.315823,0.5562011111111111,0.5453961,47.876
2030,7022,0.334467,0.5828277777777777,0.548311479,59.349
2030,7023,0.350638,0.5015788888888889,0.565801864,89.008
2030,7024,0.359885,0.3430955555555556,0.594864214,94.915
2030,7025,0.346848,0.07979555555555555,0.619730341,124.58
2030,7026,0.318422,0.0,0.647000287,125.69
2030,7027,0.274079,0.0,0.628411252,108.34
2030,7028,0.222822,0.0,0.601184985,94.858
2030,7029,0.188404,0.0,0.570824211,92.619
2030,7030,0.176626,0.0,0.543568938,88.04
2030,7031,0.186059,0.0,0.516415225,82.111
2030,7032,0.215057,0.0,0.496126868,74.053
2030,7033,0.250355,0.0,0.495410581,62.104
2030,7034,0.299899,0.0,0.490476178,64.375
2030,7035,0.373737,0.0,0.489934736,72.722
2030,7036,0.438158,0.0,0.495077181,87.545
2030,7037,0.496545,0.0,0.510624166,93.828
2030,7038,0.547703,0.0,0.525790744,112.58
2030,7039,0.584349,0.0034611111111111114,0.53331819,132.44
2030,7040,0.59161,0.21688666666666664,0.547280536,116.89
2030,7041,0.584562,0.4813788888888889,0.565934763,95.364
2030,7042,0.595687,0.5618111111111111,0.570170206,85.096
2030,7043,0.613369,0.6137877777777778,0.567936881,71.148
2030,7044,0.624196,0.6469733333333333,0.56587766,64.229
2030,7045,0.625172,0.6681233333333334,0.553373672,57.724
2030,7046,0.612277,0.6588788888888887,0.550980194,79.752
2030,7047,0.589357,0.6075177777777778,0.565708898,95.093
2030,7048,0.564562,0.46379666666666663,0.59696312,102.69
2030,7049,0.566224,0.1020088888888889,0.628991083,116.46
2030,7050,0.582394,0.0,0.668001506,125.42
2030,7051,0.605051,0.0,0.65722025,117.07
2030,7052,0.617108,0.0,0.633797028,100
2030,7053,0.615967,0.0,0.604559597,97.733
2030,7054,0.60407,0.0,0.571850432,89.392
2030,7055,0.58695,0.0,0.540879335,78.804
2030,7056,0.566033,0.0,0.522726469,79.071
2030,7057,0.539698,0.0,0.591803138,78.159
2030,7058,0.526742,0.0,0.591840739,80.09
2030,7059,0.533482,0.0,0.597025789,83.345
2030,7060,0.539698,0.0,0.613816289,96.128
2030,7061,0.539826,0.0,0.656290083,106.38
2030,7062,0.551529,0.0,0.677403722,127.72
2030,7063,0.571537,0.005243333333333333,0.725639693,158.11
2030,7064,0.567614,0.26358111111111115,0.746111107,111.38
2030,7065,0.539959,0.56853,0.737144468,98.147
2030,7066,0.556464,0.6921922222222222,0.736010126,83.962
2030,7067,0.598728,0.7457955555555554,0.72405169,50.261
2030,7068,0.627894,0.7606611111111111,0.726973328,39.413
2030,7069,0.648816,0.7878866666666665,0.738862937,35.124
2030,7070,0.678944,0.7869955555555556,0.74377767,75.034
2030,7071,0.71412,0.7480044444444445,0.743920109,90.789
2030,7072,0.743979,0.6241822222222222,0.773588663,99.947
2030,7073,0.801612,0.16224444444444444,0.776367143,153.63
2030,7074,0.852167,0.0,0.79177566,152.52
2030,7075,0.872805,0.0,0.767297644,108.9
2030,7076,0.876033,0.0,0.726588864,99.942
2030,7077,0.862673,0.0,0.681087806,96.648
2030,7078,0.844868,0.0,0.636318105,90.789
2030,7079,0.816604,0.0,0.594616649,81.368
2030,7080,0.794704,0.0,0.573896842,69.803
2030,7081,0.785301,0.0,0.607208431,69.059
2030,7082,0.774625,0.0,0.603626298,73.764
2030,7083,0.777248,0.0,0.606892789,81.965
2030,7084,0.783049,0.0,0.621324434,90.903
2030,7085,0.785287,0.0,0.665094677,99.058
2030,7086,0.779589,0.0,0.68555111,120.72
2030,7087,0.775626,0.0008577777777777777,0.731606031,147.56
2030,7088,0.758885,0.18457444444444446,0.750136,132.82
2030,7089,0.729028,0.5369711111111112,0.734261737,100.37
2030,7090,0.714408,0.6659577777777778,0.72965992,98.073
2030,7091,0.672621,0.715012222222222,0.717174015,90.488
2030,7092,0.664555,0.724458888888889,0.717451707,78.92
2030,7093,0.684657,0.7353833333333334,0.728354269,63.925
2030,7094,0.701141,0.721801111111111,0.733984568,69.318
2030,7095,0.691445,0.6725366666666667,0.736118014,84.897
2030,7096,0.693118,0.5514166666666667,0.769398057,97.687
2030,7097,0.763144,0.13106444444444443,0.771326653,129.08
2030,7098,0.813489,0.0,0.783660458,140.76
2030,7099,0.815522,0.0,0.756563643,109.56
2030,7100,0.810386,0.0,0.715565823,97.676
2030,7101,0.815028,0.0,0.670500467,92.098
2030,7102,0.828946,0.0,0.626825085,78.99
2030,7103,0.842469,0.0,0.581817491,64.617
2030,7104,0.848738,0.0,0.558651231,55.64
2030,7105,0.847951,0.0,0.592784001,69.824
2030,7106,0.835737,0.0,0.587842315,79.682
2030,7107,0.821976,0.0,0.589022308,91.805
2030,7108,0.814978,0.0,0.602520183,95.73
2030,7109,0.823864,0.0,0.644357327,103.68
2030,7110,0.84354,0.0,0.665058086,124.73
2030,7111,0.862887,0.001132222222222222,0.713487177,147.24
2030,7112,0.883261,0.24504777777777778,0.741042765,102.67
2030,7113,0.906416,0.5487188888888889,0.757552168,85.774
2030,7114,0.916643,0.6776522222222221,0.770696928,33.327
2030,7115,0.932369,0.7296511111111111,0.773939052,9.495
2030,7116,0.944749,0.7417766666666668,0.7813044,12.035
2030,7117,0.95486,0.7579955555555555,0.797291472,12.023
2030,7118,0.961332,0.7457588888888889,0.79799339,53.403
2030,7119,0.964553,0.6903533333333334,0.793042585,87.42
2030,7120,0.969207,0.5371633333333332,0.820940903,104.47
2030,7121,0.973605,0.09875555555555555,0.806555051,113.13
2030,7122,0.972873,0.0,0.786106686,152.42
2030,7123,0.973201,0.0,0.755535043,113.85
2030,7124,0.975151,0.0,0.715118933,105.96
2030,7125,0.976666,0.0,0.672822375,105.08
2030,7126,0.982144,0.0,0.635142737,103.65
2030,7127,0.981507,0.0,0.59502897,100.58
2030,7128,0.976665,0.0,0.574080428,92.82
2030,7129,0.963152,0.0,0.61583608,87.938
2030,7130,0.951999,0.0,0.612244549,86.87
2030,7131,0.94208,0.0,0.615865239,89.931
2030,7132,0.928024,0.0,0.629809886,99.999
2030,7133,0.91646,0.0,0.672633604,102.99
2030,7134,0.917834,0.0,0.696237523,129.75
2030,7135,0.909552,0.0,0.745441558,131.7
2030,7136,0.906389,0.0003044444444444444,0.768928616,125.46
2030,7137,0.909321,0.008793333333333332,0.753068522,105.59
2030,7138,0.912684,0.022976666666666663,0.746336786,103.86
2030,7139,0.907033,0.04795666666666667,0.736638755,95.571
2030,7140,0.890113,0.10556222222222222,0.735447014,71.733
2030,7141,0.836302,0.06930333333333333,0.749858808,59.476
2030,7142,0.782632,0.07199666666666665,0.75227381,77.508
2030,7143,0.76805,0.06861333333333333,0.756580363,95.012
2030,7144,0.797405,0.03117333333333333,0.788283408,101.42
2030,7145,0.825708,0.0008033333333333333,0.796082145,142.06
2030,7146,0.787937,0.0,0.801694813,144.44
2030,7147,0.706282,0.0,0.772490101,106.89
2030,7148,0.652682,0.0,0.72841621,100.44
2030,7149,0.60122,0.0,0.679052256,97.322
2030,7150,0.563598,0.0,0.633418553,92.602
2030,7151,0.539114,0.0,0.587501332,79.242
2030,7152,0.52016,0.0,0.563092439,90.623
2030,7153,0.558599,0.0,0.577182032,84.051
2030,7154,0.60124,0.0,0.571017645,82.737
2030,7155,0.640975,0.0,0.571578566,83.045
2030,7156,0.6985,0.0,0.584210314,84.759
2030,7157,0.7428,0.0,0.625175982,94.937
2030,7158,0.761902,0.0,0.644441971,103.44
2030,7159,0.773328,0.0,0.69246156,123.75
2030,7160,0.78216,0.03817555555555555,0.720741357,116.31
2030,7161,0.80317,0.18407888888888888,0.734836981,89.635
2030,7162,0.829851,0.3414777777777777,0.747802909,55.816
2030,7163,0.849552,0.6017044444444445,0.752738458,28.06
2030,7164,0.859853,0.6904122222222222,0.758663882,12.042
2030,7165,0.850915,0.6995600000000001,0.773410205,11.993
2030,7166,0.840319,0.6794055555555556,0.774732592,12.059
2030,7167,0.832706,0.6244100000000001,0.769014893,23.801
2030,7168,0.816566,0.40713888888888894,0.796398012,84.596
2030,7169,0.805125,0.03965444444444445,0.784765838,124.82
2030,7170,0.813445,0.0,0.762415438,133.84
2030,7171,0.814337,0.0,0.728795765,125.53
2030,7172,0.792393,0.0,0.684200448,101.31
2030,7173,0.767263,0.0,0.638761301,94.724
2030,7174,0.749231,0.0,0.600735655,92.695
2030,7175,0.71784,0.0,0.560624879,85.499
2030,7176,0.69514,0.0,0.537431466,91.522
2030,7177,0.686929,0.0,0.532865379,90.905
2030,7178,0.678122,0.0,0.527030404,100.43
2030,7179,0.651353,0.0,0.52672209,95.68
2030,7180,0.59354,0.0,0.532634791,92.121
2030,7181,0.566354,0.0,0.552059624,88.738
2030,7182,0.580531,0.0,0.578488876,84.207
2030,7183,0.636271,0.0,0.600620754,88.437
2030,7184,0.673421,0.016343333333333335,0.624682929,88.974
2030,7185,0.666207,0.08100555555555557,0.6331633,71.245
2030,7186,0.682151,0.16283333333333333,0.619903539,71.079
2030,7187,0.746935,0.2233622222222222,0.608992228,35.474
2030,7188,0.73114,0.3343666666666667,0.599487927,36.541
2030,7189,0.699133,0.4922266666666667,0.597435708,33.942
2030,7190,0.685583,0.4493955555555556,0.600066701,22.805
2030,7191,0.646543,0.2569577777777778,0.617130107,51.149
2030,7192,0.642938,0.05793888888888889,0.64352203,80.023
2030,7193,0.673817,0.0033466666666666666,0.67739558,89.247
2030,7194,0.708188,0.0,0.706136917,138.76
2030,7195,0.678355,0.0,0.689210908,89.052
2030,7196,0.616588,0.0,0.661379469,56.525
2030,7197,0.555621,0.0,0.63127323,60.179
2030,7198,0.5149299999999999,0.0,0.604382548,34.923
2030,7199,0.5137,0.0,0.578452516,93.614
2030,7200,0.519996,0.0,0.556811341,162.34
2030,7201,0.48899,0.0,0.569270114,40.292
2030,7202,0.459855,0.0,0.5642819,28.942
2030,7203,0.439208,0.0,0.561933482,41.311
2030,7204,0.430617,0.0,0.566026183,38.912
2030,7205,0.404471,0.0,0.578883403,67.471
2030,7206,0.33472,0.0,0.594322075,100.15
2030,7207,0.226986,0.0,0.605170246,128.99
2030,7208,0.122413,0.07529666666666668,0.618858965,127.45
2030,7209,0.051613,0.3002388888888889,0.616542522,89.179
2030,7210,0.027215,0.4894855555555555,0.610953512,52.11
2030,7211,0.030869,0.5342533333333334,0.602285196,36.013
2030,7212,0.044045,0.52892,0.606385957,42.422
2030,7213,0.060016,0.4829533333333333,0.608400427,52.889
2030,7214,0.070573,0.35117333333333334,0.611658222,51.061
2030,7215,0.079026,0.20520444444444444,0.634303247,68.902
2030,7216,0.093721,0.09501222222222222,0.665904755,88.676
2030,7217,0.115269,0.00667,0.708451699,98.729
2030,7218,0.135213,0.0,0.739312634,116.56
2030,7219,0.141569,0.0,0.727403845,123.97
2030,7220,0.149055,0.0,0.704505853,99.798
2030,7221,0.159352,0.0,0.678315218,80.955
2030,7222,0.18012,0.0,0.646433587,79.428
2030,7223,0.207704,0.0,0.617440639,48.503
2030,7224,0.234059,0.0,0.598424023,57.068
2030,7225,0.265635,0.0,0.666996046,53.137
2030,7226,0.293323,0.0,0.668345367,75.527
2030,7227,0.306387,0.0,0.677083162,74.647
2030,7228,0.316868,0.0,0.693575399,78.613
2030,7229,0.341677,0.0,0.7384735,87.884
2030,7230,0.380339,0.0,0.763474285,96.377
2030,7231,0.419252,0.0,0.819223618,143.29
2030,7232,0.436412,0.014888888888888887,0.847778814,147.99
2030,7233,0.427204,0.06082,0.826047737,92.696
2030,7234,0.429132,0.11933444444444444,0.821842653,67.092
2030,7235,0.446255,0.16284555555555555,0.804347443,35.576
2030,7236,0.467368,0.2192888888888889,0.799918057,2.737
2030,7237,0.487443,0.2470544444444444,0.808738748,12.988
2030,7238,0.490808,0.21597666666666665,0.808272445,37.322
2030,7239,0.476976,0.17843555555555554,0.807772816,86.483
2030,7240,0.477529,0.11949333333333333,0.839541935,98.155
2030,7241,0.502916,0.00704,0.859479625,107.01
2030,7242,0.5205,0.0,0.872604637,131.61
2030,7243,0.568469,0.0,0.849431152,148.2
2030,7244,0.636269,0.0,0.813311079,138.51
2030,7245,0.679132,0.0,0.770378055,109.19
2030,7246,0.726084,0.0,0.728752476,106.01
2030,7247,0.751443,0.0,0.680117448,102.87
2030,7248,0.775118,0.0,0.656154782,90.398
2030,7249,0.796386,0.0,0.692243676,78.078
2030,7250,0.811362,0.0,0.691415103,74.491
2030,7251,0.814976,0.0,0.696074256,80.708
2030,7252,0.813499,0.0,0.70783456,87.789
2030,7253,0.80772,0.0,0.745825311,97.497
2030,7254,0.792717,0.0,0.763550656,109.31
2030,7255,0.767417,0.0,0.812885261,151.49
2030,7256,0.749253,0.06501888888888889,0.836705695,133.91
2030,7257,0.731126,0.23570111111111114,0.83582221,93.941
2030,7258,0.701914,0.3805155555555555,0.835314389,88.87
2030,7259,0.709912,0.4317077777777777,0.832097928,49.57
2030,7260,0.706929,0.4172855555555556,0.833121664,11.478
2030,7261,0.684669,0.31946,0.842561276,21.409
2030,7262,0.662714,0.20428,0.846872312,57.078
2030,7263,0.662715,0.12292222222222222,0.844669997,89.176
2030,7264,0.671283,0.06312888888888889,0.871749879,101.93
2030,7265,0.740009,0.0033299999999999996,0.87953752,130.82
2030,7266,0.777221,0.0,0.873675241,138.09
2030,7267,0.768624,0.0,0.845342243,114.35
2030,7268,0.735222,0.0,0.803361636,106.17
2030,7269,0.701766,0.0,0.757204154,104.29
2030,7270,0.687164,0.0,0.710751547,100.28
2030,7271,0.676147,0.0,0.664462613,97.368
2030,7272,0.684659,0.0,0.640882661,80.096
2030,7273,0.680895,0.0,0.664960596,79.299
2030,7274,0.669856,0.0,0.660152239,76.216
2030,7275,0.662639,0.0,0.66238832,77.085
2030,7276,0.650769,0.0,0.675113845,82.013
2030,7277,0.643825,0.0,0.714680875,95.671
2030,7278,0.647203,0.0,0.736188327,109.06
2030,7279,0.64388,0.0,0.789660784,141.8
2030,7280,0.628323,0.030591111111111107,0.816522901,134.92
2030,7281,0.581164,0.15425444444444447,0.8164862,95.09
2030,7282,0.547703,0.3162544444444444,0.819835309,87.688
2030,7283,0.552736,0.4855777777777777,0.814834912,54.563
2030,7284,0.576232,0.5825655555555554,0.818222872,14.789
2030,7285,0.578758,0.5850855555555554,0.834168521,29.008
2030,7286,0.56064,0.54888,0.839368015,56.781
2030,7287,0.5203,0.4214322222222222,0.841061922,87.506
2030,7288,0.484332,0.2396811111111111,0.871870741,99.471
2030,7289,0.509803,0.011694444444444447,0.873249138,119.18
2030,7290,0.558089,0.0,0.853920969,157.75
2030,7291,0.608721,0.0,0.822379134,147.58
2030,7292,0.629357,0.0,0.779979064,102.5
2030,7293,0.612336,0.0,0.734069667,101.02
2030,7294,0.601241,0.0,0.688199781,97.174
2030,7295,0.60759,0.0,0.640846849,90.154
2030,7296,0.583609,0.0,0.614896083,76.894
2030,7297,0.57809,0.0,0.654319552,75.358
2030,7298,0.585416,0.0,0.644395988,71.334
2030,7299,0.598668,0.0,0.641958793,78.464
2030,7300,0.612643,0.0,0.64857079,88.777
2030,7301,0.627624,0.0,0.673130687,91.85
2030,7302,0.640864,0.0,0.679834471,98.397
2030,7303,0.657735,0.0,0.747721591,104.53
2030,7304,0.668085,0.020321111111111113,0.784107025,110.1
2030,7305,0.654871,0.09433333333333334,0.79761078,99.89
2030,7306,0.638535,0.17712444444444445,0.813248058,85.611
2030,7307,0.660336,0.30409222222222226,0.822815048,79.481
2030,7308,0.634401,0.38529555555555556,0.831551703,64.447
2030,7309,0.605051,0.39392777777777777,0.846821234,56.546
2030,7310,0.593542,0.2927388888888889,0.843155345,59.086
2030,7311,0.572824,0.14045888888888886,0.849450515,84.75
2030,7312,0.513078,0.03221666666666667,0.874733079,95.798
2030,7313,0.446271,0.0,0.882851906,123.21
2030,7314,0.344663,0.0,0.857127432,121.25
2030,7315,0.246065,0.0,0.829645731,114.68
2030,7316,0.199734,0.0,0.788341316,95.798
2030,7317,0.161305,0.0,0.738422792,95.187
2030,7318,0.12814599999999998,0.0,0.689553893,93.213
2030,7319,0.104137,0.0,0.642745615,88.941
2030,7320,0.098677,0.0,0.615162134,76.511
2030,7321,0.117328,0.0,0.634175629,83.423
2030,7322,0.12930199999999997,0.0,0.624463284,72.761
2030,7323,0.110845,0.0,0.6218797,69.337
2030,7324,0.09336,0.0,0.628957817,72.813
2030,7325,0.123953,0.0,0.654073631,74.993
2030,7326,0.199215,0.0,0.661256183,80.487
2030,7327,0.283869,0.0,0.732687483,88.629
2030,7328,0.363435,0.07678222222222222,0.770252034,93.356
2030,7329,0.419845,0.23534333333333335,0.771512984,101.47
2030,7330,0.44356,0.4573511111111111,0.773485605,96.391
2030,7331,0.47908,0.6429244444444444,0.767015759,83.87
2030,7332,0.515429,0.6640122222222222,0.763284301,75.684
2030,7333,0.556561,0.6743088888888888,0.780478305,66.039
2030,7334,0.591161,0.63952,0.786296377,68.201
2030,7335,0.613597,0.5368100000000001,0.785198384,85.57
2030,7336,0.651428,0.3179566666666666,0.810075833,95.211
2030,7337,0.727149,0.010173333333333335,0.834576501,108.59
2030,7338,0.780917,0.0,0.818411891,136.76
2030,7339,0.792219,0.0,0.788375414,128.41
2030,7340,0.811096,0.0,0.747801559,105.18
2030,7341,0.808761,0.0,0.703307001,98.233
2030,7342,0.775902,0.0,0.662872227,97.994
2030,7343,0.742528,0.0,0.622336414,89.75
2030,7344,0.739452,0.0,0.595907905,85.765
2030,7345,0.762677,0.0,0.565080239,82.388
2030,7346,0.786571,0.0,0.553492126,75.981
2030,7347,0.806328,0.0,0.548059267,72.241
2030,7348,0.762177,0.0,0.546849181,69.382
2030,7349,0.725783,0.0,0.549582407,59.734
2030,7350,0.736443,0.0,0.56075215,52.817
2030,7351,0.722561,0.0,0.601254499,51.674
2030,7352,0.702445,0.006176666666666667,0.634529243,57.995
2030,7353,0.686933,0.07792,0.663820303,50.274
2030,7354,0.70309,0.12673111111111113,0.674800299,32.074
2030,7355,0.771275,0.10409444444444445,0.676954517,3.117
2030,7356,0.789902,0.08542888888888889,0.670589131,40.274
2030,7357,0.772778,0.06064666666666667,0.668011332,46.236
2030,7358,0.798274,0.09012,0.665454431,40.405
2030,7359,0.774238,0.14074777777777778,0.67532981,21.47
2030,7360,0.82344,0.12300888888888889,0.692957932,23.202
2030,7361,0.867405,0.0018511111111111109,0.726262525,30.108
2030,7362,0.857678,0.0,0.720913669,86.384
2030,7363,0.839019,0.0,0.703645064,83.909
2030,7364,0.828722,0.0,0.680730368,51.917
2030,7365,0.806364,0.0,0.651275916,26.534
2030,7366,0.84351,0.0,0.62098876,23.827
2030,7367,0.911663,0.0,0.594581621,20.665
2030,7368,0.954244,0.0,0.571852919,40.171
2030,7369,0.983429,0.0,0.558996634,37.701
2030,7370,0.985567,0.0,0.547960901,27.576
2030,7371,0.983948,0.0,0.542097855,55.499
2030,7372,0.978789,0.0,0.539966038,69.835
2030,7373,0.965785,0.0,0.537130769,84.277
2030,7374,0.972705,0.0,0.537533083,90.804
2030,7375,0.959938,0.0,0.567666878,120.32
2030,7376,0.948936,0.11321333333333333,0.593391808,134.98
2030,7377,0.915496,0.3885922222222223,0.614970631,113.49
2030,7378,0.896807,0.5465777777777778,0.623876806,90.803
2030,7379,0.894327,0.6158366666666667,0.623005282,86.828
2030,7380,0.886132,0.6431877777777778,0.620431427,64.194
2030,7381,0.863585,0.6275555555555554,0.616527523,61.67
2030,7382,0.77341,0.5482444444444444,0.61515859,59.191
2030,7383,0.640284,0.2696177777777778,0.624877186,81.77
2030,7384,0.601906,0.06865888888888888,0.655299482,93.378
2030,7385,0.607597,0.00048777777777777773,0.712547817,113.66
2030,7386,0.59342,0.0,0.722082036,139.84
2030,7387,0.544257,0.0,0.71091,115.82
2030,7388,0.545038,0.0,0.690915974,93.441
2030,7389,0.510155,0.0,0.661609589,94.02
2030,7390,0.511458,0.0,0.624991593,85.799
2030,7391,0.510933,0.0,0.590772246,72.133
2030,7392,0.454095,0.0,0.56746736,68.414
2030,7393,0.361642,0.0,0.604682877,53.511
2030,7394,0.306465,0.0,0.597481315,55.659
2030,7395,0.320633,0.0,0.596359671,74.416
2030,7396,0.347902,0.0,0.604708268,85.144
2030,7397,0.288512,0.0,0.629857693,90.723
2030,7398,0.257332,0.0,0.636654955,95.058
2030,7399,0.307405,0.0,0.70635692,127.39
2030,7400,0.290965,0.002354444444444445,0.742686483,135.46
2030,7401,0.185365,0.024985555555555556,0.763134353,106.42
2030,7402,0.074052,0.07729333333333333,0.782548259,94.06
2030,7403,0.068349,0.28493222222222225,0.788167562,84.734
2030,7404,0.112405,0.49543111111111104,0.797012208,60.501
2030,7405,0.130863,0.44043,0.813969392,49.021
2030,7406,0.120088,0.2639866666666667,0.816067117,76.276
2030,7407,0.089377,0.11373888888888888,0.812069554,95.643
2030,7408,0.069866,0.03772777777777778,0.839870057,98.872
2030,7409,0.064778,0.0,0.849995067,139.62
2030,7410,0.075758,0.0,0.820166655,135.16
2030,7411,0.128464,0.0,0.792749974,110.8
2030,7412,0.227007,0.0,0.754615386,98.866
2030,7413,0.33912,0.0,0.709381081,95.945
2030,7414,0.445857,0.0,0.661903793,89.783
2030,7415,0.535556,0.0,0.617223821,77.379
2030,7416,0.613133,0.0,0.590426476,64.619
2030,7417,0.674172,0.0,0.616850973,88.678
2030,7418,0.712231,0.0,0.606968378,81.295
2030,7419,0.733144,0.0,0.60432893,73.098
2030,7420,0.740677,0.0,0.610435273,74.614
2030,7421,0.757843,0.0,0.634379784,74.473
2030,7422,0.787523,0.0,0.640644468,95.229
2030,7423,0.80807,0.0,0.709489152,122.94
2030,7424,0.804328,0.016833333333333332,0.745598969,130.6
2030,7425,0.770984,0.09364333333333333,0.764392808,103.33
2030,7426,0.753472,0.19862,0.777644981,85.406
2030,7427,0.755951,0.3776555555555555,0.774905574,77.408
2030,7428,0.770967,0.3714955555555556,0.765965682,51.006
2030,7429,0.787404,0.29469111111111107,0.782309627,45.691
2030,7430,0.796457,0.22475888888888887,0.787777872,73.186
2030,7431,0.800603,0.11070555555555557,0.787826259,85.682
2030,7432,0.802257,0.03203111111111111,0.814905312,97.205
2030,7433,0.807699,0.0,0.835701606,113.03
2030,7434,0.800161,0.0,0.815083676,131.16
2030,7435,0.785298,0.0,0.789468946,126.23
2030,7436,0.76776,0.0,0.754266655,106.92
2030,7437,0.750707,0.0,0.710632287,100.48
2030,7438,0.751758,0.0,0.66365602,96.578
2030,7439,0.762942,0.0,0.618415349,93.021
2030,7440,0.78231,0.0,0.594076492,84.555
2030,7441,0.797723,0.0,0.630733078,84.888
2030,7442,0.806396,0.0,0.622156273,74.046
2030,7443,0.806285,0.0,0.621015113,56.777
2030,7444,0.80083,0.0,0.6286871,44.821
2030,7445,0.807971,0.0,0.651862639,65.039
2030,7446,0.824896,0.0,0.656473445,90.952
2030,7447,0.826802,0.0,0.727297799,105.04
2030,7448,0.82639,0.002122222222222222,0.76378032,116.94
2030,7449,0.822005,0.025837777777777775,0.769492557,112.9
2030,7450,0.809304,0.050181111111111114,0.769577333,94.561
2030,7451,0.78885,0.07084666666666666,0.76907729,87.611
2030,7452,0.776502,0.08780999999999999,0.767961899,76.611
2030,7453,0.774294,0.06887888888888888,0.785062541,77.905
2030,7454,0.780872,0.045349999999999994,0.791057784,80.451
2030,7455,0.788888,0.02273,0.793220357,97.645
2030,7456,0.792753,0.00594,0.821464022,106.21
2030,7457,0.795426,0.0,0.844715038,133.02
2030,7458,0.792601,0.0,0.820516618,136.12
2030,7459,0.774095,0.0,0.793575462,147.37
2030,7460,0.730839,0.0,0.756486962,124.99
2030,7461,0.665516,0.0,0.712389328,114.67
2030,7462,0.596115,0.0,0.666442657,108.22
2030,7463,0.54504,0.0,0.620971357,96.42
2030,7464,0.52191,0.0,0.593352759,90.244
2030,7465,0.522435,0.0,0.623873321,96.785
2030,7466,0.515482,0.0,0.615123651,96.07
2030,7467,0.478976,0.0,0.613722169,100.67
2030,7468,0.438039,0.0,0.620780511,106.79
2030,7469,0.417595,0.0,0.646156585,117.84
2030,7470,0.416074,0.0,0.653978783,131.83
2030,7471,0.426447,0.0,0.72571008,138.36
2030,7472,0.43813,0.004154444444444444,0.763298308,143.67
2030,7473,0.427293,0.03929111111111112,0.763302367,117.14
2030,7474,0.377063,0.09070777777777778,0.764391301,98.792
2030,7475,0.310339,0.17911555555555556,0.759677123,92.151
2030,7476,0.25946699999999995,0.32508333333333334,0.756416473,96.076
2030,7477,0.229753,0.3806966666666667,0.77222392,99.537
2030,7478,0.223477,0.3970766666666667,0.777334067,110.62
2030,7479,0.248464,0.25606666666666666,0.780929914,132.38
2030,7480,0.321498,0.08306,0.81113293,169.61
2030,7481,0.43214,0.0,0.844742774,208.37
2030,7482,0.524935,0.0,0.827840374,199.91
2030,7483,0.574362,0.0,0.802861068,156.85
2030,7484,0.596289,0.0,0.76395136,136.33
2030,7485,0.590522,0.0,0.716549205,122.87
2030,7486,0.549665,0.0,0.668995413,118.6
2030,7487,0.487835,0.0,0.621761267,113.76
2030,7488,0.422904,0.0,0.592171632,106.16
2030,7489,0.356714,0.0,0.613300901,97.069
2030,7490,0.318836,0.0,0.601348379,91.938
2030,7491,0.31008,0.0,0.597386727,87.125
2030,7492,0.338223,0.0,0.603063032,85.97
2030,7493,0.38322,0.0,0.627092542,92.659
2030,7494,0.412533,0.0,0.631776376,84.758
2030,7495,0.428676,0.0,0.701528909,83.239
2030,7496,0.438124,0.01680777777777778,0.741835165,96.402
2030,7497,0.414019,0.18456444444444445,0.755161776,67.608
2030,7498,0.365062,0.4249222222222222,0.758504774,1.792
2030,7499,0.348276,0.5370522222222223,0.758192232,46.166
2030,7500,0.33913,0.5786055555555555,0.758775728,19.849
2030,7501,0.323972,0.5728855555555554,0.777504597,11.219
2030,7502,0.288471,0.46123777777777775,0.783715145,41.026
2030,7503,0.244303,0.30048444444444444,0.784228561,42.151
2030,7504,0.231156,0.12350555555555556,0.809357489,85.974
2030,7505,0.257864,0.0,0.836883973,92.663
2030,7506,0.312823,0.0,0.814505464,107.43
2030,7507,0.369957,0.0,0.785222347,116.65
2030,7508,0.398948,0.0,0.743492191,117.96
2030,7509,0.400397,0.0,0.697875684,110.53
2030,7510,0.388509,0.0,0.656009297,106.49
2030,7511,0.371205,0.0,0.612201246,98.305
2030,7512,0.34788,0.0,0.582270551,94.042
2030,7513,0.341657,0.0,0.532095184,81.115
2030,7514,0.359521,0.0,0.517609039,77.189
2030,7515,0.376603,0.0,0.509674755,72.033
2030,7516,0.369677,0.0,0.506979349,67.425
2030,7517,0.352802,0.0,0.509442231,71.205
2030,7518,0.337055,0.0,0.520023567,82.28
2030,7519,0.326613,0.0,0.561387521,93.233
2030,7520,0.33586,0.0324,0.597411357,107.43
2030,7521,0.335811,0.19948333333333332,0.622536252,116.9
2030,7522,0.300465,0.48619666666666667,0.625515834,108.87
2030,7523,0.272783,0.5958077777777777,0.619119455,96.557
2030,7524,0.26331,0.62923,0.621133849,83.701
2030,7525,0.272115,0.6393322222222221,0.632587386,77.528
2030,7526,0.319436,0.6155833333333333,0.631997604,84.929
2030,7527,0.39247,0.52756,0.640037925,100
2030,7528,0.465301,0.3403333333333333,0.661098739,105.78
2030,7529,0.547703,0.0,0.695562246,136.04
2030,7530,0.585578,0.0,0.686020978,135.23
2030,7531,0.584686,0.0,0.668721419,114.79
2030,7532,0.554812,0.0,0.645652506,105.78
2030,7533,0.52434,0.0,0.616765349,101.62
2030,7534,0.523573,0.0,0.587172594,93.709
2030,7535,0.54658,0.0,0.557576292,77.752
2030,7536,0.569381,0.0,0.533176856,79.72
2030,7537,0.57931,0.0,0.529560444,85.228
2030,7538,0.601221,0.0,0.518546631,85.287
2030,7539,0.644425,0.0,0.513125223,95.965
2030,7540,0.676897,0.0,0.509551996,102.2
2030,7541,0.692771,0.0,0.506559023,108.84
2030,7542,0.70468,0.0,0.507721935,123.23
2030,7543,0.717177,0.0,0.541058806,142.13
2030,7544,0.733183,0.0025644444444444443,0.567490838,155.76
2030,7545,0.751039,0.032343333333333335,0.59607498,111.47
2030,7546,0.753544,0.0933011111111111,0.594167628,98.125
2030,7547,0.735213,0.21143666666666666,0.588215708,84.125
2030,7548,0.714986,0.3116022222222223,0.593115013,93.241
2030,7549,0.68468,0.4193233333333333,0.601896629,97.194
2030,7550,0.640271,0.50927,0.605785152,114.49
2030,7551,0.59793,0.46024333333333334,0.615967706,129.61
2030,7552,0.616346,0.3251666666666666,0.643542589,174.43
2030,7553,0.70899,0.0,0.704248291,238.06
2030,7554,0.773294,0.0,0.710210442,217.86
2030,7555,0.795283,0.0,0.699038066,142.66
2030,7556,0.78787,0.0,0.67912508,117.27
2030,7557,0.781636,0.0,0.650029375,113.7
2030,7558,0.76538,0.0,0.614294,113.56
2030,7559,0.728126,0.0,0.581847214,107.15
2030,7560,0.685081,0.0,0.558486066,98.516
2030,7561,0.64721,0.0,0.613042968,79.591
2030,7562,0.61954,0.0,0.606585395,72.938
2030,7563,0.593763,0.0,0.606731402,76.075
2030,7564,0.572789,0.0,0.614668077,80.38
2030,7565,0.542561,0.0,0.639405631,95.05
2030,7566,0.49695,0.0,0.646522248,109.15
2030,7567,0.454396,0.0,0.71867887,126.2
2030,7568,0.435455,0.016377777777777776,0.75708403,142.12
2030,7569,0.412514,0.11132555555555555,0.766208325,128.03
2030,7570,0.376709,0.22900555555555552,0.76768694,105.05
2030,7571,0.314778,0.33818555555555563,0.772515078,98.599
2030,7572,0.212884,0.3934888888888889,0.773549523,90.833
2030,7573,0.129803,0.443,0.792118159,94.12
2030,7574,0.088879,0.4445266666666666,0.798363563,111.63
2030,7575,0.094761,0.3621688888888889,0.797101967,117.04
2030,7576,0.134365,0.21005555555555555,0.830048563,137.53
2030,7577,0.179325,0.0,0.857831011,160.94
2030,7578,0.214944,0.0,0.833170128,148.24
2030,7579,0.223179,0.0,0.806619899,117.04
2030,7580,0.219195,0.0,0.769472717,115.46
2030,7581,0.207883,0.0,0.726467636,114.72
2030,7582,0.182163,0.0,0.681490763,109.95
2030,7583,0.162299,0.0,0.638020865,109.51
2030,7584,0.171322,0.0,0.611604255,99.994
2030,7585,0.207936,0.0,0.643059671,90.486
2030,7586,0.266338,0.0,0.635189637,85.477
2030,7587,0.323968,0.0,0.631162414,86.104
2030,7588,0.366903,0.0,0.635184598,92.8
2030,7589,0.383247,0.0,0.658224155,104.7
2030,7590,0.37378,0.0,0.662746362,113.47
2030,7591,0.361598,0.0,0.734196205,137.7
2030,7592,0.356555,0.0030311111111111116,0.770563152,137.13
2030,7593,0.344804,0.03201444444444444,0.778659531,103.6
2030,7594,0.335954,0.06591555555555556,0.77870082,95.936
2030,7595,0.324731,0.1186288888888889,0.775952392,66.213
2030,7596,0.307898,0.19511555555555554,0.775214255,57.158
2030,7597,0.29949,0.2733466666666666,0.791228012,74.746
2030,7598,0.307919,0.5199477777777778,0.793696803,102.86
2030,7599,0.346063,0.4915855555555556,0.796639871,107.15
2030,7600,0.427479,0.26442444444444446,0.831563404,113.4
2030,7601,0.530936,0.0,0.863933961,138.73
2030,7602,0.567028,0.0,0.84052074,137.27
2030,7603,0.543307,0.0,0.815796998,121.68
2030,7604,0.493842,0.0,0.778970149,113.2
2030,7605,0.434163,0.0,0.734574137,110.4
2030,7606,0.372945,0.0,0.68637211,107.96
2030,7607,0.313673,0.0,0.637700713,107.19
2030,7608,0.271415,0.0,0.608268217,97.386
2030,7609,0.251577,0.0,0.625903374,89.423
2030,7610,0.243851,0.0,0.613869641,86.011
2030,7611,0.23405,0.0,0.609770479,85.997
2030,7612,0.218742,0.0,0.614420288,91.824
2030,7613,0.186185,0.0,0.636250045,105.42
2030,7614,0.141759,0.0,0.641777359,113.77
2030,7615,0.115133,0.0,0.712776084,133.57
2030,7616,0.105266,0.00027888888888888896,0.750006343,144.11
2030,7617,0.098553,0.02415888888888889,0.774673399,121.4
2030,7618,0.076516,0.06758555555555557,0.794418008,109.91
2030,7619,0.062215,0.1361877777777778,0.801265098,99.378
2030,7620,0.068193,0.22692888888888887,0.801877976,98.467
2030,7621,0.089497,0.26754,0.819398187,99.55
2030,7622,0.11546,0.28798222222222225,0.820392044,99.184
2030,7623,0.151398,0.27712,0.816840711,112.95
2030,7624,0.193013,0.16660111111111114,0.841948816,113.96
2030,7625,0.230907,0.0,0.850538203,127.2
2030,7626,0.259262,0.0,0.817358702,146.16
2030,7627,0.272096,0.0,0.789979263,146.83
2030,7628,0.285824,0.0,0.752565554,113.96
2030,7629,0.314744,0.0,0.708481744,112.73
2030,7630,0.355751,0.0,0.662060734,106.27
2030,7631,0.394952,0.0,0.615651217,102.94
2030,7632,0.432721,0.0,0.58642748,99.303
2030,7633,0.474975,0.0,0.607038686,97.851
2030,7634,0.50054,0.0,0.595716576,102.25
2030,7635,0.504787,0.0,0.591934732,111.54
2030,7636,0.525267,0.0,0.596906375,113.45
2030,7637,0.563593,0.0,0.619076996,114.43
2030,7638,0.587594,0.0,0.624063726,104.16
2030,7639,0.600676,0.0,0.694496399,258.92
2030,7640,0.595746,0.024661111111111113,0.731358878,242.19
2030,7641,0.576182,0.2545322222222222,0.770722269,183.27
2030,7642,0.530093,0.5320944444444443,0.788263319,104.16
2030,7643,0.46792,0.6429766666666666,0.792408115,86.491
2030,7644,0.405637,0.6791633333333332,0.795503551,68.59
2030,7645,0.363588,0.6905444444444445,0.810966954,87.93
2030,7646,0.367784,0.6741766666666666,0.814085422,109.73
2030,7647,0.412909,0.59225,0.81527072,114.05
2030,7648,0.510564,0.35926111111111103,0.845372469,119.7
2030,7649,0.619897,0.0,0.855351594,170.45
2030,7650,0.669406,0.0,0.825578494,145.87
2030,7651,0.678966,0.0,0.798036575,130.68
2030,7652,0.660313,0.0,0.757587963,118.87
2030,7653,0.60989,0.0,0.706961567,120.41
2030,7654,0.576025,0.0,0.657546767,118.08
2030,7655,0.54273,0.0,0.610917759,123.04
2030,7656,0.499274,0.0,0.582996842,117.83
2030,7657,0.472759,0.0,0.62737641,112.62
2030,7658,0.464793,0.0,0.617854476,103.97
2030,7659,0.462567,0.0,0.616020318,107.15
2030,7660,0.454266,0.0,0.622787632,112.95
2030,7661,0.447816,0.0,0.646051779,107.53
2030,7662,0.446255,0.0,0.65247976,107.98
2030,7663,0.449537,0.0,0.726187255,116.93
2030,7664,0.458503,0.02468555555555555,0.767075053,136.72
2030,7665,0.453068,0.20432999999999998,0.786130193,116.26
2030,7666,0.423322,0.5219244444444445,0.791635226,110.18
2030,7667,0.383173,0.634468888888889,0.800927239,93.824
2030,7668,0.327759,0.6713788888888887,0.796755442,82.906
2030,7669,0.295886,0.6795833333333334,0.815444951,78.183
2030,7670,0.292808,0.65751,0.817354119,87.524
2030,7671,0.312792,0.5695988888888889,0.809863296,109.2
2030,7672,0.365999,0.32115666666666665,0.840702414,117.83
2030,7673,0.428681,0.0,0.867023047,140.93
2030,7674,0.473765,0.0,0.839931974,140.17
2030,7675,0.483595,0.0,0.81118058,125.87
2030,7676,0.454721,0.0,0.772530897,116.4
2030,7677,0.399884,0.0,0.730516191,113.48
2030,7678,0.352454,0.0,0.688600316,110.32
2030,7679,0.312803,0.0,0.647114209,105.1
2030,7680,0.275023,0.0,0.617909808,93.411
2030,7681,0.247633,0.0,0.601849142,85.973
2030,7682,0.239912,0.0,0.590274124,82.629
2030,7683,0.250755,0.0,0.585737135,83.715
2030,7684,0.261758,0.0,0.583476329,85.498
2030,7685,0.266354,0.0,0.584493875,91.587
2030,7686,0.261746,0.0,0.595910801,97.931
2030,7687,0.253493,0.0,0.641519071,106.74
2030,7688,0.250765,0.0,0.677512068,119.68
2030,7689,0.253131,0.004016666666666667,0.701877587,108.69
2030,7690,0.254624,0.01646444444444444,0.686940223,109.2
2030,7691,0.25163,0.036844444444444444,0.670799396,111.02
2030,7692,0.244082,0.06182222222222222,0.65804255,110.45
2030,7693,0.231909,0.07221555555555555,0.656500206,109.7
2030,7694,0.222831,0.06646555555555554,0.664585387,113.43
2030,7695,0.226217,0.03920333333333333,0.681180858,114.33
2030,7696,0.25949,0.008894444444444446,0.712910259,122.31
2030,7697,0.306883,0.0,0.766689219,142.57
2030,7698,0.359893,0.0,0.761546214,141.34
2030,7699,0.412357,0.0,0.745260453,126.6
2030,7700,0.460122,0.0,0.722009057,118.66
2030,7701,0.500225,0.0,0.691584004,115.42
2030,7702,0.5151749999999999,0.0,0.658665411,114.05
2030,7703,0.5141509999999999,0.0,0.627264863,106.05
2030,7704,0.50172,0.0,0.602122855,95.632
2030,7705,0.478724,0.0,0.574812652,93.894
2030,7706,0.452525,0.0,0.562778579,90.009
2030,7707,0.440323,0.0,0.556140031,93.221
2030,7708,0.443575,0.0,0.551178256,103.58
2030,7709,0.484322,0.0,0.544917427,111.41
2030,7710,0.542372,0.0,0.543934196,115.79
2030,7711,0.587833,0.0,0.576809213,115.44
2030,7712,0.605044,0.007346666666666667,0.603619331,151.38
2030,7713,0.586189,0.0930288888888889,0.636144052,129.42
2030,7714,0.547623,0.22641888888888884,0.655501452,97.827
2030,7715,0.506034,0.36554777777777775,0.661075092,100.81
2030,7716,0.478278,0.5258377777777777,0.663309456,97.294
2030,7717,0.453177,0.5515777777777778,0.660896613,108.27
2030,7718,0.434052,0.59659,0.655081638,116.14
2030,7719,0.412509,0.493521111111111,0.660566425,115.27
2030,7720,0.428653,0.22725888888888887,0.690210761,113.71
2030,7721,0.454796,0.0,0.740375712,163.82
2030,7722,0.495181,0.0,0.73868073,145.75
2030,7723,0.52383,0.0,0.726193858,115.25
2030,7724,0.54237,0.0,0.706384368,114.16
2030,7725,0.52903,0.0,0.675908051,115.68
2030,7726,0.470026,0.0,0.638748357,114.66
2030,7727,0.383226,0.0,0.606220463,114.36
2030,7728,0.301804,0.0,0.583523753,101.89
2030,7729,0.243596,0.0,0.620325798,91.144
2030,7730,0.205873,0.0,0.610457123,88.706
2030,7731,0.184599,0.0,0.608229595,92.073
2030,7732,0.176489,0.0,0.612828457,100.42
2030,7733,0.178728,0.0,0.63558171,111.88
2030,7734,0.192004,0.0,0.641504487,109.63
2030,7735,0.211271,0.0,0.715066627,116.32
2030,7736,0.23195,0.0009866666666666667,0.755151132,146.28
2030,7737,0.232188,0.04464777777777778,0.774883706,136.71
2030,7738,0.198909,0.1318,0.783718842,109.31
2030,7739,0.160713,0.2701633333333333,0.789161685,101.56
2030,7740,0.125014,0.3334744444444444,0.792118429,82.402
2030,7741,0.099399,0.2991433333333333,0.809309448,89.395
2030,7742,0.085485,0.21171777777777778,0.808722536,103.38
2030,7743,0.087559,0.1204488888888889,0.804399841,111.85
2030,7744,0.098061,0.03938444444444444,0.83382098,118.67
2030,7745,0.104145,0.0,0.861589788,260.26
2030,7746,0.102912,0.0,0.831644921,246.34
2030,7747,0.092412,0.0,0.804145974,137.65
2030,7748,0.076601,0.0,0.766014749,116.74
2030,7749,0.059876,0.0,0.719267456,112.87
2030,7750,0.037909,0.0,0.669540776,111.94
2030,7751,0.020649,0.0,0.62297579,111.85
2030,7752,0.010564,0.0,0.594140833,106.09
2030,7753,0.007208,0.0,0.617512646,103.8
2030,7754,0.00759,0.0,0.60671952,99.292
2030,7755,0.008831,0.0,0.603043791,99.879
2030,7756,0.010082,0.0,0.607380024,101.92
2030,7757,0.011307,0.0,0.629367432,104.56
2030,7758,0.010771,0.0,0.634137818,121.78
2030,7759,0.008671,0.0,0.704892061,130.68
2030,7760,0.006485,0.0011455555555555555,0.74302208,145.72
2030,7761,0.004917,0.056695555555555555,0.766793521,110.84
2030,7762,0.005429,0.13391666666666666,0.779146405,104.61
2030,7763,0.004152,0.21385777777777779,0.781804319,91.998
2030,7764,0.004611,0.3154388888888889,0.789920381,100.92
2030,7765,0.007761,0.41685333333333335,0.809298521,102.52
2030,7766,0.01064,0.44590444444444444,0.812573876,110.44
2030,7767,0.019529,0.3474777777777778,0.809412247,114.83
2030,7768,0.025702,0.10380333333333333,0.838396496,122.33
2030,7769,0.033538,0.0,0.85814557,143.71
2030,7770,0.042474,0.0,0.828969882,143.81
2030,7771,0.05052,0.0,0.803255267,120.74
2030,7772,0.056157,0.0,0.768002336,122.66
2030,7773,0.059416,0.0,0.724824445,117.92
2030,7774,0.06073,0.0,0.678857487,114.96
2030,7775,0.067311,0.0,0.632421629,107.66
2030,7776,0.074349,0.0,0.60377038,99.561
2030,7777,0.080774,0.0,0.652853642,101.48
2030,7778,0.080686,0.0,0.640153422,103.3
2030,7779,0.077188,0.0,0.635837442,104.91
2030,7780,0.076111,0.0,0.640550107,118.89
2030,7781,0.08364,0.0,0.663538353,128.73
2030,7782,0.099822,0.0,0.669636655,141.67
2030,7783,0.114986,0.0,0.742773983,156.13
2030,7784,0.123823,0.0,0.783848302,340.23
2030,7785,0.12809,0.01595111111111111,0.808822062,292.8
2030,7786,0.11251,0.03950333333333333,0.818554286,118.38
2030,7787,0.089159,0.07087888888888888,0.829110896,105.76
2030,7788,0.069625,0.10032666666666666,0.836326608,96.625
2030,7789,0.056044,0.09507000000000002,0.858144027,106.64
2030,7790,0.053072,0.06926777777777778,0.863582456,105.06
2030,7791,0.059127,0.03444,0.861427738,117.56
2030,7792,0.080415,0.004963333333333333,0.895742054,136.95
2030,7793,0.115927,0.0,0.923589173,160.07
2030,7794,0.138947,0.0,0.892556935,147.34
2030,7795,0.148228,0.0,0.8670484,127.45
2030,7796,0.145207,0.0,0.83139126,122.1
2030,7797,0.141302,0.0,0.787183386,119.53
2030,7798,0.135825,0.0,0.741339927,118.4
2030,7799,0.126969,0.0,0.695596758,118.08
2030,7800,0.113166,0.0,0.666089174,113.65
2030,7801,0.093731,0.0,0.711591519,99.509
2030,7802,0.072435,0.0,0.700549787,92.628
2030,7803,0.054505,0.0,0.697267036,91.431
2030,7804,0.043379,0.0,0.702177064,98.206
2030,7805,0.04014,0.0,0.726230558,112.9
2030,7806,0.040582,0.0,0.728922737,114.8
2030,7807,0.044805,0.0,0.801510087,120.08
2030,7808,0.054451,0.0,0.838013045,143.94
2030,7809,0.054731,0.02198111111111111,0.859282849,138.71
2030,7810,0.049432,0.06110444444444444,0.868794942,113
2030,7811,0.043889,0.12638666666666667,0.871900253,101.74
2030,7812,0.04101,0.22097333333333335,0.872452987,94.808
2030,7813,0.040251,0.23988777777777778,0.888705814,99.166
2030,7814,0.041015,0.20719666666666667,0.893707158,108.67
2030,7815,0.047773,0.1610311111111111,0.897307047,119.46
2030,7816,0.04884,0.02911,0.927232282,125.6
2030,7817,0.04693,0.0,0.959369984,149.9
2030,7818,0.044599,0.0,0.930238549,138.06
2030,7819,0.043494,0.0,0.904844559,124.85
2030,7820,0.042253,0.0,0.864316074,115.85
2030,7821,0.042416,0.0,0.815727369,115.39
2030,7822,0.043095,0.0,0.767220071,114.71
2030,7823,0.046336,0.0,0.723718259,115.29
2030,7824,0.056782,0.0,0.692126664,107.74
2030,7825,0.075183,0.0,0.727028797,101.12
2030,7826,0.096287,0.0,0.716865132,93.329
2030,7827,0.115591,0.0,0.715096994,90.802
2030,7828,0.12813300000000002,0.0,0.720933583,95.41
2030,7829,0.150802,0.0,0.741604782,101.86
2030,7830,0.179509,0.0,0.74445134,111.57
2030,7831,0.172185,0.0,0.81638403,122.64
2030,7832,0.128817,0.00042777777777777774,0.854501517,132.6
2030,7833,0.100871,0.1029322222222222,0.872969211,130.82
2030,7834,0.096247,0.2736055555555556,0.876210474,122.65
2030,7835,0.115648,0.39209,0.883005779,99.988
2030,7836,0.176821,0.40824444444444447,0.893446496,77.05
2030,7837,0.264418,0.3173666666666667,0.918574683,82.722
2030,7838,0.332632,0.15502,0.9277,104.75
2030,7839,0.374019,0.07064333333333332,0.931560972,114.8
2030,7840,0.401939,0.00837111111111111,0.962461785,121.41
2030,7841,0.43122,0.0,0.979275186,139.91
2030,7842,0.446999,0.0,0.941895664,138.69
2030,7843,0.465279,0.0,0.910841333,127.57
2030,7844,0.515245,0.0,0.868710758,116.59
2030,7845,0.565972,0.0,0.823443867,114.49
2030,7846,0.596112,0.0,0.780460135,116.28
2030,7847,0.61537,0.0,0.732343536,111.78
2030,7848,0.652853,0.0,0.698221809,102.85
2030,7849,0.678962,0.0,0.660836079,101.47
2030,7850,0.686951,0.0,0.645461654,96.63
2030,7851,0.691565,0.0,0.637422482,89.707
2030,7852,0.678953,0.0,0.634031118,84.799
2030,7853,0.675701,0.0,0.632809939,88.634
2030,7854,0.666738,0.0,0.642080235,83.878
2030,7855,0.657964,0.0,0.688454451,95.817
2030,7856,0.667802,0.0,0.725084844,109.6
2030,7857,0.670511,0.022486666666666665,0.760554918,118.44
2030,7858,0.644562,0.061656666666666665,0.775020531,95.453
2030,7859,0.63625,0.10395444444444443,0.773630338,90.859
2030,7860,0.653144,0.13046000000000002,0.769820184,78.055
2030,7861,0.660417,0.12142555555555555,0.763212927,47.72
2030,7862,0.678963,0.08463444444444444,0.758447728,59.655
2030,7863,0.704665,0.03607777777777778,0.764044772,82.815
2030,7864,0.763414,0.0038766666666666667,0.792891735,99.188
2030,7865,0.802719,0.0,0.853199528,114.33
2030,7866,0.828757,0.0,0.847434666,130.16
2030,7867,0.841448,0.0,0.832710593,121.1
2030,7868,0.863616,0.0,0.80865009,113.8
2030,7869,0.89332,0.0,0.774741969,108.82
2030,7870,0.918883,0.0,0.734146948,107.51
2030,7871,0.932369,0.0,0.698705995,97.651
2030,7872,0.948763,0.0,0.669197658,88.039
2030,7873,0.959957,0.0,0.631061383,84.089
2030,7874,0.967689,0.0,0.619363298,80.107
2030,7875,0.974037,0.0,0.61003623,80.557
2030,7876,0.976836,0.0,0.604366661,89.964
2030,7877,0.977362,0.0,0.598634884,106.11
2030,7878,0.977905,0.0,0.596458831,114.51
2030,7879,0.976873,0.0,0.629763691,135.86
2030,7880,0.971715,0.0,0.655351117,156.83
2030,7881,0.953331,0.005356666666666666,0.681705049,119.29
2030,7882,0.908374,0.035422222222222216,0.682701535,110.75
2030,7883,0.844565,0.13501444444444444,0.680252876,91.704
2030,7884,0.798148,0.31181444444444434,0.675531693,65.388
2030,7885,0.825331,0.4344088888888889,0.673968528,86.288
2030,7886,0.869311,0.4600911111111111,0.677255385,109.73
2030,7887,0.883906,0.3743599999999999,0.690159615,116.56
2030,7888,0.901244,0.0851111111111111,0.730791701,121.14
2030,7889,0.927636,0.0,0.797745702,150.44
2030,7890,0.950693,0.0,0.796280686,150.86
2030,7891,0.962527,0.0,0.787523854,126.15
2030,7892,0.96744,0.0,0.772698273,121.14
2030,7893,0.968756,0.0,0.740623442,117.43
2030,7894,0.961521,0.0,0.703659045,116.67
2030,7895,0.94263,0.0,0.675571121,114.96
2030,7896,0.910087,0.0,0.653185871,106.22
2030,7897,0.878843,0.0,0.684530509,96.965
2030,7898,0.859878,0.0,0.675350617,94.683
2030,7899,0.857229,0.0,0.671698008,99.688
2030,7900,0.841702,0.0,0.674307885,107.12
2030,7901,0.811359,0.0,0.695423031,115.45
2030,7902,0.813434,0.0,0.697183764,113.38
2030,7903,0.835605,0.0,0.7687517,115.49
2030,7904,0.871999,0.0,0.802500098,146.62
2030,7905,0.894386,0.03791777777777778,0.82231118,149.26
2030,7906,0.902196,0.10522444444444443,0.838237993,108.67
2030,7907,0.9355,0.21347444444444447,0.845962227,103.06
2030,7908,0.96383,0.3441855555555556,0.850282719,97.325
2030,7909,0.978548,0.3732066666666667,0.86500238,99.421
2030,7910,0.984144,0.31698777777777776,0.86381106,105.49
2030,7911,0.987008,0.14918444444444445,0.862722004,116.27
2030,7912,0.986341,0.012243333333333332,0.890413941,122.79
2030,7913,0.984711,0.0,0.903299818,281.66
2030,7914,0.982351,0.0,0.868552269,278.71
2030,7915,0.983128,0.0,0.840846342,262.38
2030,7916,0.98419,0.0,0.802492622,122.04
2030,7917,0.986611,0.0,0.756782211,119.99
2030,7918,0.987923,0.0,0.709192186,114.76
2030,7919,0.989006,0.0,0.664444926,117.62
2030,7920,0.988605,0.0,0.636025822,108.96
2030,7921,0.986986,0.0,0.655541442,106.64
2030,7922,0.984888,0.0,0.644000226,103.8
2030,7923,0.981121,0.0,0.640096517,96.789
2030,7924,0.977499,0.0,0.644876411,100.47
2030,7925,0.97379,0.0,0.667109633,112.86
2030,7926,0.970565,0.0,0.671627463,122.84
2030,7927,0.954285,0.0,0.743917284,146.38
2030,7928,0.948633,0.0,0.783032995,160.16
2030,7929,0.958458,0.006692222222222222,0.809104,135.19
2030,7930,0.942132,0.021232222222222225,0.831539067,116.52
2030,7931,0.956931,0.04935666666666667,0.838190065,107.37
2030,7932,0.968436,0.17046333333333336,0.842106475,92.803
2030,7933,0.980882,0.25814,0.860956869,92.969
2030,7934,0.988274,0.4035877777777777,0.865049532,95.837
2030,7935,0.988404,0.3751688888888889,0.864657756,108.18
2030,7936,0.984508,0.0880911111111111,0.889372219,125.51
2030,7937,0.979737,0.0,0.900394147,146.04
2030,7938,0.971721,0.0,0.865963042,137.86
2030,7939,0.954709,0.0,0.838796314,129.86
2030,7940,0.926261,0.0,0.801362289,119.96
2030,7941,0.885382,0.0,0.757510319,114.04
2030,7942,0.830285,0.0,0.711726041,107.51
2030,7943,0.755979,0.0,0.666309953,97.325
2030,7944,0.650185,0.0,0.63930783,90.085
2030,7945,0.539698,0.0,0.681626857,76.444
2030,7946,0.446266,0.0,0.671598603,65.963
2030,7947,0.360463,0.0,0.669595389,66.541
2030,7948,0.293366,0.0,0.675292236,77.227
2030,7949,0.253462,0.0,0.697284179,92.411
2030,7950,0.267707,0.0,0.703158726,111.84
2030,7951,0.344202,0.0,0.777908868,125.07
2030,7952,0.440177,0.0010544444444444442,0.819224557,152.6
2030,7953,0.501972,0.13201555555555558,0.845501348,136.7
2030,7954,0.510807,0.28438444444444444,0.868858612,115.47
2030,7955,0.5159389999999999,0.5475544444444445,0.87838931,105.01
2030,7956,0.527632,0.6039777777777778,0.882270429,99.332
2030,7957,0.533895,0.6201866666666667,0.895660061,100.06
2030,7958,0.548477,0.5962555555555555,0.898791124,97.214
2030,7959,0.588175,0.4833288888888889,0.896352606,103.46
2030,7960,0.68367,0.11831777777777777,0.923573328,116.34
2030,7961,0.791282,0.0,0.937172737,135.64
2030,7962,0.851275,0.0,0.899981793,135.49
2030,7963,0.859908,0.0,0.872115516,125.3
2030,7964,0.864883,0.0,0.834909754,112.79
2030,7965,0.855944,0.0,0.792077592,111.59
2030,7966,0.846794,0.0,0.747079624,105.76
2030,7967,0.850215,0.0,0.702251996,102.28
2030,7968,0.862628,0.0,0.673619198,101.13
2030,7969,0.865215,0.0,0.709461174,84.939
2030,7970,0.870811,0.0,0.69783146,75.537
2030,7971,0.882091,0.0,0.693534828,82.193
2030,7972,0.889023,0.0,0.698289843,94.625
2030,7973,0.894341,0.0,0.719618055,108.8
2030,7974,0.900541,0.0,0.723494994,120.33
2030,7975,0.915387,0.0,0.797790494,123.6
2030,7976,0.928462,0.0,0.837322621,152.45
2030,7977,0.940155,0.034772222222222225,0.864258915,149.39
2030,7978,0.946999,0.16811444444444446,0.880155049,121.21
2030,7979,0.951676,0.36696222222222225,0.884271407,121.94
2030,7980,0.963855,0.5150711111111111,0.884234511,113.08
2030,7981,0.976672,0.4739333333333333,0.898803822,103.45
2030,7982,0.983083,0.32843888888888895,0.900390167,97.235
2030,7983,0.983604,0.18136555555555556,0.89860264,94.732
2030,7984,0.985505,0.016713333333333334,0.93002187,100.15
2030,7985,0.988252,0.0,0.952083893,105.93
2030,7986,0.989089,0.0,0.919763932,101.38
2030,7987,0.988753,0.0,0.895500065,99.561
2030,7988,0.986948,0.0,0.858343643,92.747
2030,7989,0.988142,0.0,0.815497983,86.899
2030,7990,0.987037,0.0,0.773660931,85.92
2030,7991,0.977475,0.0,0.730838711,79.127
2030,7992,0.947014,0.0,0.703862797,74.889
2030,7993,0.933061,0.0,0.73802422,23.546
2030,7994,0.937743,0.0,0.728799998,31.161
2030,7995,0.963189,0.0,0.725462108,51.675
2030,7996,0.963256,0.0,0.730626053,77.144
2030,7997,0.944837,0.0,0.74847416,85.137
2030,7998,0.914139,0.0,0.748488493,97.032
2030,7999,0.898857,0.0,0.820767901,102.16
2030,8000,0.895527,0.0,0.860467768,113.35
2030,8001,0.865563,0.14447888888888888,0.883299802,121.44
2030,8002,0.814178,0.34383555555555556,0.898508478,121.23
2030,8003,0.777641,0.4753444444444444,0.909212694,118.19
2030,8004,0.797327,0.5018866666666666,0.915471093,109.41
2030,8005,0.804203,0.49137,0.93089338,112.47
2030,8006,0.800876,0.42086777777777773,0.923397501,116.6
2030,8007,0.804427,0.2726844444444444,0.914865832,122.6
2030,8008,0.827811,0.04119,0.942021221,134.78
2030,8009,0.836424,0.0,0.958468204,175.17
2030,8010,0.854491,0.0,0.920446312,171.16
2030,8011,0.877833,0.0,0.889457729,123.05
2030,8012,0.895081,0.0,0.847927938,124.24
2030,8013,0.914613,0.0,0.80283799,121.44
2030,8014,0.933272,0.0,0.760441597,120.53
2030,8015,0.945658,0.0,0.719047139,116.13
2030,8016,0.946311,0.0,0.689349605,112.61
2030,8017,0.952601,0.0,0.642499368,104.04
2030,8018,0.970142,0.0,0.628220894,99.886
2030,8019,0.986094,0.0,0.620472501,92.383
2030,8020,0.988886,0.0,0.618281707,81.429
2030,8021,0.985774,0.0,0.621413652,79.366
2030,8022,0.988562,0.0,0.634263698,82.743
2030,8023,0.988986,0.0,0.683062088,98.051
2030,8024,0.985704,0.0,0.726070787,110.55
2030,8025,0.978169,0.01674222222222222,0.75530884,115.18
2030,8026,0.957751,0.12664666666666666,0.749329949,92.979
2030,8027,0.893788,0.22833444444444445,0.736526465,90.166
2030,8028,0.866374,0.16616888888888887,0.725580713,81.131
2030,8029,0.785281,0.06584111111111111,0.723522208,70.474
2030,8030,0.679676,0.03375444444444445,0.728208798,77.756
2030,8031,0.498757,0.012227777777777778,0.738512149,103.82
2030,8032,0.344344,0.0,0.769921913,111.08
2030,8033,0.239248,0.0,0.814169254,124.93
2030,8034,0.166368,0.0,0.805761698,139.34
2030,8035,0.075199,0.0,0.789583682,136.88
2030,8036,0.043652,0.0,0.767692905,120.52
2030,8037,0.063156,0.0,0.738720303,120.6
2030,8038,0.088789,0.0,0.704455394,116
2030,8039,0.15011,0.0,0.669688121,105.7
2030,8040,0.266886,0.0,0.642464453,98.674
2030,8041,0.465306,0.0,0.62134176,105.24
2030,8042,0.644654,0.0,0.608364736,100.36
2030,8043,0.770971,0.0,0.601706952,106.37
2030,8044,0.761047,0.0,0.599034918,116.74
2030,8045,0.621835,0.0,0.595324074,118.85
2030,8046,0.477476,0.0,0.59641493,100.38
2030,8047,0.378625,0.0,0.633706043,102.4
2030,8048,0.400707,0.0,0.667506146,231.93
2030,8049,0.521006,0.07300444444444443,0.694819902,201.52
2030,8050,0.604308,0.1428966666666667,0.689552371,100.38
2030,8051,0.665637,0.24198000000000003,0.687396078,93.629
2030,8052,0.721348,0.2982111111111111,0.687666199,83.5
2030,8053,0.732083,0.36400444444444435,0.692509496,87.895
2030,8054,0.677525,0.3839755555555555,0.695213139,112.45
2030,8055,0.603052,0.31325222222222227,0.709452297,117.75
2030,8056,0.610628,0.033,0.748373417,120.14
2030,8057,0.6811,0.0,0.807443676,275.23
2030,8058,0.763603,0.0,0.806548206,274.14
2030,8059,0.828818,0.0,0.795372037,125
2030,8060,0.876664,0.0,0.776951554,120.14
2030,8061,0.903909,0.0,0.748762556,121.98
2030,8062,0.925159,0.0,0.710932605,116.61
2030,8063,0.945908,0.0,0.674234756,120.08
2030,8064,0.964552,0.0,0.648371521,116.36
2030,8065,0.977758,0.0,0.700667404,104.71
2030,8066,0.985407,0.0,0.6925333,103.14
2030,8067,0.989086,0.0,0.69355465,103.9
2030,8068,0.984255,0.0,0.70317596,101.97
2030,8069,0.975907,0.0,0.730012408,106.31
2030,8070,0.976673,0.0,0.737872932,90.803
2030,8071,0.98528,0.0,0.815394575,102.28
2030,8072,0.988618,0.0,0.86143741,250.5
2030,8073,0.976813,0.0002588888888888889,0.881021697,107.99
2030,8074,0.967743,0.009733333333333332,0.883579274,90.047
2030,8075,0.962426,0.034883333333333336,0.87976324,96.995
2030,8076,0.963922,0.12044666666666666,0.875882583,82.813
2030,8077,0.967824,0.23947777777777776,0.889719831,99.347
2030,8078,0.968618,0.3388,0.893303791,111.87
2030,8079,0.967163,0.23011555555555555,0.89415909,118.52
2030,8080,0.96053,0.030036666666666666,0.929318392,127.68
2030,8081,0.952176,0.0,0.955238642,305.24
2030,8082,0.948353,0.0,0.921859566,311.72
2030,8083,0.943874,0.0,0.896573148,144.88
2030,8084,0.941419,0.0,0.862398054,127.68
2030,8085,0.943242,0.0,0.820475228,128.67
2030,8086,0.955104,0.0,0.770562957,124.55
2030,8087,0.968453,0.0,0.724187346,124.46
2030,8088,0.976668,0.0,0.698195231,117.34
2030,8089,0.980706,0.0,0.722593282,102.49
2030,8090,0.983135,0.0,0.709478695,97.175
2030,8091,0.98319,0.0,0.705170324,99.411
2030,8092,0.980735,0.0,0.709868298,106
2030,8093,0.977904,0.0,0.73352381,116.95
2030,8094,0.973345,0.0,0.740787781,121.27
2030,8095,0.960457,0.0,0.816356217,133.99
2030,8096,0.943178,0.0,0.863341402,155.97
2030,8097,0.927672,0.012696666666666667,0.884881683,155.04
2030,8098,0.913519,0.029842222222222225,0.897336462,127.93
2030,8099,0.912669,0.03996555555555555,0.901780097,117.54
2030,8100,0.916624,0.044463333333333334,0.910269298,107.4
2030,8101,0.915321,0.03324777777777778,0.935680927,101.22
2030,8102,0.91564,0.017912222222222222,0.948490518,101.08
2030,8103,0.916485,0.005906666666666666,0.946406051,109.21
2030,8104,0.915412,0.0,0.963923896,126.15
2030,8105,0.904442,0.0,0.953599028,152.13
2030,8106,0.890347,0.0,0.911553137,138.4
2030,8107,0.882883,0.0,0.879325386,122.09
2030,8108,0.894371,0.0,0.841509005,115.71
2030,8109,0.89598,0.0,0.795696444,113.61
2030,8110,0.916526,0.0,0.746565517,109.87
2030,8111,0.945716,0.0,0.698035561,97.854
2030,8112,0.966785,0.0,0.668424465,82.626
2030,8113,0.976668,0.0,0.683201513,68.098
2030,8114,0.979423,0.0,0.670297129,64.438
2030,8115,0.976997,0.0,0.665874023,53.732
2030,8116,0.971025,0.0,0.671855674,59.6
2030,8117,0.967909,0.0,0.695651505,79.049
2030,8118,0.964965,0.0,0.701214566,97.488
2030,8119,0.960984,0.0,0.777014546,131.54
2030,8120,0.958324,0.0,0.824566964,150.67
2030,8121,0.959555,0.036632222222222226,0.84422473,122.31
2030,8122,0.968943,0.10160555555555553,0.855321516,96.793
2030,8123,0.980071,0.13645999999999997,0.860722207,87.526
2030,8124,0.98619,0.1537022222222222,0.856075821,81.076
2030,8125,0.988268,0.13116444444444447,0.873658208,46.051
2030,8126,0.988498,0.11104666666666665,0.874630361,36.597
2030,8127,0.987922,0.07068888888888888,0.869422026,52.026
2030,8128,0.986672,0.0014711111111111112,0.901830604,83.84
2030,8129,0.984026,0.0,0.920912938,121.1
2030,8130,0.9799,0.0,0.88881022,109.9
2030,8131,0.97587,0.0,0.862392518,93.462
2030,8132,0.968127,0.0,0.826777675,75.903
2030,8133,0.956373,0.0,0.783443815,66.865
2030,8134,0.94279,0.0,0.73740421,47.402
2030,8135,0.935435,0.0,0.690019414,58.312
2030,8136,0.934459,0.0,0.660835572,39.777
2030,8137,0.932361,0.0,0.690073456,24.612
2030,8138,0.933849,0.0,0.677819444,32.783
2030,8139,0.948161,0.0,0.674149473,17.239
2030,8140,0.962799,0.0,0.679504996,26.117
2030,8141,0.968593,0.0,0.700971582,35.935
2030,8142,0.970445,0.0,0.706163409,47.742
2030,8143,0.971034,0.0,0.780642082,98.649
2030,8144,0.967582,0.0,0.826632924,131.6
2030,8145,0.963316,0.008013333333333334,0.846326413,115.92
2030,8146,0.964141,0.035313333333333335,0.848470944,52.365
2030,8147,0.964649,0.09179555555555555,0.84037344,23.89
2030,8148,0.959158,0.19223111111111113,0.835604362,29.35
2030,8149,0.944269,0.17698888888888886,0.851013927,29.196
2030,8150,0.936686,0.11545333333333332,0.854145514,33.753
2030,8151,0.941423,0.050510000000000006,0.855941201,38.596
2030,8152,0.933764,0.0019411111111111113,0.893333226,82.89
2030,8153,0.903129,0.0,0.920095088,121.94
2030,8154,0.862402,0.0,0.890807278,119.04
2030,8155,0.815045,0.0,0.86415908,101.71
2030,8156,0.793006,0.0,0.825938881,74.772
2030,8157,0.782444,0.0,0.779927237,64.599
2030,8158,0.782688,0.0,0.731922049,34.878
2030,8159,0.802827,0.0,0.684118173,20.936
2030,8160,0.804487,0.0,0.65443531,27.381
2030,8161,0.838363,0.0,0.686151944,20.53
2030,8162,0.859896,0.0,0.673969653,28.656
2030,8163,0.898794,0.0,0.673027747,16.752
2030,8164,0.947524,0.0,0.6797268,20.683
2030,8165,0.975776,0.0,0.704414341,11.444
2030,8166,0.98906,0.0,0.709463797,25.204
2030,8167,0.986155,0.0,0.785529993,44.162
2030,8168,0.980878,0.0,0.836422786,77.69
2030,8169,0.971713,0.015006666666666666,0.86359728,88.262
2030,8170,0.968457,0.08235222222222223,0.860451138,85.241
2030,8171,0.960238,0.20687333333333335,0.842576885,76.468
2030,8172,0.928769,0.2790344444444444,0.832154198,70.266
2030,8173,0.874551,0.21931777777777775,0.844991484,77.041
2030,8174,0.808927,0.1088011111111111,0.845301916,85.226
2030,8175,0.797534,0.06576444444444446,0.845414025,95.021
2030,8176,0.825399,0.005436666666666667,0.886260907,102.74
2030,8177,0.844131,0.0,0.918232084,120.73
2030,8178,0.856532,0.0,0.891141526,138.43
2030,8179,0.856532,0.0,0.864561145,137.25
2030,8180,0.876533,0.0,0.825990365,119
2030,8181,0.908948,0.0,0.784413673,109.79
2030,8182,0.940143,0.0,0.742993545,106.77
2030,8183,0.96685,0.0,0.697348298,98.502
2030,8184,0.985346,0.0,0.666592468,95.311
2030,8185,0.988505,0.0,0.645872036,100.82
2030,8186,0.979817,0.0,0.632936707,101.21
2030,8187,0.966807,0.0,0.626052113,96.812
2030,8188,0.929906,0.0,0.622514192,98.179
2030,8189,0.846174,0.0,0.619246522,87.654
2030,8190,0.771852,0.0,0.62218657,87.028
2030,8191,0.755329,0.0,0.663906039,95.102
2030,8192,0.806326,0.0,0.703516304,105.57
2030,8193,0.87978,0.016031111111111114,0.734933938,107.4
2030,8194,0.937109,0.08195333333333332,0.747438771,99.433
2030,8195,0.972874,0.09131555555555555,0.748076714,93.509
2030,8196,0.988951,0.05377444444444444,0.747640382,83.78
2030,8197,0.974805,0.03067,0.748324213,73.409
2030,8198,0.933593,0.02239888888888889,0.751613919,75.075
2030,8199,0.892178,0.002066666666666667,0.760963079,81.601
2030,8200,0.848886,0.0,0.788023864,96.879
2030,8201,0.755213,0.0,0.827417043,130.71
2030,8202,0.669151,0.0,0.816996656,116.27
2030,8203,0.59236,0.0,0.800081552,110.87
2030,8204,0.645761,0.0,0.777934383,108.58
2030,8205,0.82401,0.0,0.751035725,104.76
2030,8206,0.937039,0.0,0.721593293,75.652
2030,8207,0.958266,0.0,0.691520086,61.988
2030,8208,0.953293,0.0,0.665500262,28.815
2030,8209,0.940085,0.0,0.648858072,24.01
2030,8210,0.931869,0.0,0.635524479,20.759
2030,8211,0.938388,0.0,0.629193609,20.486
2030,8212,0.950148,0.0,0.623310257,24.504
2030,8213,0.966947,0.0,0.614530284,21.313
2030,8214,0.97921,0.0,0.60708307,73.696
2030,8215,0.985436,0.0,0.637520179,86.195
2030,8216,0.987929,0.0,0.666998876,99.947
2030,8217,0.988888,0.12850777777777775,0.694984413,103.41
2030,8218,0.989023,0.3215877777777777,0.718854833,92.268
2030,8219,0.987834,0.40996,0.732657675,84.549
2030,8220,0.985703,0.4259033333333333,0.740061494,89.406
2030,8221,0.982416,0.42017999999999994,0.739115307,96.125
2030,8222,0.977374,0.36911333333333335,0.734053695,102.5
2030,8223,0.97104,0.22230444444444444,0.735441605,110.89
2030,8224,0.966384,0.014067777777777778,0.765867863,119.57
2030,8225,0.961739,0.0,0.814965621,149.1
2030,8226,0.955598,0.0,0.810560608,140.42
2030,8227,0.946329,0.0,0.799001731,132.79
2030,8228,0.93481,0.0,0.778181737,133.17
2030,8229,0.910188,0.0,0.752040365,120.03
2030,8230,0.868209,0.0,0.715886697,115.78
2030,8231,0.819386,0.0,0.681812516,116.7
2030,8232,0.770967,0.0,0.657044983,110.45
2030,8233,0.74519,0.0,0.696561296,102.72
2030,8234,0.739585,0.0,0.68505488,103.75
2030,8235,0.751775,0.0,0.68380495,101.57
2030,8236,0.765071,0.0,0.693807638,87.31
2030,8237,0.777338,0.0,0.718122846,97.363
2030,8238,0.785258,0.0,0.721295424,97.73
2030,8239,0.794746,0.0,0.7965274,104.19
2030,8240,0.803398,0.0,0.842437546,238.4
2030,8241,0.800603,0.06448444444444446,0.862844553,217.09
2030,8242,0.785282,0.20703333333333335,0.86584004,97.73
2030,8243,0.775696,0.31277,0.863028258,91.764
2030,8244,0.777041,0.3718122222222222,0.860084841,65.936
2030,8245,0.78742,0.3840355555555556,0.876550788,76.897
2030,8246,0.794764,0.3376688888888889,0.880182015,102.29
2030,8247,0.794741,0.22013777777777777,0.882927945,111.88
2030,8248,0.792132,0.019021111111111107,0.923242648,142.85
2030,8249,0.784905,0.0,0.948476964,285.16
2030,8250,0.767168,0.0,0.915225506,256.5
2030,8251,0.753249,0.0,0.889052949,129.34
2030,8252,0.750179,0.0,0.851301831,117.81
2030,8253,0.758765,0.0,0.807125191,112.06
2030,8254,0.764918,0.0,0.758608914,113.69
2030,8255,0.759741,0.0,0.713256536,112.02
2030,8256,0.753022,0.0,0.682815655,104.58
2030,8257,0.749178,0.0,0.707174805,104.52
2030,8258,0.743971,0.0,0.695243773,100.34
2030,8259,0.749172,0.0,0.691206164,98.496
2030,8260,0.749921,0.0,0.695970007,97.872
2030,8261,0.747228,0.0,0.717872582,106.83
2030,8262,0.738854,0.0,0.720503143,110.69
2030,8263,0.741912,0.0,0.791819857,107.26
2030,8264,0.754092,0.0,0.83603138,262.5
2030,8265,0.750775,0.008573333333333334,0.855532146,232.44
2030,8266,0.738282,0.03884111111111111,0.877851941,165.7
2030,8267,0.769754,0.0673111111111111,0.885872852,97.163
2030,8268,0.827955,0.07387111111111111,0.893596526,79.374
2030,8269,0.886772,0.05979888888888889,0.910456224,89.988
2030,8270,0.916833,0.04216666666666667,0.913529237,108.4
2030,8271,0.935488,0.020358888888888888,0.907325558,117.08
2030,8272,0.927247,0.0,0.936480489,228.55
2030,8273,0.903238,0.0,0.947656586,373.5
2030,8274,0.884016,0.0,0.915682427,342.38
2030,8275,0.877924,0.0,0.889499298,223.63
2030,8276,0.871467,0.0,0.854559209,150.23
2030,8277,0.859523,0.0,0.812719876,130.69
2030,8278,0.847699,0.0,0.768893185,123.98
2030,8279,0.85084,0.0,0.720696875,123.98
2030,8280,0.869034,0.0,0.692647168,114.93
2030,8281,0.855862,0.0,0.730837287,104.51
2030,8282,0.822202,0.0,0.719988669,101.94
2030,8283,0.765118,0.0,0.717374019,107.31
2030,8284,0.702831,0.0,0.720902294,109.35
2030,8285,0.749194,0.0,0.742899051,102.18
2030,8286,0.859902,0.0,0.744773105,101.08
2030,8287,0.875336,0.0,0.816215395,108.62
2030,8288,0.867615,0.0,0.861601832,137.33
2030,8289,0.854342,0.01565,0.880747374,108.44
2030,8290,0.844838,0.19308666666666666,0.889255588,95.617
2030,8291,0.850775,0.4804455555555555,0.890838602,88.03
2030,8292,0.874452,0.5335422222222223,0.894454754,77.712
2030,8293,0.898799,0.4538955555555555,0.913016983,90.009
2030,8294,0.898147,0.26327,0.919684292,106.12
2030,8295,0.881144,0.10824666666666666,0.92208444,109.98
2030,8296,0.872554,0.00416,0.960461514,131.74
2030,8297,0.878274,0.0,0.982051217,165.07
2030,8298,0.902769,0.0,0.950084475,128.2
2030,8299,0.914351,0.0,0.923150487,109.98
2030,8300,0.941063,0.0,0.886584469,110.49
2030,8301,0.971032,0.0,0.843351029,112.69
2030,8302,0.98704,0.0,0.797894222,106.92
2030,8303,0.98633,0.0,0.750906059,106.25
2030,8304,0.959585,0.0,0.72126759,97.532
2030,8305,0.898615,0.0,0.758509115,89.154
2030,8306,0.728636,0.0,0.747495702,85.147
2030,8307,0.563712,0.0,0.744907947,91.163
2030,8308,0.549742,0.0,0.751974025,98.029
2030,8309,0.626544,0.0,0.775918643,105.89
2030,8310,0.66607,0.0,0.779528757,104
2030,8311,0.764758,0.0,0.851922907,107.47
2030,8312,0.940143,0.0,0.897941364,149.38
2030,8313,0.987945,0.010923333333333332,0.918290818,132
2030,8314,0.9879,0.14467666666666668,0.929400862,95.9
2030,8315,0.988528,0.1993666666666667,0.929955868,95.136
2030,8316,0.989113,0.1682888888888889,0.929804825,92.495
2030,8317,0.988356,0.10703999999999998,0.944963463,86.639
2030,8318,0.987541,0.07915555555555555,0.94338073,103.42
2030,8319,0.988922,0.03124333333333333,0.940911689,119.61
2030,8320,0.989108,0.0,0.97590751,153.8
2030,8321,0.989044,0.0,1,246.1
2030,8322,0.988427,0.0,0.968454597,167.65
2030,8323,0.986983,0.0,0.941281302,114.17
2030,8324,0.98496,0.0,0.90312342,115.72
2030,8325,0.9814,0.0,0.856960837,114.65
2030,8326,0.976693,0.0,0.810564004,107.7
2030,8327,0.974982,0.0,0.762488022,113.97
2030,8328,0.976767,0.0,0.729928138,113.61
2030,8329,0.981496,0.0,0.735394545,99.237
2030,8330,0.988737,0.0,0.721749307,90.089
2030,8331,0.986974,0.0,0.715459259,86.585
2030,8332,0.958156,0.0,0.718355743,88.094
2030,8333,0.852428,0.0,0.738748296,92.617
2030,8334,0.579199,0.0,0.739031185,97.342
2030,8335,0.275453,0.0,0.810109022,105
2030,8336,0.177326,0.0,0.856544957,133.64
2030,8337,0.430857,0.002331111111111111,0.874659059,136.03
2030,8338,0.724835,0.04042666666666667,0.8879215,113.35
2030,8339,0.873164,0.10121333333333332,0.885966096,94.248
2030,8340,0.932249,0.10788444444444444,0.881985281,77.147
2030,8341,0.930012,0.056265555555555555,0.890591399,76.468
2030,8342,0.919188,0.016542222222222222,0.888374424,92.091
2030,8343,0.927688,0.013145555555555554,0.883912959,104.52
2030,8344,0.940107,0.00014333333333333334,0.922473842,129.16
2030,8345,0.944654,0.0,0.952996855,146.72
2030,8346,0.961936,0.0,0.920717414,137.33
2030,8347,0.975811,0.0,0.889234606,120.63
2030,8348,0.978505,0.0,0.849450755,107.75
2030,8349,0.978161,0.0,0.806443474,101.08
2030,8350,0.972883,0.0,0.767443941,97.138
2030,8351,0.957048,0.0,0.724027607,94.437
2030,8352,0.945722,0.0,0.695601812,86.19
2030,8353,0.933432,0.0,0.659051255,78.19
2030,8354,0.919194,0.0,0.644130521,78.299
2030,8355,0.909051,0.0,0.636628619,63.136
2030,8356,0.910356,0.0,0.63208382,66.838
2030,8357,0.909551,0.0,0.631735038,62.229
2030,8358,0.908267,0.0,0.638589193,59.547
2030,8359,0.912662,0.0,0.6811899,63.198
2030,8360,0.928898,0.0,0.724363957,91.264
2030,8361,0.953268,0.0,0.752452236,93.734
2030,8362,0.959707,0.005833333333333333,0.757009237,82.824
2030,8363,0.95173,0.02502,0.751758848,76.758
2030,8364,0.951361,0.058334444444444446,0.751864926,78.89
2030,8365,0.961333,0.08897666666666666,0.752005139,80.759
2030,8366,0.970359,0.09454777777777777,0.753299269,87.447
2030,8367,0.967164,0.057485555555555554,0.763954572,94.21
2030,8368,0.959017,0.00025333333333333333,0.791164147,99.689
2030,8369,0.947142,0.0,0.829187747,131.1
2030,8370,0.923041,0.0,0.820302421,135.41
2030,8371,0.882582,0.0,0.803516915,126.54
2030,8372,0.828112,0.0,0.781209504,99.694
2030,8373,0.765445,0.0,0.753381056,99.414
2030,8374,0.686945,0.0,0.723652707,97.779
2030,8375,0.593211,0.0,0.693455402,91.75
2030,8376,0.533419,0.0,0.6660379,76.03
2030,8377,0.556784,0.0,0.654601215,75.416
2030,8378,0.590602,0.0,0.642657573,66.344
2030,8379,0.664662,0.0,0.636889199,65.585
2030,8380,0.787476,0.0,0.633412303,63.955
2030,8381,0.865292,0.0,0.62892887,79.479
2030,8382,0.895331,0.0,0.626159485,91.447
2030,8383,0.904101,0.0,0.659344274,112.71
2030,8384,0.909563,0.0,0.69410798,132.45
2030,8385,0.9022,0.0019822222222222225,0.721618776,124.43
2030,8386,0.876481,0.022428888888888887,0.740126928,91.443
2030,8387,0.864267,0.033916666666666664,0.750775465,62.893
2030,8388,0.862408,0.04761555555555555,0.755723757,38.546
2030,8389,0.844804,0.028985555555555556,0.757982091,37.006
2030,8390,0.835118,0.011408888888888889,0.760665444,73.927
2030,8391,0.849525,0.0014311111111111113,0.769911604,95.053
2030,8392,0.860071,0.0,0.800843421,104.89
2030,8393,0.853961,0.0,0.842629935,136.97
2030,8394,0.843491,0.0,0.836269138,131.65
2030,8395,0.837226,0.0,0.822931327,121.83
2030,8396,0.83894,0.0,0.803730654,104.89
2030,8397,0.848935,0.0,0.775847811,98.375
2030,8398,0.86628,0.0,0.740119221,94.791
2030,8399,0.892619,0.0,0.705801571,88.387
2030,8400,0.916481,0.0,0.679583327,73.112
2030,8401,0.930352,0.0,0.712543033,48.109
2030,8402,0.931335,0.0,0.703272292,47.685
2030,8403,0.929467,0.0,0.701090827,52.144
2030,8404,0.931676,0.0,0.707670336,68.525
2030,8405,0.929017,0.0,0.730337164,84.653
2030,8406,0.925932,0.0,0.73175395,103.34
2030,8407,0.923745,0.0,0.802780881,114.85
2030,8408,0.91846,0.0,0.846303758,136.77
2030,8409,0.907293,0.08646222222222222,0.862355098,140.03
2030,8410,0.882897,0.2687677777777777,0.888607312,115.33
2030,8411,0.852608,0.4284488888888889,0.903026872,98.834
2030,8412,0.822718,0.510441111111111,0.901544405,92.695
2030,8413,0.792746,0.5142222222222222,0.906831181,103.93
2030,8414,0.767736,0.41662444444444435,0.895580113,116.35
2030,8415,0.753824,0.21510999999999997,0.885857716,134.62
2030,8416,0.738133,0.0035033333333333336,0.918146594,131.91
2030,8417,0.702884,0.0,0.937622709,169.58
2030,8418,0.671263,0.0,0.90989853,140.28
2030,8419,0.64347,0.0,0.886414119,110.89
2030,8420,0.611004,0.0,0.854325675,108.66
2030,8421,0.572559,0.0,0.817820739,105.93
2030,8422,0.572907,0.0,0.771488922,100.58
2030,8423,0.666601,0.0,0.722647913,106.88
2030,8424,0.802221,0.0,0.694258013,103.22
2030,8425,0.895861,0.0,0.711490302,97.211
2030,8426,0.938896,0.0,0.698859389,88.449
2030,8427,0.954,0.0,0.693532478,85.363
2030,8428,0.957576,0.0,0.698479381,86.393
2030,8429,0.951899,0.0,0.719416912,95.323
2030,8430,0.942935,0.0,0.719847906,103.75
2030,8431,0.930004,0.0,0.788431904,107.47
2030,8432,0.911857,0.0,0.83296992,132.7
2030,8433,0.892545,0.012168888888888889,0.84902393,133.19
2030,8434,0.858421,0.053297777777777784,0.86485595,115.73
2030,8435,0.817626,0.09543333333333334,0.875268426,99.507
2030,8436,0.790187,0.13508444444444445,0.878007143,90.451
2030,8437,0.772761,0.17149888888888887,0.888169644,92.826
2030,8438,0.755985,0.13715666666666665,0.88793795,98.696
2030,8439,0.738225,0.06037444444444445,0.884127964,113.88
2030,8440,0.725182,0.0002233333333333333,0.909049315,130.69
2030,8441,0.701689,0.0,0.913452963,153.84
2030,8442,0.678045,0.0,0.879779311,132.69
2030,8443,0.660317,0.0,0.850259208,116.45
2030,8444,0.647211,0.0,0.812008943,115.24
2030,8445,0.636242,0.0,0.766118939,111.08
2030,8446,0.638052,0.0,0.718811198,101.42
2030,8447,0.649628,0.0,0.670000409,94.211
2030,8448,0.659462,0.0,0.640368016,83.396
2030,8449,0.655566,0.0,0.660228023,66.152
2030,8450,0.638036,0.0,0.648340137,51.067
2030,8451,0.611878,0.0,0.645759192,41.7
2030,8452,0.573127,0.0,0.652615526,37.497
2030,8453,0.495536,0.0,0.677084781,54.853
2030,8454,0.409206,0.0,0.682093495,84.706
2030,8455,0.365507,0.0,0.755888475,101.63
2030,8456,0.387246,0.0,0.806837314,119.52
2030,8457,0.438135,0.07789222222222222,0.827497242,116.31
2030,8458,0.511449,0.27220666666666665,0.835194712,104.67
2030,8459,0.596112,0.37259555555555557,0.830279141,96.416
2030,8460,0.681576,0.3497266666666667,0.830989512,90.76
2030,8461,0.733169,0.1730622222222222,0.847821234,96.542
2030,8462,0.762861,0.057986666666666666,0.849731678,106.68
2030,8463,0.800588,0.010385555555555554,0.850556716,118.15
2030,8464,0.821556,0.0,0.890281738,133.42
2030,8465,0.844861,0.0,0.919588155,157.59
2030,8466,0.876066,0.0,0.890427578,127.56
2030,8467,0.906763,0.0,0.861836597,112.73
2030,8468,0.92866,0.0,0.822016461,111.35
2030,8469,0.940394,0.0,0.774374277,109.39
2030,8470,0.933374,0.0,0.725216225,106.02
2030,8471,0.894354,0.0,0.676870705,100.43
2030,8472,0.803567,0.0,0.644824593,88.949
2030,8473,0.739172,0.0,0.656364509,88.486
2030,8474,0.836216,0.0,0.640166893,83.388
2030,8475,0.916096,0.0,0.632985395,83.651
2030,8476,0.920569,0.0,0.635606633,89.97
2030,8477,0.918482,0.0,0.658111845,99.589
2030,8478,0.932386,0.0,0.660413712,104.34
2030,8479,0.932506,0.0,0.728295816,112
2030,8480,0.932348,0.0,0.774847396,150.76
2030,8481,0.937814,0.04093111111111112,0.79256115,122.83
2030,8482,0.945839,0.14464333333333335,0.80956175,99.464
2030,8483,0.958427,0.2329022222222222,0.811838967,94.609
2030,8484,0.965689,0.26721888888888884,0.81517777,83.376
2030,8485,0.969947,0.2370588888888889,0.832736543,92.518
2030,8486,0.968789,0.19825555555555555,0.836683866,97.314
2030,8487,0.965042,0.06913888888888889,0.837403302,105.62
2030,8488,0.961089,0.0006488888888888887,0.867824492,121.35
2030,8489,0.947054,0.0,0.883105054,138.98
2030,8490,0.910625,0.0,0.856643912,126.38
2030,8491,0.860349,0.0,0.834812525,105.62
2030,8492,0.820396,0.0,0.799368265,96.916
2030,8493,0.760936,0.0,0.755569866,94.282
2030,8494,0.716505,0.0,0.712239671,82.955
2030,8495,0.688184,0.0,0.668717789,75.601
2030,8496,0.684595,0.0,0.638679882,67.567
2030,8497,0.674572,0.0,0.658424822,56.857
2030,8498,0.619303,0.0,0.643774468,33.415
2030,8499,0.568805,0.0,0.637206855,33.014
2030,8500,0.515437,0.0,0.639213443,25.952
2030,8501,0.456927,0.0,0.659253843,19.69
2030,8502,0.39697,0.0,0.658299345,28.458
2030,8503,0.344235,0.0,0.726259156,30.082
2030,8504,0.301782,0.0,0.77382694,33.836
2030,8505,0.252256,0.0037611111111111105,0.791266418,70.693
2030,8506,0.221412,0.02451888888888889,0.812587246,43.152
2030,8507,0.191995,0.04550777777777778,0.818842284,38.731
2030,8508,0.160029,0.05092666666666667,0.822924245,40.657
2030,8509,0.11527,0.04061555555555556,0.836258086,48.333
2030,8510,0.077129,0.029038888888888892,0.82989167,62.701
2030,8511,0.054761,0.013774444444444445,0.820992923,84.225
2030,8512,0.042597,0.0,0.847902183,108.38
2030,8513,0.049819,0.0,0.863062413,116.92
2030,8514,0.079542,0.0,0.832684091,120.52
2030,8515,0.140818,0.0,0.802556005,98.103
2030,8516,0.229298,0.0,0.763395066,79.375
2030,8517,0.302927,0.0,0.719526099,60.17
2030,8518,0.371382,0.0,0.680805371,27.294
2030,8519,0.478899,0.0,0.639158626,27.015
2030,8520,0.610605,0.0,0.610152888,32.356
2030,8521,0.678767,0.0,0.57733505,41.064
2030,8522,0.718842,0.0,0.561247196,45.032
2030,8523,0.755813,0.0,0.553268469,51.719
2030,8524,0.803018,0.0,0.550202243,75.581
2030,8525,0.84747,0.0,0.552335517,72.356
2030,8526,0.870743,0.0,0.559661242,78.384
2030,8527,0.906099,0.0,0.599329196,92.3
2030,8528,0.936207,0.0,0.643643229,76.247
2030,8529,0.929127,0.004595555555555556,0.669914833,109.53
2030,8530,0.900011,0.029404444444444445,0.679864629,102.85
2030,8531,0.852151,0.04558777777777778,0.671907234,94.779
2030,8532,0.790864,0.062132222222222214,0.661181793,80.201
2030,8533,0.717409,0.06511,0.655295645,51.958
2030,8534,0.64274,0.045296666666666666,0.655116781,56.703
2030,8535,0.582283,0.015183333333333332,0.666499407,50.196
2030,8536,0.550504,0.0,0.699493948,72.027
2030,8537,0.539698,0.0,0.753616523,93.65
2030,8538,0.552116,0.0,0.749507303,105.05
2030,8539,0.568727,0.0,0.734100651,93.025
2030,8540,0.593052,0.0,0.714013508,83.822
2030,8541,0.616407,0.0,0.689339275,60.961
2030,8542,0.630118,0.0,0.662942668,40.608
2030,8543,0.642174,0.0,0.638715162,36.344
2030,8544,0.663962,0.0,0.614722406,28.747
2030,8545,0.686432,0.0,0.611743961,16.826
2030,8546,0.712746,0.0,0.597182172,16.872
2030,8547,0.756951,0.0,0.590194419,22.991
2030,8548,0.790905,0.0,0.585283989,28.799
2030,8549,0.796766,0.0,0.579897811,55.56
2030,8550,0.821903,0.0,0.57512415,79.011
2030,8551,0.814992,0.0,0.60387865,94.208
2030,8552,0.82519,0.0,0.637663343,123.9
2030,8553,0.854831,0.02190888888888889,0.662568158,127.84
2030,8554,0.858802,0.06644444444444444,0.680617302,111.32
2030,8555,0.874897,0.08574222222222222,0.683351561,89.6
2030,8556,0.897815,0.11850111111111108,0.686397848,75.799
2030,8557,0.912897,0.1340411111111111,0.683966583,74.593
2030,8558,0.92726,0.11526222222222222,0.681333286,80.766
2030,8559,0.942957,0.06928333333333332,0.688444743,98.082
2030,8560,0.953276,0.0006711111111111111,0.719602361,119.74
2030,8561,0.964549,0.0,0.76066224,146.6
2030,8562,0.972549,0.0,0.757940742,108.93
2030,8563,0.969404,0.0,0.745127414,93.234
2030,8564,0.92462,0.0,0.725580147,78.286
2030,8565,0.893372,0.0,0.697570507,59.646
2030,8566,0.971746,0.0,0.663838055,33.052
2030,8567,0.989105,0.0,0.632070642,20.144
2030,8568,0.988178,0.0,0.607603642,27.439
2030,8569,0.988758,0.0,0.573762693,33.856
2030,8570,0.988998,0.0,0.563834602,17.627
2030,8571,0.988888,0.0,0.562376111,28.053
2030,8572,0.989104,0.0,0.569377797,33.078
2030,8573,0.988355,0.0,0.591467683,37.145
2030,8574,0.985412,0.0,0.626747586,36.106
2030,8575,0.974424,0.0,0.681971405,62.137
2030,8576,0.953545,0.0,0.724846523,76.273
2030,8577,0.921404,0.02621111111111111,0.745092075,82.864
2030,8578,0.858173,0.17373555555555556,0.753433146,79.089
2030,8579,0.79305,0.2985644444444444,0.747871292,83.832
2030,8580,0.78541,0.2729855555555556,0.747187642,95.935
2030,8581,0.779124,0.16792222222222222,0.748265352,106.12
2030,8582,0.751431,0.09753999999999999,0.749535219,78.686
2030,8583,0.738609,0.05455333333333333,0.759397053,92.167
2030,8584,0.761836,0.0036466666666666665,0.78398211,104.5
2030,8585,0.782678,0.0,0.812301761,135.59
2030,8586,0.814039,0.0,0.797467811,116.47
2030,8587,0.857899,0.0,0.778169261,102.88
2030,8588,0.893313,0.0,0.753099899,87.348
2030,8589,0.909548,0.0,0.721149275,89.056
2030,8590,0.917615,0.0,0.687761398,81.328
2030,8591,0.933311,0.0,0.657489874,75.193
2030,8592,0.93998,0.0,0.63116191,64.029
2030,8593,0.94434,0.0,0.624388029,41.566
2030,8594,0.938529,0.0,0.610052485,39.686
2030,8595,0.925331,0.0,0.603204195,53.863
2030,8596,0.927978,0.0,0.60091245,64.506
2030,8597,0.916503,0.0,0.60658774,64.389
2030,8598,0.898845,0.0,0.618856762,83.084
2030,8599,0.908492,0.0,0.66073726,87.795
2030,8600,0.876217,0.0,0.694677422,93.47
2030,8601,0.867515,0.03144333333333333,0.712623276,89.914
2030,8602,0.874272,0.13842333333333334,0.725326751,87.968
2030,8603,0.894981,0.23012444444444444,0.727402116,89.417
2030,8604,0.920199,0.18886888888888886,0.722837172,90.313
2030,8605,0.933705,0.1491722222222222,0.719192491,94.107
2030,8606,0.955975,0.13155444444444445,0.722731854,97.389
2030,8607,0.973143,0.058937777777777776,0.728489496,103.67
2030,8608,0.979144,0.0002833333333333333,0.760460572,114.4
2030,8609,0.977897,0.0,0.80430628,132.29
2030,8610,0.979674,0.0,0.801924761,130.26
2030,8611,0.980536,0.0,0.793017549,122.32
2030,8612,0.975436,0.0,0.777864742,119.44
2030,8613,0.970142,0.0,0.753071835,115.69
2030,8614,0.961976,0.0,0.720338188,111.95
2030,8615,0.966218,0.0,0.689598679,109.26
2030,8616,0.959885,0.0,0.664963575,100.18
2030,8617,0.947365,0.0,0.68228053,88.15
2030,8618,0.926492,0.0,0.670101072,85.573
2030,8619,0.907675,0.0,0.664643305,80.166
2030,8620,0.898853,0.0,0.665400043,82.505
2030,8621,0.895585,0.0,0.672230642,90.839
2030,8622,0.908469,0.0,0.686533039,97.814
2030,8623,0.904427,0.0,0.730925474,107.05
2030,8624,0.894353,0.0,0.767896056,121.24
2030,8625,0.899831,0.002567777777777778,0.789595871,139.69
2030,8626,0.897858,0.02155333333333333,0.793033895,119.96
2030,8627,0.892498,0.056794444444444446,0.781707827,105.63
2030,8628,0.896234,0.10826222222222222,0.776656261,100.91
2030,8629,0.895335,0.12761,0.774057596,96.634
2030,8630,0.896645,0.1127188888888889,0.775660509,99.565
2030,8631,0.893366,0.05799555555555555,0.785030423,111.95
2030,8632,0.872044,0.001443333333333333,0.820361605,124.45
2030,8633,0.87911,0.0,0.874824277,135.56
2030,8634,0.873193,0.0,0.868990715,128.76
2030,8635,0.866881,0.0,0.856389639,120.58
2030,8636,0.874985,0.0,0.839924705,112.55
2030,8637,0.88004,0.0,0.814547376,111.94
2030,8638,0.88745,0.0,0.78361367,110.34
2030,8639,0.890086,0.0,0.753132331,104.72
2030,8640,0.904899,0.0,0.7259625,98.629
2030,8641,0.918798,0.0,0.782137655,96.907
2030,8642,0.92023,0.0,0.768164647,91.498
2030,8643,0.917979,0.0,0.765451217,81.19
2030,8644,0.901373,0.0,0.771565788,77.797
2030,8645,0.869479,0.0,0.792848784,75.769
2030,8646,0.839207,0.0,0.785106119,84.926
2030,8647,0.802236,0.0,0.837343695,97.961
2030,8648,0.728598,0.0,0.882891221,111.86
2030,8649,0.655575,0.0029444444444444444,0.906887426,103.62
2030,8650,0.584873,0.019782222222222222,0.923178534,79.609
2030,8651,0.522337,0.04199777777777779,0.921231257,65.779
2030,8652,0.480249,0.06132777777777777,0.922130786,40.621
2030,8653,0.455449,0.05799555555555555,0.934007268,47.204
2030,8654,0.443124,0.03653888888888888,0.934263957,45.222
2030,8655,0.453081,0.012974444444444445,0.932779919,57.64
2030,8656,0.468657,0.0,0.96558687,72.987
2030,8657,0.495944,0.0,0.995737932,111.13
2030,8658,0.533471,0.0,0.972402109,100.96
2030,8659,0.573652,0.0,0.946106349,75.153
2030,8660,0.603037,0.0,0.910059331,40.722
2030,8661,0.636267,0.0,0.869489236,45.914
2030,8662,0.665873,0.0,0.829463681,36.8
2030,8663,0.694308,0.0,0.788058075,23.764
2030,8664,0.727833,0.0,0.762052898,22.889
2030,8665,0.765671,0.0,0.788726046,26.838
2030,8666,0.812665,0.0,0.775443182,25.232
2030,8667,0.872829,0.0,0.77079506,31.341
2030,8668,0.91994,0.0,0.776502127,46.487
2030,8669,0.943316,0.0,0.79582603,67.672
2030,8670,0.957493,0.0,0.786115097,79.178
2030,8671,0.967823,0.0,0.839848675,89.585
2030,8672,0.97289,0.0,0.887733745,104.53
2030,8673,0.972883,0.010026666666666666,0.91260352,126.54
2030,8674,0.968698,0.03728444444444444,0.9294097,106.49
2030,8675,0.962526,0.044212222222222215,0.925712233,89.112
2030,8676,0.96017,0.045365555555555555,0.927917129,78.542
2030,8677,0.95609,0.048646666666666664,0.93711093,77.184
2030,8678,0.950036,0.031117777777777775,0.933345378,92.002
2030,8679,0.951348,0.008043333333333333,0.92489997,105.23
2030,8680,0.950246,0.0,0.959460267,114.6
2030,8681,0.959478,0.0,0.99175265,144.16
2030,8682,0.971021,0.0,0.967119917,153.5
2030,8683,0.980861,0.0,0.938287775,137.21
2030,8684,0.987069,0.0,0.901708662,114.6
2030,8685,0.98898,0.0,0.863781222,112.85
2030,8686,0.988843,0.0,0.830105772,107.22
2030,8687,0.987838,0.0,0.793662015,98.002
2030,8688,0.98625,0.0,0.766604007,76.482
2030,8689,0.983057,0.0,0.739382089,105.89
2030,8690,0.979946,0.0,0.724381046,98.24
2030,8691,0.980143,0.0,0.719111528,90.739
2030,8692,0.983638,0.0,0.718144812,92.421
2030,8693,0.988321,0.0,0.718165329,96.544
2030,8694,0.989019,0.0,0.715044996,89.152
2030,8695,0.987515,0.0,0.740683743,91.004
2030,8696,0.983338,0.0,0.785632015,106.3
2030,8697,0.980956,0.009819999999999999,0.819701572,118.17
2030,8698,0.981343,0.03813444444444444,0.825332363,100.27
2030,8699,0.985089,0.042092222222222225,0.809024535,88.252
2030,8700,0.987467,0.05784333333333333,0.79803905,68.347
2030,8701,0.988122,0.09013000000000002,0.786896154,58.445
2030,8702,0.987509,0.07321888888888892,0.7845696,67.514
2030,8703,0.987832,0.03509333333333334,0.793153158,86.682
2030,8704,0.989035,0.0,0.827066562,104.82
2030,8705,0.983954,0.0,0.887640059,133.78
2030,8706,0.966423,0.0,0.889032532,152.88
2030,8707,0.958376,0.0,0.872360374,127.55
2030,8708,0.967401,0.0,0.854995603,111.78
2030,8709,0.969493,0.0,0.834012797,106.88
2030,8710,0.96469,0.0,0.809342866,99.954
2030,8711,0.963318,0.0,0.786560018,93.663
2030,8712,0.966557,0.0,0.760280553,76.708
2030,8713,0.965792,0.0,0.746126529,33.602
2030,8714,0.961554,0.0,0.733343057,41.757
2030,8715,0.963348,0.0,0.727784149,49.043
2030,8716,0.9726,0.0,0.724678602,68.334
2030,8717,0.983812,0.0,0.718479029,87.864
2030,8718,0.989012,0.0,0.704533556,100.38
2030,8719,0.986188,0.0,0.719027403,120.14
2030,8720,0.974552,0.0,0.754681798,151.06
2030,8721,0.952759,0.026425555555555556,0.788608539,150.59
2030,8722,0.926037,0.08903666666666665,0.797127142,100.38
2030,8723,0.896161,0.11900111111111109,0.782159226,83.321
2030,8724,0.863942,0.13634444444444443,0.775337998,65.183
2030,8725,0.816607,0.14584111111111112,0.764386892,59.506
2030,8726,0.716521,0.10775333333333333,0.760382144,71.641
2030,8727,0.617182,0.055077777777777774,0.76921085,88.173
2030,8728,0.553353,0.003563333333333333,0.80984695,108.48
2030,8729,0.43316,0.0,0.882255048,153.76
2030,8730,0.344945,0.0,0.891534931,128.55
2030,8731,0.353175,0.0,0.88544126,110.92
2030,8732,0.324948,0.0,0.874345708,93.634
2030,8733,0.350961,0.0,0.853786397,74.139
2030,8734,0.431304,0.0,0.826673112,66.064
2030,8735,0.5397,0.0,0.798626769,53.027
2030,8736,0.676666,0.0,0.774835547,47.347
2030,8737,0.752705,0.0,0.763496991,52.128
2030,8738,0.766357,0.0,0.756433184,60.479
2030,8739,0.739008,0.0,0.75841405,74.885
2030,8740,0.635348,0.0,0.766347555,93.478
2030,8741,0.462569,0.0,0.787989562,104.71
2030,8742,0.442708,0.0,0.821520175,116.93
2030,8743,0.583465,0.0,0.872364433,116.31
2030,8744,0.767809,0.0,0.913587145,159.55
2030,8745,0.827121,0.007042222222222222,0.935250732,154.16
2030,8746,0.818982,0.030553333333333335,0.93498567,126.15
2030,8747,0.77436,0.05147555555555556,0.915248848,105.84
2030,8748,0.735589,0.054293333333333325,0.906827223,89.842
2030,8749,0.736904,0.04210777777777778,0.899133472,83.169
2030,8750,0.746716,0.04010777777777778,0.891961975,95.241
2030,8751,0.755137,0.022115555555555555,0.901443671,112.09
2030,8752,0.735237,0.0,0.930059009,129.36
2030,8753,0.740557,0.0,0.972899627,157.44
2030,8754,0.772827,0.0,0.962699312,139.6
2030,8755,0.793022,0.0,0.943540696,114.35
2030,8756,0.785273,0.0,0.916968786,108.14
2030,8757,0.797071,0.0,0.87944482,101.13
2030,8758,0.86879,0.0,0.840500685,94.282
2030,8759,0.916507,0.0,0.805736336,88.878
2030,8760,0.940801,0.0,0.774246038,86.855
